signal_id,holding_days,entry_date,exit_date,entry_price,exit_price,size,pnl,return_pct,exit_reason
S1_rsi_oversold,1,2000-10-11,2000-10-12,1364.5899658203125,1329.780029296875,73.20887768659925,-2745.6481886375896,-2.745648188637595,time_stop
S1_rsi_oversold,1,2001-02-23,2001-02-26,1245.8599853515625,1267.6500244140625,80.1856557516049,1545.7011227083815,1.5457011227083761,time_stop
S1_rsi_oversold,1,2001-03-13,2001-03-14,1197.6600341796875,1166.7099609375,83.41273570886452,-2778.8488490412433,-2.7788488490412377,time_stop
S1_rsi_oversold,1,2001-03-15,2001-03-16,1173.56005859375,1150.530029296875,85.12568161173438,-2158.286694293466,-2.1582866942934653,time_stop
S1_rsi_oversold,1,2001-03-19,2001-03-20,1170.81005859375,1142.6199951171875,85.32562490972197,-2602.729647400232,-2.602729647400237,time_stop
S1_rsi_oversold,1,2001-03-21,2001-03-22,1122.1400146484375,1117.5799560546875,89.0264125652789,-605.359891831527,-0.605359891831525,time_stop
S1_rsi_oversold,1,2001-09-07,2001-09-10,1085.780029296875,1092.5400390625,92.00767853944856,421.55063283353525,0.4215506328335339,time_stop
S1_rsi_oversold,1,2001-09-27,2001-09-28,1018.6099853515625,1040.93994140625,98.07492694627419,1988.0186001680172,1.9880186001680178,time_stop
S1_rsi_oversold,1,2002-04-30,2002-05-01,1076.9200439453125,1086.4599609375,92.76463973510458,684.2817961200143,0.684281796120012,time_stop
S1_rsi_oversold,1,2002-05-08,2002-05-09,1088.8499755859375,1073.010009765625,91.74826848514292,-1651.6363472408243,-1.6516363472408258,time_stop
S1_rsi_oversold,1,2002-06-27,2002-06-28,990.6400146484375,989.8200073242188,100.84399824647996,-282.4103241486324,-0.28241032414862977,time_stop
S1_rsi_oversold,1,2002-07-03,2002-07-05,953.989990234375,989.030029296875,104.71818459600041,3465.8597497189576,3.465859749718958,time_stop
S1_rsi_oversold,1,2002-07-17,2002-07-18,906.0399780273438,881.5599975585938,110.26014560373514,-2896.267244450298,-2.8962672444503013,time_stop
S1_rsi_oversold,1,2002-07-19,2002-07-22,847.75,819.8499755859375,117.84146257752865,-3484.29210301917,-3.484292103019171,time_stop
S1_rsi_oversold,1,2002-09-25,2002-09-26,839.6599731445312,854.9500122070312,118.9768514580652,1617.541345820562,1.6175413458205723,time_stop
S1_rsi_oversold,1,2004-08-09,2004-08-10,1065.219970703125,1079.0400390625,93.78354015852553,1094.9986412388498,1.0949986412388535,time_stop
S1_rsi_oversold,1,2005-10-13,2005-10-14,1176.8399658203125,1186.5699462890625,84.88843241354816,625.3366268170456,0.6253366268170524,time_stop
S1_rsi_oversold,1,2006-05-19,2006-05-22,1267.030029296875,1262.0699462890625,78.84588177877554,-590.4912361286516,-0.5904912361286541,time_stop
S1_rsi_oversold,1,2006-05-24,2006-05-25,1258.5699462890625,1272.8800048828125,79.37588228183809,934.9374530571374,0.9349374530571275,time_stop
S1_rsi_oversold,1,2006-06-14,2006-06-15,1230.0400390625,1256.1600341796875,81.21694963380283,1919.4647417397496,1.9194647417397404,time_stop
S1_rsi_oversold,1,2007-02-28,2007-03-01,1406.8199462890625,1403.1700439453125,71.01129050922144,-458.7252911868335,-0.45872529118683447,time_stop
S1_rsi_oversold,1,2007-03-05,2007-03-06,1374.1199951171875,1395.4100341796875,72.7011471014802,1346.4622516172078,1.3464622516172087,time_stop
S1_rsi_oversold,1,2008-01-18,2008-01-22,1325.18994140625,1310.5,75.38549514953989,-1306.1012979214452,-1.306101297921447,time_stop
S1_rsi_oversold,1,2008-06-27,2008-06-30,1278.3800048828125,1280.0,78.14585609797427,-73.33089039833231,-0.07333089039833762,time_stop
S1_rsi_oversold,1,2008-07-03,2008-07-07,1262.9000244140625,1252.31005859375,79.10372790312499,-1036.6682687788382,-1.0366682687788398,time_stop
S1_rsi_oversold,1,2008-07-10,2008-07-11,1253.3900146484375,1239.489990234375,79.70392194972194,-1306.5787743368733,-1.306578774336875,time_stop
S1_rsi_oversold,1,2008-07-15,2008-07-16,1214.9100341796875,1245.3599853515625,82.2283931234076,2301.5465051937576,2.3015465051937634,time_stop
S1_rsi_oversold,1,2008-10-08,2008-10-09,984.9400024414062,909.9199829101562,101.42759929790031,-7801.291579656132,-7.801291579656134,time_stop
S1_rsi_oversold,1,2009-02-24,2009-02-25,773.1400146484375,764.9000244140625,129.21346458251358,-1263.4531684235446,-1.263453168423545,time_stop
S1_rsi_oversold,1,2009-03-03,2009-03-04,696.3300170898438,712.8699951171875,143.46659981370635,2170.7612743676573,2.1707612743676608,time_stop
S1_rsi_oversold,1,2009-03-06,2009-03-09,683.3800048828125,676.530029296875,146.1852837166797,-1200.16445865831,-1.200164458658315,time_stop
S1_rsi_oversold,1,2010-05-21,2010-05-24,1087.68994140625,1073.6500244140625,91.84611909800445,-1488.022576102545,-1.4880225761025434,time_stop
S1_rsi_oversold,1,2011-08-05,2011-08-08,1199.3800048828125,1119.4599609375,83.29311768863516,-6849.93303619198,-6.849933036191979,time_stop
S1_rsi_oversold,1,2011-08-11,2011-08-12,1172.6400146484375,1178.81005859375,85.1924705384119,325.3154459445112,0.32531544594451844,time_stop
S1_rsi_oversold,1,2012-05-17,2012-05-18,1304.8599853515625,1295.219970703125,76.56001488403699,-937.1018251019295,-0.937101825101927,time_stop
S1_rsi_oversold,1,2012-06-04,2012-06-05,1278.1800537109375,1285.5,78.15808078843052,371.7406406739149,0.3717406406739121,time_stop
S1_rsi_oversold,1,2012-11-15,2012-11-16,1353.3299560546875,1359.8800048828125,73.81799202268083,283.22774089037193,0.2832277408903794,time_stop
S1_rsi_oversold,1,2014-10-16,2014-10-17,1862.760009765625,1886.760009765625,53.63015062400308,1086.0362915609103,1.0860362915609212,time_stop
S1_rsi_oversold,1,2015-08-24,2015-08-25,1893.2099609375,1867.6099853515625,52.76757568433155,-1549.2980003989373,-1.5492980003989354,time_stop
S1_rsi_oversold,1,2016-01-11,2016-01-12,1923.6700439453125,1938.6800537109375,51.932034921753946,578.920651172796,0.5789206511727985,time_stop
S1_rsi_oversold,1,2016-01-14,2016-01-15,1921.8399658203125,1880.3299560546875,51.981487364614594,-2355.3944958889165,-2.3553944958889184,time_stop
S1_rsi_oversold,1,2016-01-21,2016-01-22,1868.989990234375,1906.9000244140625,53.45138305827536,1824.5172151319098,1.8245172151319045,time_stop
S1_rsi_oversold,1,2016-11-04,2016-11-07,2085.179931640625,2131.52001953125,47.90958247017956,2018.113928408595,2.0181139284086047,time_stop
S1_rsi_oversold,1,2018-02-06,2018-02-07,2695.139892578125,2681.659912109375,37.06675864032318,-698.9597231291107,-0.6989597231291111,time_stop
S1_rsi_oversold,1,2018-02-09,2018-02-12,2619.550048828125,2656.0,38.13635854935887,1188.8781387900606,1.1888781387900504,time_stop
S1_rsi_oversold,1,2018-03-26,2018-03-27,2658.550048828125,2612.6201171875,37.57691149885832,-1923.9792712321482,-1.9239792712321457,time_stop
S1_rsi_oversold,1,2018-10-11,2018-10-12,2728.3701171875,2767.1298828125,36.6153034996148,1217.981181551179,1.2179811815511865,time_stop
S1_rsi_oversold,1,2018-10-25,2018-10-26,2705.570068359375,2658.68994140625,36.92386350233322,-1929.0646129808472,-1.9290646129808464,time_stop
S1_rsi_oversold,1,2018-10-30,2018-10-31,2682.6298828125,2711.739990234375,37.239613462951326,883.164899307163,0.8831648993071539,time_stop
S1_rsi_oversold,1,2018-12-20,2018-12-21,2467.419921875,2416.6201171875,40.487676627084014,-2254.5094986418103,-2.25450949864181,time_stop
S1_rsi_oversold,1,2019-06-04,2019-06-05,2803.27001953125,2826.14990234375,35.63698794767004,614.7545381249462,0.6147545381249397,time_stop
S1_rsi_oversold,1,2019-08-06,2019-08-07,2881.77001953125,2883.97998046875,34.666229165764484,-123.26579850572897,-0.12326579850573394,time_stop
S1_rsi_oversold,1,2020-02-26,2020-02-27,3116.389892578125,2978.760009765625,32.056354738544805,-4607.300633515983,-4.607300633515987,time_stop
S1_rsi_oversold,1,2020-03-10,2020-03-11,2882.22998046875,2741.3798828125,34.66069695238293,-5076.880787826428,-5.076880787826433,time_stop
S1_rsi_oversold,1,2020-03-13,2020-03-16,2711.02001953125,2386.1298828125,36.849635628058984,-12159.91127387916,-12.159911273879153,time_stop
S1_rsi_oversold,1,2022-01-24,2022-01-25,4410.1298828125,4356.4501953125,22.65241672120323,-1414.558875863432,-1.4145588758634364,time_stop
S1_rsi_oversold,1,2022-09-26,2022-09-27,3655.0400390625,3647.2900390625,27.332149260319405,-411.4125324108987,-0.41141253241090414,time_stop
S1_rsi_oversold,1,2022-10-03,2022-10-04,3678.429931640625,3790.929931640625,27.158353361795108,2852.4592386485624,2.8524592386485637,time_stop
S1_rsi_oversold,1,2023-10-04,2023-10-05,4263.75,4258.18994140625,23.430102585775412,-329.94267029143094,-0.32994267029142765,time_stop
S1_rsi_oversold,1,2023-10-30,2023-10-31,4166.81982421875,4193.7998046875,23.975142702223867,446.4018331594459,0.4464018331594488,time_stop
S1_rsi_oversold,1,2025-03-11,2025-03-12,5572.06982421875,5599.2998046875,17.928723625445006,287.9103955561352,0.2879103955561346,time_stop
S1_rsi_oversold,1,2025-03-14,2025-03-17,5638.93994140625,5675.1201171875,17.716113478446914,440.53092791078467,0.4405309279107872,time_stop
S1_rsi_oversold,1,2025-04-07,2025-04-08,5062.25,4982.77001953125,19.73432760138277,-1766.715688149671,-1.766715688149667,time_stop
S1_rsi_oversold,1,2026-03-23,2026-03-24,6581.0,6556.3701171875,15.180079000167135,-573.3098830919415,-0.5733098830919436,time_stop
S1_rsi_oversold,1,2026-03-30,2026-03-31,6343.72021484375,6528.52001953125,15.747872938397002,2707.4934396158787,2.707493439615871,time_stop
S1_rsi_oversold,5,2000-10-11,2000-10-18,1364.5899658203125,1342.1300048828125,73.20887768659925,-1842.4244643863085,-1.8424244643863052,time_stop
S1_rsi_oversold,5,2001-02-23,2001-03-02,1245.8599853515625,1234.1800537109375,80.1856557516049,-1135.4266145598954,-1.135426614559898,time_stop
S1_rsi_oversold,5,2001-03-13,2001-03-20,1197.6600341796875,1142.6199951171875,83.41273570886452,-4786.249391294356,-4.786249391294362,time_stop
S1_rsi_oversold,5,2001-03-21,2001-03-28,1122.1400146484375,1153.2900390625,89.0264125652789,2570.6015501797456,2.570601550179741,time_stop
S1_rsi_oversold,5,2001-09-07,2001-09-20,1085.780029296875,984.5399780273438,92.00767853944856,-9505.347430231986,-9.50534743023198,time_stop
S1_rsi_oversold,5,2001-09-27,2001-10-04,1018.6099853515625,1069.6300048828125,98.07492694627419,4798.980703836316,4.798980703836309,time_stop
S1_rsi_oversold,5,2002-04-30,2002-05-07,1076.9200439453125,1049.489990234375,92.76463973510458,-2741.794711159465,-2.741794711159462,time_stop
S1_rsi_oversold,5,2002-05-08,2002-05-15,1088.8499755859375,1091.0699462890625,91.74826848514292,3.6745898311740737,0.0036745898311707492,time_stop
S1_rsi_oversold,5,2002-06-27,2002-07-05,990.6400146484375,989.030029296875,100.84399824647996,-361.99520241003916,-0.361995202410037,time_stop
S1_rsi_oversold,5,2002-07-17,2002-07-24,906.0399780273438,843.4299926757812,110.26014560373514,-7096.282914810079,-7.096282914810081,time_stop
S1_rsi_oversold,5,2002-09-25,2002-10-02,839.6599731445312,827.9099731445312,118.9768514580652,-1596.3802264278202,-1.5963802264278182,time_stop
S1_rsi_oversold,5,2004-08-09,2004-08-16,1065.219970703125,1079.3399658203125,93.78354015852553,1123.0987061816343,1.1230987061816355,time_stop
S1_rsi_oversold,5,2005-10-13,2005-10-20,1176.8399658203125,1177.800048828125,84.88843241354816,-118.38175822162417,-0.11838175822161956,time_stop
S1_rsi_oversold,5,2006-05-19,2006-05-26,1267.030029296875,1280.1600341796875,78.84588177877554,834.4113661320328,0.8344113661320263,time_stop
S1_rsi_oversold,5,2006-06-14,2006-06-21,1230.0400390625,1252.199951171875,81.21694963380283,1598.160505410751,1.5981605054107506,time_stop
S1_rsi_oversold,5,2007-02-28,2007-03-07,1406.8199462890625,1391.969970703125,71.01129050922144,-1253.2616142576408,-1.2532616142576392,time_stop
S1_rsi_oversold,5,2008-01-18,2008-01-28,1325.18994140625,1353.9599609375,75.38549514953989,1966.8731258571993,1.9668731258571936,time_stop
S1_rsi_oversold,5,2008-06-27,2008-07-07,1278.3800048828125,1252.31005859375,78.14585609797427,-2235.0212127159975,-2.235021212715993,time_stop
S1_rsi_oversold,5,2008-07-10,2008-07-17,1253.3900146484375,1260.3199462890625,79.70392194972194,351.9901880704923,0.35199018807048343,time_stop
S1_rsi_oversold,5,2008-10-08,2008-10-15,984.9400024414062,907.8400268554688,101.42759929790031,-8012.045563978947,-8.012045563978942,time_stop
S1_rsi_oversold,5,2009-02-24,2009-03-03,773.1400146484375,696.3300170898438,129.21346458251358,-10114.761213021375,-10.114761213021373,time_stop
S1_rsi_oversold,5,2009-03-06,2009-03-13,683.3800048828125,756.5499877929688,146.1852837166797,10485.878136754338,10.485878136754344,time_stop
S1_rsi_oversold,5,2010-05-21,2010-05-28,1087.68994140625,1089.4100341796875,91.84611909800445,-41.97433791716417,-0.0419743379171611,time_stop
S1_rsi_oversold,5,2011-08-05,2011-08-12,1199.3800048828125,1178.81005859375,83.29311768863516,-1911.4218219468773,-1.9114218219468793,time_stop
S1_rsi_oversold,5,2012-05-17,2012-05-24,1304.8599853515625,1320.6800537109375,76.56001488403699,1010.1732845909845,1.0101732845909872,time_stop
S1_rsi_oversold,5,2012-06-04,2012-06-11,1278.1800537109375,1308.9300537109375,78.15808078843052,2201.1574234598065,2.2011574234598097,time_stop
S1_rsi_oversold,5,2012-11-15,2012-11-23,1353.3299560546875,1409.1500244140625,73.81799202268083,3916.604635696805,3.9166046356968076,time_stop
S1_rsi_oversold,5,2014-10-16,2014-10-23,1862.760009765625,1950.8199462890625,53.63015062400308,4518.144792232217,4.518144792232226,time_stop
S1_rsi_oversold,5,2015-08-24,2015-08-31,1893.2099609375,1972.1800537109375,52.76757568433155,3963.0930870736356,3.9630930870736325,time_stop
S1_rsi_oversold,5,2016-01-11,2016-01-19,1923.6700439453125,1881.3299560546875,51.932034921753946,-2396.408315803334,-2.3964083158033334,time_stop
S1_rsi_oversold,5,2016-01-21,2016-01-28,1868.989990234375,1893.3599853515625,53.45138305827536,1101.5071343927639,1.1015071343927652,time_stop
S1_rsi_oversold,5,2016-11-04,2016-11-11,2085.179931640625,2164.449951171875,47.90958247017956,3594.19554480683,3.594195544806822,time_stop
S1_rsi_oversold,5,2018-02-06,2018-02-13,2695.139892578125,2662.93994140625,37.06675864032318,-1392.1544702999665,-1.3921544702999666,time_stop
S1_rsi_oversold,5,2018-03-26,2018-04-03,2658.550048828125,2614.449951171875,37.57691149885832,-1855.2885210533836,-1.8552885210533887,time_stop
S1_rsi_oversold,5,2018-10-11,2018-10-18,2728.3701171875,2768.780029296875,36.6153034996148,1278.3413752810511,1.2783413752810446,time_stop
S1_rsi_oversold,5,2018-10-25,2018-11-01,2705.570068359375,2740.3701171875,36.92386350233322,1083.867100751227,1.0838671007512346,time_stop
S1_rsi_oversold,5,2018-12-20,2018-12-28,2467.419921875,2485.739990234375,40.487676627084014,541.1950667167359,0.5411950667167265,time_stop
S1_rsi_oversold,5,2019-06-04,2019-06-11,2803.27001953125,2885.719970703125,35.63698794767004,2735.52944848171,2.7355294484816994,time_stop
S1_rsi_oversold,5,2019-08-06,2019-08-13,2881.77001953125,2926.320068359375,34.666229165764484,1343.0376200195658,1.3430376200195715,time_stop
S1_rsi_oversold,5,2020-02-26,2020-03-04,3116.389892578125,3130.1201171875,32.056354738544805,239.90060996711892,0.23990060996712526,time_stop
S1_rsi_oversold,5,2020-03-10,2020-03-17,2882.22998046875,2529.18994140625,34.66069695238293,-12424.177391996933,-12.424177391996938,time_stop
S1_rsi_oversold,5,2022-01-24,2022-01-31,4410.1298828125,4515.5498046875,22.65241672120323,2185.8277852279657,2.185827785227956,time_stop
S1_rsi_oversold,5,2022-09-26,2022-10-03,3655.0400390625,3678.429931640625,27.332149260319405,438.85653929283916,0.4388565392928312,time_stop
S1_rsi_oversold,5,2023-10-04,2023-10-11,4263.75,4376.9501953125,23.430102585775412,2449.839696912596,2.4498396969125924,time_stop
S1_rsi_oversold,5,2023-10-30,2023-11-06,4166.81982421875,4365.97998046875,23.975142702223867,4570.318073724055,4.570318073724056,time_stop
S1_rsi_oversold,5,2025-03-11,2025-03-18,5572.06982421875,5614.66015625,17.928723625445006,563.0265020119277,0.5630265020119207,time_stop
S1_rsi_oversold,5,2025-04-07,2025-04-14,5062.25,5405.97021484375,19.73432760138277,6576.504035821114,6.576504035821107,time_stop
S1_rsi_oversold,5,2026-03-23,2026-03-30,6581.0,6343.72021484375,15.180079000167135,-3798.1241577309283,-3.798124157730931,time_stop
S1_rsi_oversold,10,2000-10-11,2000-10-25,1364.5899658203125,1364.9000244140625,73.20887768659925,-177.1238571763329,-0.17712385717633117,time_stop
S1_rsi_oversold,10,2001-02-23,2001-03-09,1245.8599853515625,1233.4200439453125,80.1856557516049,-1196.307554112709,-1.1963075541127077,time_stop
S1_rsi_oversold,10,2001-03-13,2001-03-27,1197.6600341796875,1182.1700439453125,83.41273570886452,-1490.570598891442,-1.4905705988914386,time_stop
S1_rsi_oversold,10,2001-09-07,2001-09-27,1085.780029296875,1018.6099853515625,92.00767853944856,-6373.779850790331,-6.373779850790329,time_stop
S1_rsi_oversold,10,2002-04-30,2002-05-14,1076.9200439453125,1097.280029296875,92.76463973510458,1686.9978196433706,1.6869978196433655,time_stop
S1_rsi_oversold,10,2002-06-27,2002-07-12,990.6400146484375,921.3900146484375,100.84399824647996,-7176.263631490352,-7.176263631490354,time_stop
S1_rsi_oversold,10,2002-07-17,2002-07-31,906.0399780273438,911.6199951171875,110.26014560373514,414.8380435005099,0.41483804350050946,time_stop
S1_rsi_oversold,10,2002-09-25,2002-10-09,839.6599731445312,776.760009765625,118.9768514580652,-7675.9561598504115,-7.675956159850417,time_stop
S1_rsi_oversold,10,2004-08-09,2004-08-23,1065.219970703125,1095.6800537109375,93.78354015852553,2653.997563777006,2.6539975637769997,time_stop
S1_rsi_oversold,10,2005-10-13,2005-10-27,1176.8399658203125,1178.9000244140625,84.88843241354816,-25.099930241398447,-0.025099930241401225,time_stop
S1_rsi_oversold,10,2006-05-19,2006-06-05,1267.030029296875,1265.2900390625,78.84588177877554,-336.85407305162863,-0.33685407305162895,time_stop
S1_rsi_oversold,10,2006-06-14,2006-06-28,1230.0400390625,1246.0,81.21694963380283,1095.1229244745916,1.0951229244746008,time_stop
S1_rsi_oversold,10,2007-02-28,2007-03-14,1406.8199462890625,1387.1700439453125,71.01129050922144,-1593.7697586862396,-1.5937697586862365,time_stop
S1_rsi_oversold,10,2008-01-18,2008-02-04,1325.18994140625,1380.8199462890625,75.38549514953989,3989.7015679987026,3.9897015679986936,time_stop
S1_rsi_oversold,10,2008-06-27,2008-07-14,1278.3800048828125,1228.300048828125,78.14585609797427,-4109.427698003417,-4.109427698003421,time_stop
S1_rsi_oversold,10,2008-07-15,2008-07-29,1214.9100341796875,1263.199951171875,82.2283931234076,3767.0312762517924,3.7670312762517977,time_stop
S1_rsi_oversold,10,2008-10-08,2008-10-22,984.9400024414062,896.780029296875,101.42759929790031,-9132.712775587139,-9.132712775587137,time_stop
S1_rsi_oversold,10,2009-02-24,2009-03-10,773.1400146484375,719.5999755859375,129.21346458251358,-7110.976047007783,-7.110976047007778,time_stop
S1_rsi_oversold,10,2010-05-21,2010-06-07,1087.68994140625,1050.469970703125,91.84611909800445,-3614.8915519616094,-3.6148915519616076,time_stop
S1_rsi_oversold,10,2011-08-05,2011-08-19,1199.3800048828125,1123.530029296875,83.29311768863516,-6511.263362016628,-6.511263362016628,time_stop
S1_rsi_oversold,10,2012-05-17,2012-06-01,1304.8599853515625,1278.0400390625,76.56001488403699,-2251.0823513928053,-2.251082351392808,time_stop
S1_rsi_oversold,10,2012-06-04,2012-06-18,1278.1800537109375,1344.780029296875,78.15808078843052,5000.320746280679,5.000320746280673,time_stop
S1_rsi_oversold,10,2012-11-15,2012-11-30,1353.3299560546875,1416.1800537109375,73.81799202268083,4435.028339606182,4.435028339606184,time_stop
S1_rsi_oversold,10,2014-10-16,2014-10-30,1862.760009765625,1994.6500244140625,53.63015062400308,6866.407870246085,6.866407870246083,time_stop
S1_rsi_oversold,10,2015-08-24,2015-09-08,1893.2099609375,1969.4100341796875,52.76757568433155,3817.072039026586,3.817072039026592,time_stop
S1_rsi_oversold,10,2016-01-11,2016-01-26,1923.6700439453125,1903.6300048828125,51.932034921753946,-1239.4794882188276,-1.239479488218831,time_stop
S1_rsi_oversold,10,2016-11-04,2016-11-18,2085.179931640625,2181.89990234375,47.90958247017956,4429.379399701595,4.429379399701605,time_stop
S1_rsi_oversold,10,2018-02-06,2018-02-21,2695.139892578125,2701.330078125,37.06675864032318,29.420463691031173,0.02942046369103224,time_stop
S1_rsi_oversold,10,2018-03-26,2018-04-10,2658.550048828125,2656.8701171875,37.57691149885832,-262.863715741489,-0.26286371574149037,time_stop
S1_rsi_oversold,10,2018-10-11,2018-10-25,2728.3701171875,2705.570068359375,36.6153034996148,-1033.7960767403833,-1.0337960767403787,time_stop
S1_rsi_oversold,10,2018-10-30,2018-11-13,2682.6298828125,2722.179931640625,37.239613462951326,1271.5555024692278,1.2715555024692238,time_stop
S1_rsi_oversold,10,2018-12-20,2019-01-07,2467.419921875,2549.68994140625,40.487676627084014,3127.7908251380654,3.127790825138055,time_stop
S1_rsi_oversold,10,2019-06-04,2019-06-18,2803.27001953125,2917.75,35.63698794767004,3875.841762729944,3.875841762729948,time_stop
S1_rsi_oversold,10,2019-08-06,2019-08-20,2881.77001953125,2900.510009765625,34.666229165764484,449.1949514328149,0.4491949514328075,time_stop
S1_rsi_oversold,10,2020-02-26,2020-03-11,3116.389892578125,2741.3798828125,32.056354738544805,-12209.232649448666,-12.209232649448666,time_stop
S1_rsi_oversold,10,2020-03-13,2020-03-27,2711.02001953125,2541.469970703125,36.849635628058984,-6441.409862316171,-6.441409862316172,time_stop
S1_rsi_oversold,10,2022-01-24,2022-02-07,4410.1298828125,4483.8701171875,22.65241672120323,1468.923923863329,1.46892392386333,time_stop
S1_rsi_oversold,10,2022-09-26,2022-10-10,3655.0400390625,3612.389892578125,27.332149260319405,-1364.3546493159213,-1.3643546493159242,time_stop
S1_rsi_oversold,10,2023-10-04,2023-10-18,4263.75,4314.60009765625,23.430102585775412,990.431381777862,0.9904313817778565,time_stop
S1_rsi_oversold,10,2023-10-30,2023-11-13,4166.81982421875,4411.5498046875,23.975142702223867,5661.768569245289,5.661768569245296,time_stop
S1_rsi_oversold,10,2025-03-11,2025-03-25,5572.06982421875,5776.64990234375,17.928723625445006,3464.3916204949032,3.4643916204949,time_stop
S1_rsi_oversold,10,2025-04-07,2025-04-22,5062.25,5287.759765625,19.73432760138277,4246.033108762457,4.246033108762459,time_stop
S1_rsi_oversold,10,2026-03-23,2026-04-07,6581.0,6616.85009765625,15.180079000167135,343.8629074708054,0.3438629074708155,time_stop
S1_rsi_oversold,20,2000-10-11,2000-11-08,1364.5899658203125,1409.280029296875,73.20887768659925,3068.637481670962,3.068637481670966,time_stop
S1_rsi_oversold,20,2001-02-23,2001-03-23,1245.8599853515625,1139.8299560546875,80.1856557516049,-8693.385540903457,-8.693385540903453,time_stop
S1_rsi_oversold,20,2001-09-07,2001-10-11,1085.780029296875,1097.4300537109375,92.00767853944856,871.0196097643367,0.8710196097643452,time_stop
S1_rsi_oversold,20,2002-04-30,2002-05-29,1076.9200439453125,1067.6600341796875,92.76463973510458,-1057.9426681820846,-1.057942668182088,time_stop
S1_rsi_oversold,20,2002-06-27,2002-07-26,990.6400146484375,852.8400268554688,100.84399824647996,-14082.205625431927,-14.082205625431932,time_stop
S1_rsi_oversold,20,2002-09-25,2002-10-23,839.6599731445312,896.1400146484375,118.9768514580652,6513.297491047062,6.513297491047054,time_stop
S1_rsi_oversold,20,2004-08-09,2004-09-07,1065.219970703125,1121.300048828125,93.78354015852553,5054.328670870067,5.054328670870056,time_stop
S1_rsi_oversold,20,2005-10-13,2005-11-10,1176.8399658203125,1230.9599609375,84.88843241354816,4389.767186379014,4.389767186379023,time_stop
S1_rsi_oversold,20,2006-05-19,2006-06-19,1267.030029296875,1240.1300048828125,78.84588177877554,-2318.6353884527434,-2.318635388452739,time_stop
S1_rsi_oversold,20,2007-02-28,2007-03-28,1406.8199462890625,1417.22998046875,71.01129050922144,538.6905315831806,0.5386905315831747,time_stop
S1_rsi_oversold,20,2008-01-18,2008-02-19,1325.18994140625,1348.780029296875,75.38549514953989,1576.7719059994877,1.5767719059994967,time_stop
S1_rsi_oversold,20,2008-06-27,2008-07-28,1278.3800048828125,1234.3699951171875,78.14585609797427,-3635.5608899251483,-3.635560889925149,time_stop
S1_rsi_oversold,20,2008-10-08,2008-11-05,984.9400024414062,952.77001953125,101.42759929790031,-3459.4614116957837,-3.4594614116957856,time_stop
S1_rsi_oversold,20,2009-02-24,2009-03-24,773.1400146484375,806.1199951171875,129.21346458251358,4057.3958808923953,4.0573958808924,time_stop
S1_rsi_oversold,20,2010-05-21,2010-06-21,1087.68994140625,1113.199951171875,91.84611909800445,2140.8521999295317,2.1408521999295216,time_stop
S1_rsi_oversold,20,2011-08-05,2011-09-02,1199.3800048828125,1173.969970703125,83.29311768863516,-2314.1646862337425,-2.314164686233744,time_stop
S1_rsi_oversold,20,2012-05-17,2012-06-15,1304.8599853515625,1342.8399658203125,76.56001488403699,2705.0399223127633,2.7050399223127686,time_stop
S1_rsi_oversold,20,2012-11-15,2012-12-14,1353.3299560546875,1413.5799560546875,73.81799202268083,4243.286285546966,4.243286285546954,time_stop
S1_rsi_oversold,20,2014-10-16,2014-11-13,1862.760009765625,2039.3299560546875,53.63015062400308,9260.203142539212,9.260203142539215,time_stop
S1_rsi_oversold,20,2015-08-24,2015-09-22,1893.2099609375,1942.739990234375,52.76757568433155,2411.1657902002407,2.4111657902002426,time_stop
S1_rsi_oversold,20,2016-01-11,2016-02-09,1923.6700439453125,1852.2099609375,51.932034921753946,-3907.156658547067,-3.907156658547062,time_stop
S1_rsi_oversold,20,2016-11-04,2016-12-05,2085.179931640625,2204.7099609375,47.90958247017956,5521.106962665145,5.5211069626651454,time_stop
S1_rsi_oversold,20,2018-02-06,2018-03-07,2695.139892578125,2726.800048828125,37.06675864032318,972.565631063246,0.9725656310632491,time_stop
S1_rsi_oversold,20,2018-03-26,2018-04-24,2658.550048828125,2634.56005859375,37.57691149885832,-1100.3684699558712,-1.1003684699558702,time_stop
S1_rsi_oversold,20,2018-10-11,2018-11-08,2728.3701171875,2806.830078125,36.6153034996148,2670.1622472119925,2.6701622472119935,time_stop
S1_rsi_oversold,20,2018-12-20,2019-01-22,2467.419921875,2632.89990234375,40.487676627084014,6493.399837737252,6.493399837737246,time_stop
S1_rsi_oversold,20,2019-06-04,2019-07-02,2803.27001953125,2973.010009765625,35.63698794767004,5843.172764433656,5.843172764433646,time_stop
S1_rsi_oversold,20,2019-08-06,2019-09-04,2881.77001953125,2937.780029296875,34.666229165764484,1739.9139784775643,1.7399139784775697,time_stop
S1_rsi_oversold,20,2020-02-26,2020-03-25,3116.389892578125,2475.56005859375,32.056354738544805,-20721.926016560843,-20.721926016560843,time_stop
S1_rsi_oversold,20,2022-01-24,2022-02-22,4410.1298828125,4304.759765625,22.65241672120323,-2584.3011164889604,-2.584301116488963,time_stop
S1_rsi_oversold,20,2022-09-26,2022-10-24,3655.0400390625,3797.340087890625,27.332149260319405,3685.6766083465495,3.6856766083465553,time_stop
S1_rsi_oversold,20,2023-10-04,2023-11-01,4263.75,4237.85986328125,23.430102585775412,-805.8021505209647,-0.8058021505209623,time_stop
S1_rsi_oversold,20,2025-03-11,2025-04-08,5572.06982421875,4982.77001953125,17.928723625445006,-10754.628137240328,-10.75462813724033,time_stop
S1_rsi_oversold,20,2026-03-23,2026-04-21,6581.0,7064.009765625,15.180079000167135,7124.9940738394835,7.124994073839486,time_stop
S2_rsi_overbought,1,2000-03-24,2000-03-27,1527.4599609375,1523.8599853515625,65.40276174491987,-435.0130969892393,-0.43501309698923407,time_stop
S2_rsi_overbought,1,2001-05-22,2001-05-23,1309.3800048828125,1289.050048828125,76.29572738820066,-1749.3378959777713,-1.7493378959777761,time_stop
S2_rsi_overbought,1,2003-06-05,2003-06-06,990.1400146484375,987.760009765625,100.89492235658285,-439.6904772519889,-0.43969047725198607,time_stop
S2_rsi_overbought,1,2003-06-12,2003-06-13,998.510009765625,988.6099853515625,100.04917218961975,-1189.2989578368797,-1.1892989578368818,time_stop
S2_rsi_overbought,1,2003-06-17,2003-06-18,1011.6599731445312,1010.0900268554688,98.74869279406356,-354.6753134581994,-0.35467531345819703,time_stop
S2_rsi_overbought,1,2003-09-05,2003-09-08,1021.3900146484375,1031.6400146484375,97.80798565422194,801.7291213026274,0.8017291213026301,time_stop
S2_rsi_overbought,1,2003-12-30,2003-12-31,1109.6400146484375,1111.9200439453125,90.02928749983015,5.263943863144114,0.005263943863154097,time_stop
S2_rsi_overbought,1,2004-01-13,2004-01-14,1121.219970703125,1130.52001953125,89.09946532387562,628.0005488936149,0.6280005488936258,time_stop
S2_rsi_overbought,1,2004-01-20,2004-01-21,1138.77001953125,1147.6199951171875,87.72631715508423,575.7991895014507,0.575799189501458,time_stop
S2_rsi_overbought,1,2004-01-27,2004-01-28,1144.050048828125,1128.47998046875,87.32144192680184,-1558.0414190196354,-1.55804141901964,time_stop
S2_rsi_overbought,1,2004-11-05,2004-11-08,1166.1700439453125,1164.8900146484375,85.6651226969647,-309.3444127059117,-0.3093444127059142,time_stop
S2_rsi_overbought,1,2004-11-18,2004-11-19,1183.550048828125,1170.3399658203125,84.4071613186232,-1313.7107816655578,-1.3137107816655558,time_stop
S2_rsi_overbought,1,2005-11-22,2005-11-23,1261.22998046875,1265.6099853515625,79.20847224308046,146.78636188942937,0.14678636188942829,time_stop
S2_rsi_overbought,1,2006-10-05,2006-10-06,1353.219970703125,1349.5899658203125,73.8239917108173,-467.51366872877827,-0.46751366872878064,time_stop
S2_rsi_overbought,1,2006-10-11,2006-10-12,1349.949951171875,1362.8299560546875,74.00281752177393,752.4032945711223,0.7524032945711134,time_stop
S2_rsi_overbought,1,2006-10-13,2006-10-16,1365.6199951171875,1369.06005859375,73.15365933224142,51.6013786139117,0.05160137861390801,time_stop
S2_rsi_overbought,1,2006-10-19,2006-10-20,1366.9599609375,1368.5999755859375,73.08195028008399,-80.06458627346375,-0.08006458627346502,time_stop
S2_rsi_overbought,1,2006-11-17,2006-11-20,1401.199951171875,1400.5,71.29610575317948,-249.65408877947814,-0.24965408877948292,time_stop
S2_rsi_overbought,1,2007-04-23,2007-04-24,1480.9300537109375,1480.4100341796875,67.45767610682806,-234.84442959936666,-0.2348444295993679,time_stop
S2_rsi_overbought,1,2007-04-26,2007-04-27,1494.25,1494.0699462890625,66.856349272277,-211.82589585260394,-0.21182589585260203,time_stop
S2_rsi_overbought,1,2007-05-04,2007-05-07,1505.6199951171875,1509.47998046875,66.351469975214,56.05938665661364,0.05605938665660393,time_stop
S2_rsi_overbought,1,2009-07-24,2009-07-27,979.260009765625,982.1799926757812,102.0159088534718,97.78662590558508,0.09778662590558262,time_stop
S2_rsi_overbought,1,2009-07-31,2009-08-03,987.47998046875,1002.6300048828125,101.16670907361384,1331.345234443068,1.331345234443071,time_stop
S2_rsi_overbought,1,2009-08-10,2009-08-11,1007.0999755859375,994.3499755859375,99.19581205627313,-1463.282056913948,-1.4632820569139504,time_stop
S2_rsi_overbought,1,2009-09-17,2009-09-18,1065.489990234375,1068.300048828125,93.75977326462257,63.406786353500316,0.06340678635350372,time_stop
S2_rsi_overbought,1,2009-09-23,2009-09-24,1060.8699951171875,1050.780029296875,94.16808879495605,-1149.0028443081549,-1.1490028443081557,time_stop
S2_rsi_overbought,1,2010-03-12,2010-03-15,1149.989990234375,1150.510009765625,86.87040821958777,-154.67106514730062,-0.1546710651473049,time_stop
S2_rsi_overbought,1,2010-03-17,2010-03-18,1166.2099609375,1165.8299560546875,85.6621905542563,-232.31969843253438,-0.23231969843253708,time_stop
S2_rsi_overbought,1,2010-03-23,2010-03-24,1174.1700439453125,1167.719970703125,85.08145852914708,-748.0330572262552,-0.7480330572262606,time_stop
S2_rsi_overbought,1,2010-03-30,2010-03-31,1173.27001953125,1169.4300537109375,85.14672516733397,-526.4337536399524,-0.5264337536399544,time_stop
S2_rsi_overbought,1,2010-04-05,2010-04-06,1187.43994140625,1189.43994140625,84.13065487909323,-31.707151351775362,-0.031707151351778595,time_stop
S2_rsi_overbought,1,2010-04-12,2010-04-13,1196.47998046875,1197.300048828125,83.49500328535511,-131.39706105031814,-0.13139706105032012,time_stop
S2_rsi_overbought,1,2010-04-26,2010-04-27,1212.050048828125,1183.7099609375,82.4224214146014,-2533.3230081810652,-2.5333230081810654,time_stop
S2_rsi_overbought,1,2010-10-14,2010-10-15,1173.81005859375,1176.18994140625,85.10755140382969,2.543253000961846,0.0025432530009528165,time_stop
S2_rsi_overbought,1,2010-10-19,2010-10-20,1165.9000244140625,1178.1700439453125,85.68496252524392,850.5046077552533,0.8505046077552425,time_stop
S2_rsi_overbought,1,2010-11-04,2010-11-05,1221.06005859375,1225.8499755859375,81.81423935457457,191.69133207189122,0.19169133207188604,time_stop
S2_rsi_overbought,1,2010-11-11,2010-11-12,1213.5400390625,1199.2099609375,82.32122277339614,-1378.2900839347853,-1.3782900839347856,time_stop
S2_rsi_overbought,1,2010-12-22,2010-12-23,1258.8399658203125,1256.77001953125,79.35885625858792,-363.9045012468947,-0.3639045012468922,time_stop
S2_rsi_overbought,1,2011-01-04,2011-01-05,1270.199951171875,1276.56005859375,78.64911332104288,299.91639274751185,0.29991639274751236,time_stop
S2_rsi_overbought,1,2011-01-12,2011-01-13,1285.9599609375,1283.760009765625,77.68523354900569,-370.5330166631318,-0.37053301666313265,time_stop
S2_rsi_overbought,1,2011-01-27,2011-01-28,1299.5400390625,1276.3399658203125,76.8734297499358,-1981.485931176282,-1.9814859311762856,time_stop
S2_rsi_overbought,1,2011-02-09,2011-02-10,1320.8800048828125,1321.8699951171875,75.63147260220885,-125.00065493188146,-0.12500065493188384,time_stop
S2_rsi_overbought,1,2011-02-14,2011-02-15,1332.3199462890625,1328.010009765625,74.98206431447166,-522.644969454276,-0.5226449694542779,time_stop
S2_rsi_overbought,1,2011-02-17,2011-02-18,1340.4300537109375,1343.010009765625,74.528394542878,-7.712497035896484,-0.007712497035894383,time_stop
S2_rsi_overbought,1,2012-01-26,2012-01-27,1318.4300537109375,1316.3299560546875,75.77201355423801,-358.76969924670567,-0.3587696992467082,time_stop
S2_rsi_overbought,1,2012-02-06,2012-02-07,1344.3299560546875,1347.050048828125,74.3121876070401,2.1337086435690042,0.002133708643570209,time_stop
S2_rsi_overbought,1,2012-02-14,2012-02-15,1350.5,1343.22998046875,73.97267671240274,-737.0452214737178,-0.73704522147372,time_stop
S2_rsi_overbought,1,2012-02-21,2012-02-22,1362.2099609375,1357.6600341796875,73.33678563864463,-533.1435261061092,-0.5331435261061057,time_stop
S2_rsi_overbought,1,2012-02-27,2012-02-28,1367.5899658203125,1372.1800537109375,73.04828376696776,135.16254490676042,0.13516254490675284,time_stop
S2_rsi_overbought,1,2012-03-02,2012-03-05,1369.6300048828125,1364.3299560546875,72.93947967257589,-585.9964207591169,-0.5859964207591162,time_stop
S2_rsi_overbought,1,2012-03-16,2012-03-19,1404.1700439453125,1409.75,71.14530062143291,196.79046351396676,0.1967904635139739,time_stop
S2_rsi_overbought,1,2012-09-14,2012-09-17,1465.77001953125,1461.18994140625,68.15537128535875,-511.644968000395,-0.5116449680003909,time_stop
S2_rsi_overbought,1,2013-01-23,2013-01-24,1494.81005859375,1494.8199462890625,66.83130028846703,-199.1400530731334,-0.19914005307313243,time_stop
S2_rsi_overbought,1,2013-02-04,2013-02-05,1495.7099609375,1511.2900390625,66.79109085927546,839.7696034276547,0.8397696034276647,time_stop
S2_rsi_overbought,1,2013-02-20,2013-02-21,1511.949951171875,1502.4200439453125,66.07368175293753,-828.8465809658761,-0.8288465809658807,time_stop
S2_rsi_overbought,1,2013-03-15,2013-03-18,1560.699951171875,1552.0999755859375,64.00980523199762,-749.7324792937237,-0.7497324792937188,time_stop
S2_rsi_overbought,1,2013-05-15,2013-05-16,1658.780029296875,1650.469970703125,60.22504378862437,-699.7733688521207,-0.699773368852119,time_stop
S2_rsi_overbought,1,2013-05-20,2013-05-21,1666.2900390625,1669.1600341796875,59.95360805031663,-27.90570400036122,-0.02790570400036385,time_stop
S2_rsi_overbought,1,2013-08-05,2013-08-06,1707.1400146484375,1697.3699951171875,58.51898440836031,-770.960088798171,-0.7709600887981671,time_stop
S2_rsi_overbought,1,2013-09-19,2013-09-20,1722.3399658203125,1709.9100341796875,58.00254414494742,-920.0468908455168,-0.9200468908455162,time_stop
S2_rsi_overbought,1,2013-10-30,2013-10-31,1763.31005859375,1756.5400390625,56.65486873010344,-582.971213075547,-0.5829712130755449,time_stop
S2_rsi_overbought,1,2014-01-02,2014-01-03,1831.97998046875,1831.3699951171875,54.531218116553,-233.0301808098947,-0.23303018080989002,time_stop
S2_rsi_overbought,1,2014-06-06,2014-06-09,1949.43994140625,1951.27001953125,51.24553866893476,-106.11064381765331,-0.10611064381765845,time_stop
S2_rsi_overbought,1,2014-06-23,2014-06-24,1962.6099853515625,1949.97998046875,50.901656796678736,-842.0454855115952,-0.8420454855116,time_stop
S2_rsi_overbought,1,2014-07-03,2014-07-07,1985.43994140625,1977.6500244140625,50.316354484811335,-591.3684643615604,-0.5913684643615635,time_stop
S2_rsi_overbought,1,2014-11-19,2014-11-20,2048.719970703125,2052.75,48.76220338976537,-3.483604667478939,-0.0034836046674757704,time_stop
S2_rsi_overbought,1,2014-11-21,2014-11-24,2063.5,2069.409912109375,48.41293913259022,86.02989921471932,0.08602989921471238,time_stop
S2_rsi_overbought,1,2016-04-04,2016-04-05,2066.1298828125,2045.1700439453125,48.35131650296439,-1212.222566915784,-1.2122225669157882,time_stop
S2_rsi_overbought,1,2016-11-28,2016-11-29,2201.719970703125,2204.659912109375,45.373662967773576,-66.5376851985184,-0.06653768519851999,time_stop
S2_rsi_overbought,1,2016-12-08,2016-12-09,2246.18994140625,2259.530029296875,44.475357163052934,392.91166854834745,0.3929116685483569,time_stop
S2_rsi_overbought,1,2016-12-21,2016-12-22,2265.179931640625,2260.9599609375,44.10250086744511,-385.7253501337694,-0.38572535013376985,time_stop
S2_rsi_overbought,1,2017-02-14,2017-02-15,2337.580078125,2349.25,42.73654658292217,298.4332278699793,0.2984332278699764,time_stop
S2_rsi_overbought,1,2017-10-03,2017-10-04,2534.580078125,2537.739990234375,39.414852488702095,-75.37727760158225,-0.07537727760158486,time_stop
S2_rsi_overbought,1,2017-10-25,2017-10-26,2557.14990234375,2560.39990234375,39.06697053955918,-72.95951320087882,-0.07295951320087646,time_stop
S2_rsi_overbought,1,2017-10-30,2017-10-31,2572.830078125,2575.260009765625,38.82887593295864,-105.5430371149965,-0.1055430371149968,time_stop
S2_rsi_overbought,1,2017-11-06,2017-11-07,2591.1298828125,2590.639892578125,38.55464774759379,-218.67270928539494,-0.21867270928539462,time_stop
S2_rsi_overbought,1,2017-11-29,2017-11-30,2626.070068359375,2647.580078125,38.04167341296876,617.6582900468676,0.6176582900468741,time_stop
S2_rsi_overbought,1,2017-12-11,2017-12-12,2659.989990234375,2664.110107421875,37.556569861865384,-45.21746827776208,-0.04521746827775841,time_stop
S2_rsi_overbought,1,2017-12-18,2017-12-19,2690.159912109375,2681.469970703125,37.13537602371283,-522.1817373035844,-0.5221817373035842,time_stop
S2_rsi_overbought,1,2017-12-22,2017-12-26,2683.340087890625,2680.5,37.229757178722515,-305.43024655185496,-0.30543024655185214,time_stop
S2_rsi_overbought,1,2017-12-29,2018-01-02,2673.610107421875,2695.81005859375,37.36524619755877,628.876934669586,0.6288769346695755,time_stop
S2_rsi_overbought,1,2018-01-04,2018-01-05,2723.989990234375,2743.14990234375,36.67418024965077,502.17119639622473,0.5021711963962172,time_stop
S2_rsi_overbought,1,2018-08-30,2018-08-31,2901.1298828125,2901.52001953125,34.43489396732964,-186.37931757381756,-0.18637931757381487,time_stop
S2_rsi_overbought,1,2019-02-21,2019-02-22,2774.8798828125,2792.669921875,36.00159434607506,440.0291001590389,0.44002910015903396,time_stop
S2_rsi_overbought,1,2019-02-26,2019-02-27,2793.89990234375,2792.3798828125,35.75650645762062,-254.0964373968549,-0.2540964373968557,time_stop
S2_rsi_overbought,1,2019-03-22,2019-03-25,2800.7099609375,2798.360107421875,35.66956282279929,-283.5346291525552,-0.2835346291525598,time_stop
S2_rsi_overbought,1,2019-04-09,2019-04-10,2878.199951171875,2888.2099609375,34.709228543842144,147.29207716429013,0.14729207716428494,time_stop
S2_rsi_overbought,1,2019-04-24,2019-04-25,2927.25,2926.169921875,34.12762828596803,-236.62384406522764,-0.2366238440652313,time_stop
S2_rsi_overbought,1,2019-04-29,2019-04-30,2943.030029296875,2945.830078125,33.94464171470491,-104.84859220005396,-0.10484859220005749,time_stop
S2_rsi_overbought,1,2019-07-05,2019-07-08,2990.409912109375,2975.949951171875,33.406824761904424,-682.3785195221345,-0.682378519522131,time_stop
S2_rsi_overbought,1,2019-07-15,2019-07-16,3014.300048828125,3004.0400390625,33.1420556287813,-539.4979763899735,-0.5394979763899688,time_stop
S2_rsi_overbought,1,2019-11-11,2019-11-12,3087.010009765625,3091.840087890625,32.361443462790916,-43.64820793729985,-0.043648207937296846,time_stop
S2_rsi_overbought,1,2019-11-18,2019-11-19,3122.030029296875,3120.179931640625,31.998442988262614,-258.94124393204436,-0.25894124393204265,time_stop
S2_rsi_overbought,1,2019-11-26,2019-11-27,3140.52001953125,3153.6298828125,31.81005033523425,216.8081856535555,0.21680818565354976,time_stop
S2_rsi_overbought,1,2019-12-17,2019-12-18,3192.52001953125,3191.139892578125,31.291925904592446,-242.94384332595428,-0.24294384332594898,time_stop
S2_rsi_overbought,1,2020-01-02,2020-01-03,3257.85009765625,3234.85009765625,30.66442497522205,-904.3766924558741,-0.9043766924558772,time_stop
S2_rsi_overbought,1,2020-01-10,2020-01-13,3265.35009765625,3288.1298828125,30.59399357263547,496.42747625549055,0.4964274762554899,time_stop
S2_rsi_overbought,1,2020-01-14,2020-01-15,3283.14990234375,3289.2900390625,30.428126302970202,-13.154177060149262,-0.013154177060148431,time_stop
S2_rsi_overbought,1,2020-01-16,2020-01-17,3316.81005859375,3329.6201171875,30.119330964178037,185.6443642610212,0.18564436426102837,time_stop
S2_rsi_overbought,1,2020-06-08,2020-06-09,3232.389892578125,3207.179931640625,30.905956032556606,-978.1590061727143,-0.9781590061727186,time_stop
S2_rsi_overbought,1,2020-08-25,2020-08-26,3443.6201171875,3478.72998046875,29.010197553872782,817.7253260084581,0.817725326008456,time_stop
S2_rsi_overbought,1,2021-01-11,2021-01-12,3799.610107421875,3801.18994140625,26.29219764021643,-158.3044297516278,-0.15830442975163228,time_stop
S2_rsi_overbought,1,2021-04-12,2021-04-13,4127.990234375,4141.58984375,24.200662847552817,128.99024198125528,0.12899024198125275,time_stop
S2_rsi_overbought,1,2021-04-16,2021-04-19,4185.47021484375,4163.259765625,23.86830983668327,-729.395957481669,-0.7293959574816711,time_stop
S2_rsi_overbought,1,2021-07-06,2021-07-07,4343.5400390625,4358.1298828125,22.9996958705743,135.42620727997615,0.13542620727997612,time_stop
S2_rsi_overbought,1,2021-07-08,2021-07-09,4320.81982421875,4369.5498046875,23.120635426672276,925.7412448538801,0.9257412448538727,time_stop
S2_rsi_overbought,1,2021-11-03,2021-11-04,4660.56982421875,4680.06005859375,21.435168588391686,217.55848339554288,0.2175584833955524,time_stop
S2_rsi_overbought,1,2022-08-15,2022-08-16,4297.14013671875,4305.2001953125,23.248043284988732,-12.60698932422532,-0.012606989324226436,time_stop
S2_rsi_overbought,1,2023-06-14,2023-06-15,4372.58984375,4425.83984375,22.84689473971427,1015.580347944712,1.0155803479447112,time_stop
S2_rsi_overbought,1,2023-07-14,2023-07-17,4505.419921875,4522.7900390625,22.173316057635077,184.9677454580381,0.1849677454580423,time_stop
S2_rsi_overbought,1,2023-07-18,2023-07-19,4554.97998046875,4565.72021484375,21.932061244716877,35.51972281681712,0.03551972281681248,time_stop
S2_rsi_overbought,1,2023-07-25,2023-07-26,4567.4599609375,4566.75,21.87213478705455,-215.313032757422,-0.21531303275742486,time_stop
S2_rsi_overbought,1,2023-11-21,2023-11-22,4538.18994140625,4556.6201171875,22.013203764041624,205.50130786468074,0.20550130786467502,time_stop
S2_rsi_overbought,1,2023-11-24,2023-11-27,4559.33984375,4550.43017578125,21.911088737340826,-394.8255047582246,-0.39482550475822276,time_stop
S2_rsi_overbought,1,2023-11-29,2023-11-30,4550.580078125,4567.7998046875,21.953267096721937,177.85102750232318,0.17785102750231818,time_stop
S2_rsi_overbought,1,2023-12-01,2023-12-04,4594.6298828125,4569.77978515625,21.742795926567275,-739.5704912932076,-0.7395704912932066,time_stop
S2_rsi_overbought,1,2023-12-12,2023-12-13,4643.7001953125,4707.08984375,21.513038245006058,1162.5400274420765,1.1625400274420716,time_stop
S2_rsi_overbought,1,2023-12-22,2023-12-26,4754.6298828125,4774.75,21.01112018439722,222.52325435018804,0.22252325435019316,time_stop
S2_rsi_overbought,1,2024-01-24,2024-01-25,4868.5498046875,4894.16015625,20.519477854353028,325.1853308869922,0.3251853308869901,time_stop
S2_rsi_overbought,1,2024-02-08,2024-02-09,4997.91015625,5026.60986328125,19.988374495922574,373.28663177164003,0.3732866317716299,time_stop
S2_rsi_overbought,1,2024-03-04,2024-03-05,5130.9501953125,5078.64990234375,19.470097369365618,-1217.073704551544,-1.2170737045515412,time_stop
S2_rsi_overbought,1,2024-06-13,2024-06-14,5433.740234375,5431.60009765625,18.385144594898108,-239.10757610422718,-0.23910757610422495,time_stop
S2_rsi_overbought,1,2024-06-27,2024-06-28,5482.8701171875,5460.47998046875,18.22040241057995,-607.3495435426723,-0.6073495435426679,time_stop
S2_rsi_overbought,1,2024-07-03,2024-07-05,5537.02001953125,5567.18994140625,18.04221396124864,343.9876536770571,0.343987653677047,time_stop
S2_rsi_overbought,1,2024-07-15,2024-07-16,5631.22021484375,5667.2001953125,17.740400142186918,437.8607515728792,0.43786075157288273,time_stop
S2_rsi_overbought,1,2024-12-05,2024-12-06,6075.10986328125,6090.27001953125,16.444163504582697,49.24659224170005,0.04924659224170291,time_stop
S2_rsi_overbought,1,2025-06-30,2025-07-01,6204.9501953125,6198.009765625,16.100064747589588,-311.42982577768413,-0.3114298257776871,time_stop
S2_rsi_overbought,1,2025-07-10,2025-07-11,6280.4599609375,6259.75,15.906494193330955,-528.8936503232551,-0.5288936503232589,time_stop
S2_rsi_overbought,1,2025-07-23,2025-07-24,6358.91015625,6363.35009765625,15.710254972215768,-130.11734085786273,-0.13011734085786042,time_stop
S2_rsi_overbought,1,2025-09-22,2025-09-23,6693.75,6656.919921875,14.924384672283834,-748.9167869945064,-0.7489167869945024,time_stop
S2_rsi_overbought,1,2025-10-07,2025-10-08,6714.58984375,6753.72021484375,14.878064368010179,381.8017958968645,0.38180179589686336,time_stop
S2_rsi_overbought,1,2026-04-17,2026-04-20,7126.06005859375,7109.14013671875,14.018980906514294,-436.7630614438167,-0.4367630614438123,time_stop
S2_rsi_overbought,1,2026-04-23,2026-04-24,7108.39990234375,7165.080078125,14.053809756420891,595.9756351825968,0.5959756351825884,time_stop
S2_rsi_overbought,1,2026-04-27,2026-04-28,7173.91015625,7138.7998046875,13.925474075398855,-688.2395619714569,-0.6882395619714599,time_stop
S2_rsi_overbought,1,2026-05-01,2026-05-04,7230.1201171875,7200.75,13.8172116480633,-605.20751198299,-0.6052075119829858,time_stop
S2_rsi_overbought,1,2026-05-06,2026-05-07,7365.1201171875,7337.10986328125,13.563947133322316,-579.3498733723306,-0.5793498733723257,time_stop
S2_rsi_overbought,1,2026-05-27,2026-05-28,7520.35986328125,7563.6298828125,13.283952060308978,374.4218684364691,0.37442186843645864,time_stop
S2_rsi_overbought,5,2000-03-24,2000-03-31,1527.4599609375,1498.5799560546875,65.40276174491987,-2086.743446264352,-2.0867434462643497,time_stop
S2_rsi_overbought,5,2001-05-22,2001-05-30,1309.3800048828125,1248.0799560546875,76.29572738820066,-4872.055082259934,-4.87205508225993,time_stop
S2_rsi_overbought,5,2003-06-05,2003-06-12,990.1400146484375,998.510009765625,100.89492235658285,643.8453176659519,0.6438453176659475,time_stop
S2_rsi_overbought,5,2003-06-17,2003-06-24,1011.6599731445312,983.4500122070312,98.74869279406356,-2982.7112693835666,-2.9827112693835645,time_stop
S2_rsi_overbought,5,2003-09-05,2003-09-12,1021.3900146484375,1018.6300048828125,97.80798565422194,-469.4812443663843,-0.4694812443663876,time_stop
S2_rsi_overbought,5,2003-12-30,2004-01-07,1109.6400146484375,1126.3299560546875,90.02928749983015,1301.2807498852067,1.301280749885203,time_stop
S2_rsi_overbought,5,2004-01-13,2004-01-21,1121.219970703125,1147.6199951171875,89.09946532387562,2150.0756319702286,2.1500756319702274,time_stop
S2_rsi_overbought,5,2004-01-27,2004-02-03,1144.050048828125,1136.030029296875,87.32144192680184,-899.4195498803056,-0.8994195498803093,time_stop
S2_rsi_overbought,5,2004-11-05,2004-11-12,1166.1700439453125,1184.1700439453125,85.6651226969647,1340.630036536624,1.3406300365366164,time_stop
S2_rsi_overbought,5,2004-11-18,2004-11-26,1183.550048828125,1182.6500244140625,84.4071613186232,-275.6927372027481,-0.27569273720274845,time_stop
S2_rsi_overbought,5,2005-11-22,2005-11-30,1261.22998046875,1249.47998046875,79.20847224308046,-1129.569049107535,-1.1295690491075372,time_stop
S2_rsi_overbought,5,2006-10-05,2006-10-12,1353.219970703125,1362.8299560546875,73.8239917108173,508.9378316557157,0.5089378316557092,time_stop
S2_rsi_overbought,5,2006-10-13,2006-10-20,1365.6199951171875,1368.5999755859375,73.15365933224142,17.978279751455716,0.01797827975145161,time_stop
S2_rsi_overbought,5,2006-11-17,2006-11-27,1401.199951171875,1381.9599609375,71.29610575317948,-1570.1648418618977,-1.5701648418618985,time_stop
S2_rsi_overbought,5,2007-04-23,2007-04-30,1480.9300537109375,1482.3699951171875,67.45767610682806,-102.7622339055594,-0.10276223390556227,time_stop
S2_rsi_overbought,5,2007-05-04,2007-05-11,1505.6199951171875,1505.8499755859375,66.351469975214,-184.55591717521054,-0.18455591717521092,time_stop
S2_rsi_overbought,5,2009-07-24,2009-07-31,979.260009765625,987.47998046875,102.0159088534718,637.9290144459923,0.6379290144459926,time_stop
S2_rsi_overbought,5,2009-08-10,2009-08-17,1007.0999755859375,979.72998046875,99.19581205627313,-2912.074102534202,-2.912074102534201,time_stop
S2_rsi_overbought,5,2009-09-17,2009-09-24,1065.489990234375,1050.780029296875,93.75977326462257,-1577.6235994294145,-1.5776235994294119,time_stop
S2_rsi_overbought,5,2010-03-12,2010-03-19,1149.989990234375,1159.9000244140625,86.87040821958777,660.2276261446718,0.6602276261446827,time_stop
S2_rsi_overbought,5,2010-03-23,2010-03-30,1174.1700439453125,1173.27001953125,85.08145852914708,-276.2990142706017,-0.2762990142705979,time_stop
S2_rsi_overbought,5,2010-04-05,2010-04-12,1187.43994140625,1196.47998046875,84.13065487909323,559.9836622540612,0.559983662254071,time_stop
S2_rsi_overbought,5,2010-04-26,2010-05-03,1212.050048828125,1202.260009765625,82.4224214146014,-1005.9120063496993,-1.0059120063496962,time_stop
S2_rsi_overbought,5,2010-10-14,2010-10-21,1173.81005859375,1180.260009765625,85.10755140382969,348.59041156145594,0.34859041156145576,time_stop
S2_rsi_overbought,5,2010-11-04,2010-11-11,1221.06005859375,1213.5400390625,81.81423935457457,-814.4296330030724,-0.8144296330030776,time_stop
S2_rsi_overbought,5,2010-12-22,2010-12-30,1258.8399658203125,1257.8800048828125,79.35885625858792,-275.9054204510571,-0.27590542045106137,time_stop
S2_rsi_overbought,5,2011-01-04,2011-01-11,1270.199951171875,1274.47998046875,78.64911332104288,136.4836888779435,0.13648368887795304,time_stop
S2_rsi_overbought,5,2011-01-12,2011-01-20,1285.9599609375,1280.260009765625,77.68523354900569,-642.1594357672277,-0.6421594357672311,time_stop
S2_rsi_overbought,5,2011-01-27,2011-02-03,1299.5400390625,1307.0999755859375,76.8734297499358,380.7768911990094,0.3807768911990195,time_stop
S2_rsi_overbought,5,2011-02-09,2011-02-16,1320.8800048828125,1336.3199462890625,75.63147260220885,966.7775601408808,0.9667775601408746,time_stop
S2_rsi_overbought,5,2011-02-17,2011-02-25,1340.4300537109375,1319.8800048828125,74.528394542878,-1729.8307845911677,-1.7298307845911687,time_stop
S2_rsi_overbought,5,2012-01-26,2012-02-02,1318.4300537109375,1325.5400390625,75.77201355423801,338.3989687224251,0.3383989687224309,time_stop
S2_rsi_overbought,5,2012-02-06,2012-02-13,1344.3299560546875,1351.77001953125,74.3121876070401,352.53430568554325,0.3525343056855368,time_stop
S2_rsi_overbought,5,2012-02-14,2012-02-22,1350.5,1357.6600341796875,73.97267671240274,329.3170469299749,0.32931704692997776,time_stop
S2_rsi_overbought,5,2012-02-27,2012-03-05,1367.5899658203125,1364.3299560546875,73.04828376696776,-437.7001801242042,-0.43770018012420087,time_stop
S2_rsi_overbought,5,2012-03-16,2012-03-23,1404.1700439453125,1397.1099853515625,71.14530062143291,-701.5879008664102,-0.7015879008664072,time_stop
S2_rsi_overbought,5,2012-09-14,2012-09-21,1465.77001953125,1460.1500244140625,68.15537128535875,-582.4500207801842,-0.5824500207801897,time_stop
S2_rsi_overbought,5,2013-01-23,2013-01-30,1494.81005859375,1501.9599609375,66.83130028846703,277.5592334976096,0.27755923349761513,time_stop
S2_rsi_overbought,5,2013-02-04,2013-02-11,1495.7099609375,1517.010009765625,66.79109085927546,1221.4306432895178,1.2214306432895228,time_stop
S2_rsi_overbought,5,2013-02-20,2013-02-27,1511.949951171875,1515.989990234375,66.07368175293753,66.87311522957934,0.06687311522957096,time_stop
S2_rsi_overbought,5,2013-03-15,2013-03-22,1560.699951171875,1556.8900146484375,64.00980523199762,-443.42962131688427,-0.443429621316882,time_stop
S2_rsi_overbought,5,2013-05-15,2013-05-22,1658.780029296875,1655.3499755859375,60.22504378862437,-406.1687596037929,-0.4061687596037977,time_stop
S2_rsi_overbought,5,2013-08-05,2013-08-12,1707.1400146484375,1689.469970703125,58.51898440836031,-1232.7991929048467,-1.2327991929048432,time_stop
S2_rsi_overbought,5,2013-09-19,2013-09-26,1722.3399658203125,1698.6700439453125,58.00254414494742,-1571.3429725738742,-1.5713429725738748,time_stop
S2_rsi_overbought,5,2013-10-30,2013-11-06,1763.31005859375,1770.489990234375,56.65486873010344,206.5711067059438,0.20657110670594392,time_stop
S2_rsi_overbought,5,2014-01-02,2014-01-09,1831.97998046875,1838.1300048828125,54.531218116553,135.23275462244032,0.13523275462243856,time_stop
S2_rsi_overbought,5,2014-06-06,2014-06-13,1949.43994140625,1936.1600341796875,51.24553866893476,-879.6556630995699,-0.8796556630995656,time_stop
S2_rsi_overbought,5,2014-06-23,2014-06-30,1962.6099853515625,1960.22998046875,50.901656796678736,-320.8252453278062,-0.3208252453278049,time_stop
S2_rsi_overbought,5,2014-07-03,2014-07-11,1985.43994140625,1967.5699462890625,50.316354484811335,-1098.0540557494842,-1.0980540557494867,time_stop
S2_rsi_overbought,5,2014-11-19,2014-11-26,2048.719970703125,2072.830078125,48.76220338976537,974.6861000925176,0.9746861000925255,time_stop
S2_rsi_overbought,5,2016-04-04,2016-04-11,2066.1298828125,2041.989990234375,48.35131650296439,-1365.8285906062813,-1.3658285906062773,time_stop
S2_rsi_overbought,5,2016-11-28,2016-12-05,2201.719970703125,2204.7099609375,45.373662967773576,-64.26905743790273,-0.06426905743790456,time_stop
S2_rsi_overbought,5,2016-12-08,2016-12-15,2246.18994140625,2262.030029296875,44.475357163052934,503.9888730630697,0.503988873063066,time_stop
S2_rsi_overbought,5,2016-12-21,2016-12-29,2265.179931640625,2249.260009765625,44.10250086744511,-901.2064597337408,-0.9012064597337388,time_stop
S2_rsi_overbought,5,2017-02-14,2017-02-22,2337.580078125,2362.820068359375,42.73654658292217,877.7911485852869,0.877791148585283,time_stop
S2_rsi_overbought,5,2017-10-03,2017-10-10,2534.580078125,2550.639892578125,39.414852488702095,432.56202264799344,0.4325620226479865,time_stop
S2_rsi_overbought,5,2017-10-25,2017-11-01,2557.14990234375,2579.360107421875,39.06697053955918,667.0175422370168,0.6670175422370139,time_stop
S2_rsi_overbought,5,2017-11-06,2017-11-13,2591.1298828125,2584.840087890625,38.55464774759379,-442.0585265900776,-0.4420585265900723,time_stop
S2_rsi_overbought,5,2017-11-29,2017-12-06,2626.070068359375,2629.27001953125,38.04167341296876,-78.19043387969924,-0.07819043387969904,time_stop
S2_rsi_overbought,5,2017-12-11,2017-12-18,2659.989990234375,2690.159912109375,37.556569861865384,932.1455000466528,0.932145500046655,time_stop
S2_rsi_overbought,5,2017-12-22,2018-01-02,2683.340087890625,2695.81005859375,37.229757178722515,263.989527521626,0.2639895275216242,time_stop
S2_rsi_overbought,5,2018-01-04,2018-01-11,2723.989990234375,2767.56005859375,36.67418024965077,1396.4984441606193,1.3964984441606099,time_stop
S2_rsi_overbought,5,2018-08-30,2018-09-07,2901.1298828125,2871.679931640625,34.43489396732964,-1212.8920398008004,-1.2128920398008058,time_stop
S2_rsi_overbought,5,2019-02-21,2019-02-28,2774.8798828125,2784.489990234375,36.00159434607506,145.833010035345,0.14583301003534554,time_stop
S2_rsi_overbought,5,2019-03-22,2019-03-29,2800.7099609375,2834.39990234375,35.66956282279929,1000.70357620499,1.0007035762049865,time_stop
S2_rsi_overbought,5,2019-04-09,2019-04-16,2878.199951171875,2907.06005859375,34.709228543842144,800.9101524411982,0.8009101524411921,time_stop
S2_rsi_overbought,5,2019-04-24,2019-05-01,2927.25,2923.72998046875,34.12762828596803,-319.8099880039104,-0.31980998800390514,time_stop
S2_rsi_overbought,5,2019-07-05,2019-07-12,2990.409912109375,3013.77001953125,33.406824761904424,579.8064282465848,0.5798064282465765,time_stop
S2_rsi_overbought,5,2019-07-15,2019-07-22,3014.300048828125,2985.030029296875,33.1420556287813,-1168.898746744835,-1.1688987467448397,time_stop
S2_rsi_overbought,5,2019-11-11,2019-11-18,3087.010009765625,3122.030029296875,32.361443462790916,932.3648839440534,0.932364883944059,time_stop
S2_rsi_overbought,5,2019-11-26,2019-12-04,3140.52001953125,3112.760009765625,31.81005033523425,-1081.9644604433638,-1.0819644604433631,time_stop
S2_rsi_overbought,5,2019-12-17,2019-12-24,3192.52001953125,3223.3798828125,31.291925904592446,764.8986908673157,0.7648986908673105,time_stop
S2_rsi_overbought,5,2020-01-02,2020-01-09,3257.85009765625,3274.699951171875,30.66442497522205,316.37417810419674,0.3163741781041951,time_stop
S2_rsi_overbought,5,2020-01-10,2020-01-17,3265.35009765625,3329.6201171875,30.59399357263547,1764.510088087583,1.7645100880875786,time_stop
S2_rsi_overbought,5,2020-06-08,2020-06-15,3232.389892578125,3066.590087890625,30.905956032556606,-5318.8774722046655,-5.3188774722046634,time_stop
S2_rsi_overbought,5,2020-08-25,2020-09-01,3443.6201171875,3526.64990234375,29.010197553872782,2206.5015599680028,2.2065015599679993,time_stop
S2_rsi_overbought,5,2021-01-11,2021-01-19,3799.610107421875,3798.909912109375,26.29219764021643,-218.19146366965208,-0.21819146366964803,time_stop
S2_rsi_overbought,5,2021-04-12,2021-04-19,4127.990234375,4163.259765625,24.200662847552817,652.8922887377005,0.6528922887377053,time_stop
S2_rsi_overbought,5,2021-07-06,2021-07-13,4343.5400390625,4369.2099609375,22.9996958705743,390.00979595006334,0.3900097959500526,time_stop
S2_rsi_overbought,5,2021-11-03,2021-11-10,4660.56982421875,4646.7099609375,21.435168588391686,-496.59161733979175,-0.4965916173397922,time_stop
S2_rsi_overbought,5,2022-08-15,2022-08-22,4297.14013671875,4137.990234375,23.248043284988732,-3896.024094470939,-3.89602409447094,time_stop
S2_rsi_overbought,5,2023-06-14,2023-06-22,4372.58984375,4381.89013671875,22.84689473971427,12.470131890843085,0.012470131890851555,time_stop
S2_rsi_overbought,5,2023-07-14,2023-07-21,4505.419921875,4536.33984375,22.173316057635077,485.11140321134576,0.4851114032113468,time_stop
S2_rsi_overbought,5,2023-07-25,2023-08-01,4567.4599609375,4576.72998046875,21.87213478705455,2.7521617492724753,0.0027521617492753947,time_stop
S2_rsi_overbought,5,2023-11-21,2023-11-29,4538.18994140625,4550.580078125,22.013203764041624,72.67365784973411,0.07267365784973112,time_stop
S2_rsi_overbought,5,2023-12-01,2023-12-08,4594.6298828125,4604.3701171875,21.742795926567275,11.767948564076569,0.0117679485640787,time_stop
S2_rsi_overbought,5,2023-12-12,2023-12-19,4643.7001953125,4768.3701171875,21.513038245006058,2479.5465687013143,2.4795465687013074,time_stop
S2_rsi_overbought,5,2023-12-22,2024-01-02,4754.6298828125,4742.830078125,21.01112018439722,-447.4793871272197,-0.44747938712721425,time_stop
S2_rsi_overbought,5,2024-01-24,2024-01-31,4868.5498046875,4845.64990234375,20.519477854353028,-669.2243447706142,-0.6692243447706137,time_stop
S2_rsi_overbought,5,2024-02-08,2024-02-15,4997.91015625,5029.72998046875,19.988374495922574,435.59033651573395,0.4355903365157232,time_stop
S2_rsi_overbought,5,2024-03-04,2024-03-11,5130.9501953125,5117.93994140625,19.470097369365618,-452.8577992446837,-0.45285779924468805,time_stop
S2_rsi_overbought,5,2024-06-13,2024-06-21,5433.740234375,5464.6201171875,18.385144594898108,367.3631796705553,0.36736317967056564,time_stop
S2_rsi_overbought,5,2024-06-27,2024-07-05,5482.8701171875,5567.18994140625,18.22040241057995,1335.004587526335,1.3350045875263339,time_stop
S2_rsi_overbought,5,2024-07-15,2024-07-22,5631.22021484375,5564.41015625,17.740400142186918,-1383.8521356032911,-1.3838521356032918,time_stop
S2_rsi_overbought,5,2024-12-05,2024-12-12,6075.10986328125,6051.25,16.444163504582697,-591.7633373010711,-0.5917633373010767,time_stop
S2_rsi_overbought,5,2025-06-30,2025-07-08,6204.9501953125,6225.52001953125,16.100064747589588,131.0441264664569,0.1310441264664508,time_stop
S2_rsi_overbought,5,2025-07-10,2025-07-17,6280.4599609375,6297.35986328125,15.906494193330955,68.74918050002105,0.06874918050001622,time_stop
S2_rsi_overbought,5,2025-07-23,2025-07-30,6358.91015625,6362.89990234375,15.710254972215768,-137.18295132138545,-0.1371829513213907,time_stop
S2_rsi_overbought,5,2025-09-22,2025-09-29,6693.75,6661.2099609375,14.924384672283834,-684.9546199598627,-0.6849546199598655,time_stop
S2_rsi_overbought,5,2025-10-07,2025-10-14,6714.58984375,6644.31005859375,14.878064368010179,-1244.3817399574805,-1.2443817399574786,time_stop
S2_rsi_overbought,5,2026-04-17,2026-04-24,7126.06005859375,7165.080078125,14.018980906514294,346.6736880714355,0.3466736880714416,time_stop
S2_rsi_overbought,5,2026-04-27,2026-05-04,7173.91015625,7200.75,13.925474075398855,173.58359097986855,0.17358359097987552,time_stop
S2_rsi_overbought,5,2026-05-06,2026-05-13,7365.1201171875,7444.25,13.563947133322316,872.4400337874189,0.8724400337874139,time_stop
S2_rsi_overbought,5,2026-05-27,2026-06-03,7520.35986328125,7553.68017578125,13.283952060308978,242.3826086504322,0.2423826086504377,time_stop
S2_rsi_overbought,10,2000-03-24,2000-04-07,1527.4599609375,1516.3499755859375,65.40276174491987,-925.6973010130304,-0.9256973010130287,time_stop
S2_rsi_overbought,10,2001-05-22,2001-06-06,1309.3800048828125,1270.030029296875,76.29572738820066,-3199.032974827191,-3.1990329748271873,time_stop
S2_rsi_overbought,10,2003-06-05,2003-06-19,990.1400146484375,994.7000122070312,100.89492235658285,259.82031922072093,0.259820319220716,time_stop
S2_rsi_overbought,10,2003-09-05,2003-09-19,1021.3900146484375,1036.300048828125,97.80798565422194,1257.0618889415045,1.257061888941502,time_stop
S2_rsi_overbought,10,2003-12-30,2004-01-14,1109.6400146484375,1130.52001953125,90.02928749983015,1678.1319508298036,1.6781319508297976,time_stop
S2_rsi_overbought,10,2004-01-20,2004-02-03,1138.77001953125,1136.030029296875,87.72631715508423,-439.92908285051715,-0.4399290828505209,time_stop
S2_rsi_overbought,10,2004-11-05,2004-11-19,1166.1700439453125,1170.3399658203125,85.6651226969647,157.0594523893791,0.15705945238937424,time_stop
S2_rsi_overbought,10,2005-11-22,2005-12-07,1261.22998046875,1257.3699951171875,79.20847224308046,-505.237998835551,-0.5052379988355504,time_stop
S2_rsi_overbought,10,2006-10-05,2006-10-19,1353.219970703125,1366.9599609375,73.8239917108173,813.5263844438612,0.8135263844438523,time_stop
S2_rsi_overbought,10,2006-11-17,2006-12-04,1401.199951171875,1409.1199951171875,71.29610575317948,364.3034226039437,0.3643034226039399,time_stop
S2_rsi_overbought,10,2007-04-23,2007-05-07,1480.9300537109375,1509.47998046875,67.45767610682806,1724.185600589883,1.7241856005898892,time_stop
S2_rsi_overbought,10,2009-07-24,2009-08-07,979.260009765625,1010.47998046875,102.0159088534718,2981.9485521722113,2.98194855217222,time_stop
S2_rsi_overbought,10,2009-08-10,2009-08-24,1007.0999755859375,1025.5699462890625,99.19581205627313,1630.511399009315,1.6305113990093156,time_stop
S2_rsi_overbought,10,2009-09-17,2009-10-01,1065.489990234375,1029.8499755859375,93.75977326462257,-3538.058292692924,-3.538058292692925,time_stop
S2_rsi_overbought,10,2010-03-12,2010-03-26,1149.989990234375,1166.5899658203125,86.87040821958777,1240.8044091298113,1.2408044091298143,time_stop
S2_rsi_overbought,10,2010-03-30,2010-04-14,1173.27001953125,1210.6500244140625,85.14672516733397,2979.8020177077387,2.9798020177077333,time_stop
S2_rsi_overbought,10,2010-04-26,2010-05-10,1212.050048828125,1159.72998046875,82.4224214146014,-4507.834575834579,-4.507834575834579,time_stop
S2_rsi_overbought,10,2010-10-14,2010-10-28,1173.81005859375,1183.780029296875,85.10755140382969,647.8710745165905,0.6478710745165817,time_stop
S2_rsi_overbought,10,2010-11-04,2010-11-18,1221.06005859375,1196.68994140625,81.81423935457457,-2191.6289778766663,-2.1916289778766695,time_stop
S2_rsi_overbought,10,2010-12-22,2011-01-06,1258.8399658203125,1273.8499755859375,79.35885625858792,990.1858304226045,0.9901858304226074,time_stop
S2_rsi_overbought,10,2011-01-12,2011-01-27,1285.9599609375,1299.5400390625,77.68523354900569,854.116369413421,0.8541163694134157,time_stop
S2_rsi_overbought,10,2011-02-09,2011-02-24,1320.8800048828125,1306.0999755859375,75.63147260220885,-1316.517745245808,-1.3165177452458043,time_stop
S2_rsi_overbought,10,2012-01-26,2012-02-09,1318.4300537109375,1351.949951171875,75.77201355423801,2337.5300548218906,2.3375300548218902,time_stop
S2_rsi_overbought,10,2012-02-14,2012-02-29,1350.5,1365.6800537109375,73.97267671240274,921.9860966302646,0.9219860966302562,time_stop
S2_rsi_overbought,10,2012-03-02,2012-03-16,1369.6300048828125,1404.1700439453125,72.93947967257589,2317.0129448119174,2.3170129448119248,time_stop
S2_rsi_overbought,10,2012-09-14,2012-09-28,1465.77001953125,1440.6700439453125,68.15537128535875,-1908.7876569578975,-1.9087876569578999,time_stop
S2_rsi_overbought,10,2013-01-23,2013-02-06,1494.81005859375,1512.1199951171875,66.83130028846703,955.888520406185,0.9558885204061784,time_stop
S2_rsi_overbought,10,2013-02-20,2013-03-06,1511.949951171875,1541.4599609375,66.07368175293753,1748.0849589860052,1.748084958985996,time_stop
S2_rsi_overbought,10,2013-03-15,2013-04-01,1560.699951171875,1562.1700439453125,64.00980523199762,-105.7939480515915,-0.10579394805159126,time_stop
S2_rsi_overbought,10,2013-05-15,2013-05-30,1658.780029296875,1654.4100341796875,60.22504378862437,-462.720163941582,-0.4627201639415768,time_stop
S2_rsi_overbought,10,2013-08-05,2013-08-19,1707.1400146484375,1646.06005859375,58.51898440836031,-3770.562858831757,-3.770562858831761,time_stop
S2_rsi_overbought,10,2013-09-19,2013-10-03,1722.3399658203125,1678.6600341796875,58.00254414494742,-2730.813815870594,-2.730813815870592,time_stop
S2_rsi_overbought,10,2013-10-30,2013-11-13,1763.31005859375,1782.0,56.65486873010344,858.0171009672893,0.8580171009672899,time_stop
S2_rsi_overbought,10,2014-01-02,2014-01-16,1831.97998046875,1845.8900146484375,54.531218116553,557.9723769532006,0.5579723769532086,time_stop
S2_rsi_overbought,10,2014-06-06,2014-06-20,1949.43994140625,1962.8699951171875,51.24553866893476,487.7419066327538,0.48774190663274375,time_stop
S2_rsi_overbought,10,2014-06-23,2014-07-08,1962.6099853515625,1963.7099609375,50.901656796678736,-143.86561061982457,-0.14386561061981995,time_stop
S2_rsi_overbought,10,2014-11-19,2014-12-04,2048.719970703125,2071.919921875,48.76220338976537,930.3492571377318,0.9303492571377303,time_stop
S2_rsi_overbought,10,2016-04-04,2016-04-18,2066.1298828125,2094.340087890625,48.35131650296439,1162.8363539914296,1.1628363539914366,time_stop
S2_rsi_overbought,10,2016-11-28,2016-12-12,2201.719970703125,2256.9599609375,45.373662967773576,2304.134058738213,2.3041340587382164,time_stop
S2_rsi_overbought,10,2016-12-21,2017-01-06,2265.179931640625,2276.97998046875,44.10250086744511,320.09105221441024,0.3200910522143996,time_stop
S2_rsi_overbought,10,2017-02-14,2017-03-01,2337.580078125,2395.9599609375,42.73654658292217,2292.659426940441,2.2926594269404355,time_stop
S2_rsi_overbought,10,2017-10-03,2017-10-17,2534.580078125,2559.360107421875,39.414852488702095,775.9242984024506,0.7759242984024528,time_stop
S2_rsi_overbought,10,2017-10-25,2017-11-08,2557.14990234375,2594.3798828125,39.06697053955918,1253.207887810666,1.25320788781067,time_stop
S2_rsi_overbought,10,2017-11-29,2017-12-13,2626.070068359375,2662.85009765625,38.04167341296876,1197.974488968316,1.197974488968323,time_stop
S2_rsi_overbought,10,2017-12-18,2018-01-03,2690.159912109375,2713.06005859375,37.13537602371283,649.7549453444786,0.6497549453444718,time_stop
S2_rsi_overbought,10,2018-01-04,2018-01-19,2723.989990234375,2810.300048828125,36.67418024965077,2962.3850957786854,2.9623850957786857,time_stop
S2_rsi_overbought,10,2018-08-30,2018-09-14,2901.1298828125,2904.97998046875,34.43489396732964,-67.35507294791864,-0.06735507294791665,time_stop
S2_rsi_overbought,10,2019-02-21,2019-03-07,2774.8798828125,2748.929931640625,36.00159434607506,-1133.1055755750954,-1.1331055755750996,time_stop
S2_rsi_overbought,10,2019-03-22,2019-04-05,2800.7099609375,2892.739990234375,35.66956282279929,3079.588040877159,3.079588040877157,time_stop
S2_rsi_overbought,10,2019-04-09,2019-04-24,2878.199951171875,2927.25,34.709228543842144,1500.986665706948,1.5009866657069493,time_stop
S2_rsi_overbought,10,2019-04-29,2019-05-13,2943.030029296875,2811.8701171875,33.94464171470491,-4647.524247461223,-4.647524247461221,time_stop
S2_rsi_overbought,10,2019-07-05,2019-07-19,2990.409912109375,2976.610107421875,33.406824761904424,-660.3468490870671,-0.6603468490870679,time_stop
S2_rsi_overbought,10,2019-11-11,2019-11-25,3087.010009765625,3133.639892578125,32.361443462790916,1307.7011061967742,1.3077011061967792,time_stop
S2_rsi_overbought,10,2019-11-26,2019-12-11,3140.52001953125,3141.6298828125,31.81005033523425,-164.53069776524174,-0.16453069776524165,time_stop
S2_rsi_overbought,10,2019-12-17,2020-01-02,3192.52001953125,3257.85009765625,31.291925904592446,1842.4594602645213,1.8424594602645117,time_stop
S2_rsi_overbought,10,2020-01-10,2020-01-27,3265.35009765625,3243.6298828125,30.59399357263547,-863.6438050128064,-0.8636438050128037,time_stop
S2_rsi_overbought,10,2020-06-08,2020-06-22,3232.389892578125,3117.860107421875,30.905956032556606,-3735.913051752958,-3.7359130517529593,time_stop
S2_rsi_overbought,10,2020-08-25,2020-09-09,3443.6201171875,3398.9599609375,29.010197553872782,-1494.1045554439177,-1.4941045554439203,time_stop
S2_rsi_overbought,10,2021-01-11,2021-01-26,3799.610107421875,3849.6201171875,26.29219764021643,1113.7579878860345,1.1137579878860437,time_stop
S2_rsi_overbought,10,2021-04-12,2021-04-26,4127.990234375,4187.6201171875,24.200662847552817,1241.8394070946224,1.2418394070946137,time_stop
S2_rsi_overbought,10,2021-07-06,2021-07-20,4343.5400390625,4323.06005859375,22.9996958705743,-670.3624886945211,-0.6703624886945203,time_stop
S2_rsi_overbought,10,2021-11-03,2021-11-17,4660.56982421875,4688.669921875,21.435168588391686,401.927800481189,0.40192780048118326,time_stop
S2_rsi_overbought,10,2022-08-15,2022-08-29,4297.14013671875,4030.610107421875,23.248043284988732,-6389.9055559854205,-6.38990555598542,time_stop
S2_rsi_overbought,10,2023-06-14,2023-06-29,4372.58984375,4396.43994140625,22.84689473971427,344.55557021337347,0.34455557021337846,time_stop
S2_rsi_overbought,10,2023-07-14,2023-07-28,4505.419921875,4582.22998046875,22.173316057635077,1501.6303720988913,1.5016303720988944,time_stop
S2_rsi_overbought,10,2023-11-21,2023-12-06,4538.18994140625,4549.33984375,22.013203764041624,45.39942736969273,0.04539942736969671,time_stop
S2_rsi_overbought,10,2023-12-12,2023-12-27,4643.7001953125,4781.580078125,21.513038245006058,2763.4487771699096,2.763448777169919,time_stop
S2_rsi_overbought,10,2024-01-24,2024-02-07,4868.5498046875,4995.06005859375,20.519477854353028,2393.5282292243123,2.3935282292243176,time_stop
S2_rsi_overbought,10,2024-02-08,2024-02-23,4997.91015625,5088.7998046875,19.988374495922574,1615.119394640537,1.6151193946405407,time_stop
S2_rsi_overbought,10,2024-03-04,2024-03-18,5130.9501953125,5149.419921875,19.470097369365618,159.4475673826865,0.15944756738268673,time_stop
S2_rsi_overbought,10,2024-06-13,2024-06-28,5433.740234375,5460.47998046875,18.385144594898108,291.322284465909,0.29132228446591135,time_stop
S2_rsi_overbought,10,2024-07-03,2024-07-18,5537.02001953125,5544.58984375,18.04221396124864,-63.36038798465878,-0.06336038798465671,time_stop
S2_rsi_overbought,10,2024-12-05,2024-12-19,6075.10986328125,5867.080078125,16.444163504582697,-3617.2551249318412,-3.6172551249318396,time_stop
S2_rsi_overbought,10,2025-06-30,2025-07-15,6204.9501953125,6243.759765625,16.100064747589588,424.4115584623337,0.42441155846233425,time_stop
S2_rsi_overbought,10,2025-07-23,2025-08-06,6358.91015625,6345.06005859375,15.710254972215768,-417.17117680439594,-0.4171711768043984,time_stop
S2_rsi_overbought,10,2025-09-22,2025-10-06,6693.75,6740.27978515625,14.924384672283834,493.93378417801256,0.49393378417801337,time_stop
S2_rsi_overbought,10,2025-10-07,2025-10-21,6714.58984375,6735.35009765625,14.878064368010179,108.76332171932287,0.10876332171931846,time_stop
S2_rsi_overbought,10,2026-04-17,2026-05-01,7126.06005859375,7230.1201171875,14.018980906514294,1257.5569587817936,1.2575569587818025,time_stop
S2_rsi_overbought,10,2026-05-06,2026-05-20,7365.1201171875,7432.97021484375,13.563947133322316,719.5946226623433,0.719594622662334,time_stop
S2_rsi_overbought,10,2026-05-27,2026-06-10,7520.35986328125,7266.990234375,13.283952060308978,-3562.1844537251645,-3.562184453725159,time_stop
S2_rsi_overbought,20,2000-03-24,2000-04-24,1527.4599609375,1429.8599853515625,65.40276174491987,-6576.724841407697,-6.5767248414076995,time_stop
S2_rsi_overbought,20,2001-05-22,2001-06-20,1309.3800048828125,1223.1400146484375,76.29572738820066,-6772.963241898271,-6.772963241898267,time_stop
S2_rsi_overbought,20,2003-06-05,2003-07-03,990.1400146484375,985.7000122070312,100.89492235658285,-647.3259276873255,-0.6473259276873256,time_stop
S2_rsi_overbought,20,2003-09-05,2003-10-03,1021.3900146484375,1029.8499755859375,97.80798565422194,626.8240864720856,0.6268240864720775,time_stop
S2_rsi_overbought,20,2003-12-30,2004-01-29,1109.6400146484375,1134.1099853515625,90.02928749983015,2001.01081371633,2.0010108137163307,time_stop
S2_rsi_overbought,20,2004-11-05,2004-12-06,1166.1700439453125,1190.25,85.6651226969647,1860.9493777721648,1.8609493777721697,time_stop
S2_rsi_overbought,20,2005-11-22,2005-12-21,1261.22998046875,1262.7900390625,79.20847224308046,-76.35391183739326,-0.07635391183739015,time_stop
S2_rsi_overbought,20,2006-10-05,2006-11-02,1353.219970703125,1367.3399658203125,73.8239917108173,841.5518082853633,0.8415518082853568,time_stop
S2_rsi_overbought,20,2006-11-17,2006-12-18,1401.199951171875,1422.47998046875,71.29610575317948,1315.8658361613839,1.3158658361613895,time_stop
S2_rsi_overbought,20,2007-04-23,2007-05-21,1480.9300537109375,1525.0999755859375,67.45767610682806,2776.820483423942,2.7768204834239363,time_stop
S2_rsi_overbought,20,2009-07-24,2009-08-21,979.260009765625,1026.1300048828125,102.0159088534718,4576.9034648876395,4.576903464887638,time_stop
S2_rsi_overbought,20,2009-09-17,2009-10-15,1065.489990234375,1096.56005859375,93.75977326462257,2710.4092423264487,2.710409242326439,time_stop
S2_rsi_overbought,20,2010-03-12,2010-04-12,1149.989990234375,1196.47998046875,86.87040821958777,3834.765625554844,3.834765625554848,time_stop
S2_rsi_overbought,20,2010-04-26,2010-05-24,1212.050048828125,1073.6500244140625,82.4224214146014,-11595.658070711117,-11.595658070711112,time_stop
S2_rsi_overbought,20,2010-10-14,2010-11-11,1173.81005859375,1213.5400390625,85.10755140382969,3178.1398338620897,3.1781398338620814,time_stop
S2_rsi_overbought,20,2010-12-22,2011-01-21,1258.8399658203125,1283.3499755859375,79.35885625858792,1743.3410557447419,1.7433410557447404,time_stop
S2_rsi_overbought,20,2011-01-27,2011-02-25,1299.5400390625,1319.8800048828125,76.8734297499358,1362.2391308700944,1.362239130870102,time_stop
S2_rsi_overbought,20,2012-01-26,2012-02-24,1318.4300537109375,1365.739990234375,75.77201355423801,3381.384182552352,3.3813841825523605,time_stop
S2_rsi_overbought,20,2012-02-27,2012-03-26,1367.5899658203125,1416.510009765625,73.04828376696776,3370.1515269575184,3.370151526957521,time_stop
S2_rsi_overbought,20,2012-09-14,2012-10-12,1465.77001953125,1428.5899658203125,68.15537128535875,-2731.28654451364,-2.7312865445136447,time_stop
S2_rsi_overbought,20,2013-01-23,2013-02-21,1494.81005859375,1502.4200439453125,66.83130028846703,308.27643120470015,0.3082764312047015,time_stop
S2_rsi_overbought,20,2013-03-15,2013-04-15,1560.699951171875,1552.3599853515625,64.00980523199762,-733.1059480121125,-0.7331059480121138,time_stop
S2_rsi_overbought,20,2013-05-15,2013-06-13,1658.780029296875,1636.3599853515625,60.22504378862437,-1548.6980800211684,-1.5486980800211714,time_stop
S2_rsi_overbought,20,2013-08-05,2013-09-03,1707.1400146484375,1639.77001953125,58.51898440836031,-4138.281469960339,-4.1382814699603365,time_stop
S2_rsi_overbought,20,2013-09-19,2013-10-17,1722.3399658203125,1733.1500244140625,58.00254414494742,426.5836900924737,0.42658369009247465,time_stop
S2_rsi_overbought,20,2013-10-30,2013-11-27,1763.31005859375,1807.22998046875,56.65486873010344,2285.9889312558716,2.2859889312558668,time_stop
S2_rsi_overbought,20,2014-01-02,2014-01-31,1831.97998046875,1782.5899658203125,54.531218116553,-2890.4045637123068,-2.890404563712312,time_stop
S2_rsi_overbought,20,2014-06-06,2014-07-07,1949.43994140625,1977.6500244140625,51.24553866893476,1244.3950589308909,1.2443950589308805,time_stop
S2_rsi_overbought,20,2014-11-19,2014-12-18,2048.719970703125,2061.22998046875,48.76220338976537,409.60542515857486,0.4096054251585768,time_stop
S2_rsi_overbought,20,2016-04-04,2016-05-02,2066.1298828125,2081.429931640625,48.35131650296439,539.2375260958898,0.5392375260958815,time_stop
S2_rsi_overbought,20,2016-11-28,2016-12-27,2201.719970703125,2268.8798828125,45.373662967773576,2844.443725978885,2.8444437259788957,time_stop
S2_rsi_overbought,20,2017-02-14,2017-03-15,2337.580078125,2385.260009765625,42.73654658292217,1835.8377442102994,1.8358377442103002,time_stop
S2_rsi_overbought,20,2017-10-03,2017-10-31,2534.580078125,2575.260009765625,39.414852488702095,1401.9899115606604,1.4019899115606638,time_stop
S2_rsi_overbought,20,2017-11-06,2017-12-05,2591.1298828125,2629.570068359375,38.55464774759379,1280.7655654986024,1.2807655654986094,time_stop
S2_rsi_overbought,20,2017-12-11,2018-01-10,2659.989990234375,2748.22998046875,37.556569861865384,3110.8771666895923,3.110877166689585,time_stop
S2_rsi_overbought,20,2018-08-30,2018-09-28,2901.1298828125,2913.97998046875,34.43489396732964,242.24905871234168,0.24224905871235158,time_stop
S2_rsi_overbought,20,2019-02-21,2019-03-21,2774.8798828125,2854.8798828125,36.00159434607506,2677.447220338141,2.677447220338136,time_stop
S2_rsi_overbought,20,2019-03-22,2019-04-22,2800.7099609375,2907.969970703125,35.66956282279929,3622.2915392521295,3.6222915392521315,time_stop
S2_rsi_overbought,20,2019-04-24,2019-05-22,2927.25,2856.27001953125,34.12762828596803,-2619.756210593776,-2.619756210593771,time_stop
S2_rsi_overbought,20,2019-07-05,2019-08-02,2990.409912109375,2932.050048828125,33.406824761904424,-2147.468307839836,-2.1474683078398393,time_stop
S2_rsi_overbought,20,2019-11-11,2019-12-10,3087.010009765625,3132.52001953125,32.361443462790916,1271.496638613127,1.2714966386131232,time_stop
S2_rsi_overbought,20,2019-12-17,2020-01-16,3192.52001953125,3316.81005859375,31.291925904592446,3685.5852185294425,3.6855852185294413,time_stop
S2_rsi_overbought,20,2020-06-08,2020-07-07,3232.389892578125,3145.320068359375,30.905956032556606,-2888.0853827082497,-2.8880853827082498,time_stop
S2_rsi_overbought,20,2020-08-25,2020-09-23,3443.6201171875,3236.919921875,29.010197553872782,-6190.217286739465,-6.190217286739463,time_stop
S2_rsi_overbought,20,2021-01-11,2021-02-09,3799.610107421875,3911.22998046875,26.29219764021643,2731.9968311613934,2.7319968311613874,time_stop
S2_rsi_overbought,20,2021-04-12,2021-05-10,4127.990234375,4188.43017578125,24.200662847552817,1261.4237580538152,1.2614237580538257,time_stop
S2_rsi_overbought,20,2021-07-06,2021-08-03,4343.5400390625,4423.14990234375,22.9996958705743,1629.371441322806,1.6293714413228022,time_stop
S2_rsi_overbought,20,2021-11-03,2021-12-02,4660.56982421875,4577.10009765625,21.435168588391686,-1987.1986730334454,-1.9871986730334412,time_stop
S2_rsi_overbought,20,2022-08-15,2022-09-13,4297.14013671875,3932.68994140625,23.248043284988732,-8664.081361731947,-8.664081361731945,time_stop
S2_rsi_overbought,20,2023-06-14,2023-07-14,4372.58984375,4505.419921875,22.84689473971427,2831.91985857652,2.831919858576515,time_stop
S2_rsi_overbought,20,2023-07-18,2023-08-15,4554.97998046875,4437.85986328125,21.932061244716877,-2765.9170973617142,-2.765917097361714,time_stop
S2_rsi_overbought,20,2023-11-21,2023-12-20,4538.18994140625,4698.35009765625,22.013203764041624,3322.312316457379,3.3223123164573876,time_stop
S2_rsi_overbought,20,2023-12-22,2024-01-24,4754.6298828125,4868.5498046875,21.01112018439722,2191.391384942675,2.1913913849426647,time_stop
S2_rsi_overbought,20,2024-02-08,2024-03-08,4997.91015625,5123.68994140625,19.988374495922574,2311.8191164699024,2.311819116469893,time_stop
S2_rsi_overbought,20,2024-06-13,2024-07-15,5433.740234375,5631.22021484375,18.385144594898108,3427.2670977199173,3.4272670977199216,time_stop
S2_rsi_overbought,20,2024-12-05,2025-01-06,6075.10986328125,5975.3798828125,16.444163504582697,-1838.1363288320188,-1.8381363288320185,time_stop
S2_rsi_overbought,20,2025-06-30,2025-07-29,6204.9501953125,6370.85986328125,16.100064747589588,2468.6850403512353,2.468685040351226,time_stop
S2_rsi_overbought,20,2025-09-22,2025-10-20,6693.75,6735.1298828125,14.924384672283834,417.15151969879616,0.4171515196987885,time_stop
S2_rsi_overbought,20,2026-04-17,2026-05-15,7126.06005859375,7408.5,14.018980906514294,3755.7604258652295,3.755760425865229,time_stop
S2_rsi_overbought,20,2026-05-27,2026-06-25,7520.35986328125,7357.490234375,13.283952060308978,-2361.188989928663,-2.361188989928664,time_stop
S3_bb_lower_break,1,2000-01-31,2000-02-01,1394.4599609375,1409.280029296875,71.64070873210066,860.8582807228826,0.8608582807228871,time_stop
S3_bb_lower_break,1,2000-02-22,2000-02-23,1352.1700439453125,1360.68994140625,73.88131422333174,429.03156044044607,0.42903156044045154,time_stop
S3_bb_lower_break,1,2000-04-14,2000-04-17,1356.56005859375,1401.43994140625,73.64222414425151,3101.9491354560178,3.101949135456028,time_stop
S3_bb_lower_break,1,2000-05-24,2000-05-25,1399.050048828125,1381.52001953125,71.40566556841796,-1450.2918657680452,-1.4502918657680497,time_stop
S3_bb_lower_break,1,2000-07-31,2000-08-01,1430.8299560546875,1438.0999755859375,69.81968715245549,307.28269897466623,0.30728269897466465,time_stop
S3_bb_lower_break,1,2000-09-18,2000-09-19,1444.510009765625,1459.9000244140625,69.15846842508826,863.4852924832919,0.8634852924833014,time_stop
S3_bb_lower_break,1,2000-10-11,2000-10-12,1364.5899658203125,1329.780029296875,73.20887768659925,-2745.6481886375896,-2.745648188637595,time_stop
S3_bb_lower_break,1,2000-12-21,2000-12-22,1274.8599853515625,1305.949951171875,78.36162484349283,2234.023777970143,2.234023777970151,time_stop
S3_bb_lower_break,1,2001-02-12,2001-02-13,1330.31005859375,1318.800048828125,75.0953503318638,-1063.2840672572909,-1.0632840672572863,time_stop
S3_bb_lower_break,1,2001-02-20,2001-02-21,1278.93994140625,1255.27001953125,78.11164282683627,-2046.8477865560762,-2.046847786556072,time_stop
S3_bb_lower_break,1,2001-03-13,2001-03-14,1197.6600341796875,1166.7099609375,83.41273570886452,-2778.8488490412433,-2.7788488490412377,time_stop
S3_bb_lower_break,1,2001-03-15,2001-03-16,1173.56005859375,1150.530029296875,85.12568161173438,-2158.286694293466,-2.1582866942934653,time_stop
S3_bb_lower_break,1,2001-03-19,2001-03-20,1170.81005859375,1142.6199951171875,85.32562490972197,-2602.729647400232,-2.602729647400237,time_stop
S3_bb_lower_break,1,2001-03-22,2001-03-23,1117.5799560546875,1139.8299560546875,89.38966680538014,1787.1309665330932,1.7871309665330903,time_stop
S3_bb_lower_break,1,2001-06-15,2001-06-18,1214.3599853515625,1208.4300537109375,82.26563877693846,-687.1419845054679,-0.6871419845054683,time_stop
S3_bb_lower_break,1,2001-07-09,2001-07-10,1198.780029296875,1181.52001953125,83.33480493389158,-1636.7213872286434,-1.6367213872286457,time_stop
S3_bb_lower_break,1,2001-07-11,2001-07-12,1180.1800537109375,1208.1400146484375,84.64818532221062,2164.5929952840424,2.1645929952840426,time_stop
S3_bb_lower_break,1,2001-07-25,2001-07-26,1190.489990234375,1202.9300537109375,83.91511118916027,843.0652007259193,0.8430652007259232,time_stop
S3_bb_lower_break,1,2001-08-20,2001-08-21,1171.4100341796875,1157.260009765625,85.28192262759447,-1405.3347457715904,-1.4053347457715915,time_stop
S3_bb_lower_break,1,2001-08-22,2001-08-23,1165.31005859375,1162.0899658203125,85.72834256717512,-475.5773629631432,-0.4755773629631421,time_stop
S3_bb_lower_break,1,2001-08-31,2001-09-04,1133.5799560546875,1132.93994140625,88.12796959448039,-256.1469880862269,-0.2561469880862255,time_stop
S3_bb_lower_break,1,2001-09-07,2001-09-10,1085.780029296875,1092.5400390625,92.00767853944856,421.55063283353525,0.4215506328335339,time_stop
S3_bb_lower_break,1,2001-09-18,2001-09-19,1032.739990234375,1016.0999755859375,96.73306044576438,-1807.8301030630823,-1.8078301030630795,time_stop
S3_bb_lower_break,1,2001-12-14,2001-12-17,1123.0899658203125,1134.3599853515625,88.95111072168845,801.678074604478,0.8016780746044727,time_stop
S3_bb_lower_break,1,2002-01-17,2002-01-18,1138.8800048828125,1127.5799560546875,87.71784513889973,-1190.024917034485,-1.1900249170344823,time_stop
S3_bb_lower_break,1,2002-01-23,2002-01-24,1128.1800537109375,1132.1500244140625,88.54978385010193,151.38830780510494,0.15138830780510037,time_stop
S3_bb_lower_break,1,2002-01-30,2002-01-31,1113.5699462890625,1130.199951171875,89.71156255879023,1290.6116198738491,1.2906116198738493,time_stop
S3_bb_lower_break,1,2002-02-05,2002-02-06,1090.02001953125,1083.510009765625,91.64978450860082,-795.8445509764309,-0.7958445509764323,time_stop
S3_bb_lower_break,1,2002-04-04,2002-04-05,1126.3399658203125,1122.72998046875,88.69444655401423,-519.6656669722797,-0.5196656669722799,time_stop
S3_bb_lower_break,1,2002-04-12,2002-04-15,1111.010009765625,1102.550048828125,89.91827168251571,-959.7445607357852,-0.9597445607357868,time_stop
S3_bb_lower_break,1,2002-04-29,2002-04-30,1065.449951171875,1076.9200439453125,93.76329670879524,874.5980384810362,0.8745980384810448,time_stop
S3_bb_lower_break,1,2002-05-07,2002-05-08,1049.489990234375,1088.8499755859375,95.18918791954361,3543.098197298054,3.5430981972980558,time_stop
S3_bb_lower_break,1,2002-06-04,2002-06-05,1040.68994140625,1049.9000244140625,95.99410537696579,683.4293653035959,0.6834293653035894,time_stop
S3_bb_lower_break,1,2002-06-07,2002-06-10,1027.530029296875,1030.739990234375,97.22353318322017,111.97146017995638,0.1119714601799604,time_stop
S3_bb_lower_break,1,2002-06-26,2002-06-27,973.530029296875,990.6400146484375,102.61635172389293,1554.2083107515825,1.5542083107515925,time_stop
S3_bb_lower_break,1,2002-07-03,2002-07-05,953.989990234375,989.030029296875,104.71818459600041,3465.8597497189576,3.465859749718958,time_stop
S3_bb_lower_break,1,2002-07-11,2002-07-12,927.3699951171875,921.3900146484375,107.72410195078179,-843.3440374538097,-0.8433440374538081,time_stop
S3_bb_lower_break,1,2002-07-19,2002-07-22,847.75,819.8499755859375,117.84146257752865,-3484.29210301917,-3.484292103019171,time_stop
S3_bb_lower_break,1,2002-09-20,2002-09-23,845.3900146484375,833.7000122070312,118.17042804987967,-1579.831379612904,-1.579831379612906,time_stop
S3_bb_lower_break,1,2002-09-24,2002-09-25,819.2899780273438,839.6599731445312,121.93497123037645,2281.530754008407,2.2815307540084095,time_stop
S3_bb_lower_break,1,2003-01-28,2003-01-29,858.5399780273438,864.3599853515625,116.36045199623561,476.74126438443636,0.4767412643844393,time_stop
S3_bb_lower_break,1,2003-03-11,2003-03-12,800.72998046875,804.1900024414062,124.76128325008895,231.44490480053315,0.23144490480053737,time_stop
S3_bb_lower_break,1,2003-08-06,2003-08-07,967.0800170898438,974.1199951171875,103.30075912510452,526.7076395740208,0.5267076395740311,time_stop
S3_bb_lower_break,1,2003-09-29,2003-09-30,1006.5800170898438,995.969970703125,99.24705259788918,-1251.7630157770946,-1.2517630157770965,time_stop
S3_bb_lower_break,1,2004-03-11,2004-03-12,1106.780029296875,1120.5699462890625,90.26192852753707,1043.659597647354,1.0436595976473617,time_stop
S3_bb_lower_break,1,2004-03-16,2004-03-17,1110.699951171875,1123.75,89.94337291065649,972.7914430418923,0.9727914430418982,time_stop
S3_bb_lower_break,1,2004-04-30,2004-05-03,1107.300048828125,1117.489990234375,90.21953896401065,718.612284126231,0.718612284126241,time_stop
S3_bb_lower_break,1,2004-05-10,2004-05-11,1087.1199951171875,1095.449951171875,91.89427142247628,564.9095675839274,0.5649095675839266,time_stop
S3_bb_lower_break,1,2004-07-07,2004-07-08,1118.3299560546875,1109.1099853515625,89.32971826359152,-1022.5939677236058,-1.0225939677236062,time_stop
S3_bb_lower_break,1,2004-08-06,2004-08-09,1063.969970703125,1065.219970703125,93.89372129937172,-82.55041532759897,-0.08255041532759799,time_stop
S3_bb_lower_break,1,2005-03-23,2005-03-24,1172.530029296875,1171.4200439453125,85.20046173999185,-294.2768930134594,-0.2942768930134565,time_stop
S3_bb_lower_break,1,2005-04-15,2005-04-18,1142.6199951171875,1145.97998046875,87.43072966253678,93.67200517141075,0.09367200517140795,time_stop
S3_bb_lower_break,1,2005-04-21,2005-04-22,1159.949951171875,1152.1199951171875,86.12449166377634,-873.4768337748887,-0.8734768337748888,time_stop
S3_bb_lower_break,1,2005-08-17,2005-08-18,1220.239990234375,1219.02001953125,81.86922302137616,-299.5783753202892,-0.2995783753202863,time_stop
S3_bb_lower_break,1,2005-10-06,2005-10-07,1191.489990234375,1195.9000244140625,83.84468247227895,169.5879577721287,0.16958795777213265,time_stop
S3_bb_lower_break,1,2005-10-11,2005-10-12,1184.8699951171875,1177.6800537109375,84.31313166151995,-805.4004697475248,-0.8054004697475192,time_stop
S3_bb_lower_break,1,2005-10-13,2005-10-14,1176.8399658203125,1186.5699462890625,84.88843241354816,625.3366268170456,0.6253366268170524,time_stop
S3_bb_lower_break,1,2006-01-03,2006-01-04,1268.800048828125,1273.4599609375,78.73588907280428,166.73522080963355,0.16673522080963288,time_stop
S3_bb_lower_break,1,2006-04-12,2006-04-13,1288.1199951171875,1289.1199951171875,77.55496403967507,-122.32279072456441,-0.12232279072456054,time_stop
S3_bb_lower_break,1,2006-05-18,2006-05-19,1261.81005859375,1267.030029296875,79.17205859924402,213.0623507675609,0.21306235076756774,time_stop
S3_bb_lower_break,1,2006-06-13,2006-06-14,1223.68994140625,1230.0400390625,81.63840897907185,318.0932578482815,0.31809325784828424,time_stop
S3_bb_lower_break,1,2007-02-28,2007-03-01,1406.8199462890625,1403.1700439453125,71.01129050922144,-458.7252911868335,-0.45872529118683447,time_stop
S3_bb_lower_break,1,2007-07-27,2007-07-30,1458.949951171875,1473.9100341796875,68.47397322975814,823.5517472683362,0.8235517472683362,time_stop
S3_bb_lower_break,1,2007-08-01,2007-08-02,1465.81005859375,1472.199951171875,68.15350959996876,235.25791176065067,0.2352579117606446,time_stop
S3_bb_lower_break,1,2007-08-06,2007-08-07,1467.6700439453125,1476.7099609375,68.06713832732716,414.9057592942108,0.41490575929421514,time_stop
S3_bb_lower_break,1,2007-10-22,2007-10-23,1506.3299560546875,1519.5899658203125,66.3201973103913,678.7268577297781,0.6787268577297834,time_stop
S3_bb_lower_break,1,2007-11-08,2007-11-09,1474.77001953125,1453.699951171875,67.73944315185685,-1625.6476229379737,-1.6256476229379757,time_stop
S3_bb_lower_break,1,2008-01-07,2008-01-08,1416.1800537109375,1390.18994140625,70.54194813598959,-2031.3599608917627,-2.0313599608917654,time_stop
S3_bb_lower_break,1,2008-01-09,2008-01-10,1409.1300048828125,1420.3299560546875,70.89487808359308,593.4249538992117,0.593424953899202,time_stop
S3_bb_lower_break,1,2008-01-18,2008-01-22,1325.18994140625,1310.5,75.38549514953989,-1306.1012979214452,-1.306101297921447,time_stop
S3_bb_lower_break,1,2008-03-07,2008-03-10,1293.3699951171875,1273.3699951171875,77.24015577696183,-1743.05851222389,-1.743058512223894,time_stop
S3_bb_lower_break,1,2008-06-09,2008-06-10,1361.760009765625,1358.43994140625,73.3610174947742,-443.12022920314723,-0.4431202292031422,time_stop
S3_bb_lower_break,1,2008-06-12,2008-06-13,1339.8699951171875,1360.030029296875,74.55954701886019,1301.8196935057313,1.3018196935057347,time_stop
S3_bb_lower_break,1,2008-06-23,2008-06-24,1318.0,1314.2900390625,75.79673740523515,-480.721931828593,-0.48072193182859824,time_stop
S3_bb_lower_break,1,2008-06-27,2008-06-30,1278.3800048828125,1280.0,78.14585609797427,-73.33089039833231,-0.07333089039833762,time_stop
S3_bb_lower_break,1,2008-09-05,2008-09-08,1242.31005859375,1267.7900390625,80.41478792595723,1847.1180587261276,1.847118058726127,time_stop
S3_bb_lower_break,1,2008-09-10,2008-09-11,1232.0400390625,1249.050048828125,81.08510822109092,1178.0790244046307,1.1780790244046324,time_stop
S3_bb_lower_break,1,2008-09-16,2008-09-17,1213.5999755859375,1156.3900146484375,82.3171571438663,-4904.45218314214,-4.904452183142139,time_stop
S3_bb_lower_break,1,2008-09-18,2008-09-19,1206.510009765625,1255.0799560546875,82.80088776014911,3817.81283672575,3.8178128367257536,time_stop
S3_bb_lower_break,1,2008-09-30,2008-10-01,1166.3599853515625,1161.06005859375,85.65117215504283,-653.2911940035503,-0.6532911940035468,time_stop
S3_bb_lower_break,1,2008-10-03,2008-10-06,1099.22998046875,1056.8900146484375,90.88189157422637,-4043.888446555338,-4.043888446555332,time_stop
S3_bb_lower_break,1,2008-11-20,2008-11-21,752.4400024414062,800.030029296875,132.76819357817078,6112.323256239101,6.112323256239094,time_stop
S3_bb_lower_break,1,2009-01-21,2009-01-22,840.239990234375,827.5,118.8947218189817,-1713.003077097855,-1.7130030770978522,time_stop
S3_bb_lower_break,1,2009-02-18,2009-02-19,788.4199829101562,778.9400024414062,126.70924388719348,-1399.800155903615,-1.3998001559036188,time_stop
S3_bb_lower_break,1,2009-03-03,2009-03-04,696.3300170898438,712.8699951171875,143.46659981370635,2170.7612743676573,2.1707612743676608,time_stop
S3_bb_lower_break,1,2010-01-25,2010-01-26,1096.780029296875,1092.1700439453125,91.08490055580606,-619.2803570536686,-0.6192803570536642,time_stop
S3_bb_lower_break,1,2010-02-01,2010-02-02,1089.18994140625,1103.3199462890625,91.7196313538474,1094.902640240555,1.094902640240547,time_stop
S3_bb_lower_break,1,2010-05-05,2010-05-06,1165.8699951171875,1128.1500244140625,85.68716951160447,-3428.685605887992,-3.4286856058879933,time_stop
S3_bb_lower_break,1,2010-05-21,2010-05-24,1087.68994140625,1073.6500244140625,91.84611909800445,-1488.022576102545,-1.4880225761025434,time_stop
S3_bb_lower_break,1,2010-07-01,2010-07-02,1027.3699951171875,1022.5800170898438,97.2386777644842,-665.1055585701333,-0.6651055585701338,time_stop
S3_bb_lower_break,1,2010-08-25,2010-08-26,1055.3299560546875,1047.219970703125,94.66243171336934,-966.7434234043468,-0.9667434234043482,time_stop
S3_bb_lower_break,1,2011-03-11,2011-03-14,1304.280029296875,1296.3900146484375,76.59405776070581,-803.524109277715,-0.8035241092777201,time_stop
S3_bb_lower_break,1,2011-03-16,2011-03-17,1256.8800048828125,1273.719970703125,79.4826073388082,1137.3457067037657,1.137345706703763,time_stop
S3_bb_lower_break,1,2011-05-24,2011-05-25,1316.280029296875,1320.469970703125,75.89578028731785,117.88067371292564,0.11788067371292232,time_stop
S3_bb_lower_break,1,2011-06-06,2011-06-07,1286.1700439453125,1284.93994140625,77.67254444339058,-295.24984874132247,-0.2952498487413191,time_stop
S3_bb_lower_break,1,2011-08-03,2011-08-04,1260.3399658203125,1200.0699462890625,79.26440691347777,-4972.29028525562,-4.972290285255621,time_stop
S3_bb_lower_break,1,2011-08-11,2011-08-12,1172.6400146484375,1178.81005859375,85.1924705384119,325.3154459445112,0.32531544594451844,time_stop
S3_bb_lower_break,1,2011-09-23,2011-09-26,1136.4300537109375,1162.949951171875,87.9069499912315,2129.151816771152,2.1291518167711576,time_stop
S3_bb_lower_break,1,2011-10-04,2011-10-05,1123.949951171875,1144.030029296875,88.88305017135336,1583.1936130374675,1.5831936130374702,time_stop
S3_bb_lower_break,1,2011-11-22,2011-11-23,1188.0400390625,1161.7900390625,84.08815916585822,-2404.907063725857,-2.4049070637258585,time_stop
S3_bb_lower_break,1,2012-04-11,2012-04-12,1368.7099609375,1387.5699462890625,72.98850943677883,1175.3854567910341,1.1753854567910338,time_stop
S3_bb_lower_break,1,2012-05-15,2012-05-16,1330.6600341796875,1324.800048828125,75.07559957768278,-639.3021716714001,-0.6393021716713965,time_stop
S3_bb_lower_break,1,2012-06-04,2012-06-05,1278.1800537109375,1285.5,78.15808078843052,371.7406406739149,0.3717406406739121,time_stop
S3_bb_lower_break,1,2012-10-24,2012-10-25,1408.75,1412.969970703125,70.9140017037089,99.15555482118288,0.09915555482118421,time_stop
S3_bb_lower_break,1,2012-11-09,2012-11-12,1379.8499755859375,1380.030029296875,72.39924750346752,-186.7774823712911,-0.186777482371292,time_stop
S3_bb_lower_break,1,2012-11-15,2012-11-16,1353.3299560546875,1359.8800048828125,73.81799202268083,283.22774089037193,0.2832277408903794,time_stop
S3_bb_lower_break,1,2013-02-26,2013-02-27,1496.93994140625,1515.989990234375,66.73621107754805,1070.2565517515288,1.070256551751525,time_stop
S3_bb_lower_break,1,2013-06-06,2013-06-07,1622.56005859375,1643.3800048828125,61.56943120286218,1080.79017864084,1.0807901786408447,time_stop
S3_bb_lower_break,1,2013-06-21,2013-06-24,1592.4300537109375,1573.0899658203125,62.73437233070085,-1411.8751861645044,-1.4118751861645018,time_stop
S3_bb_lower_break,1,2013-08-16,2013-08-19,1655.8299560546875,1646.06005859375,60.332342421277275,-788.6515580352049,-0.7886515580352027,time_stop
S3_bb_lower_break,1,2013-08-22,2013-08-23,1656.9599609375,1663.5,60.291197286129304,194.11227879061317,0.19411227879060355,time_stop
S3_bb_lower_break,1,2013-10-09,2013-10-10,1656.4000244140625,1692.56005859375,60.311578379406704,1978.8876670944328,1.9788876670944422,time_stop
S3_bb_lower_break,1,2013-12-13,2013-12-16,1775.3199462890625,1786.5400390625,56.2716033855871,430.9410380856885,0.43094103808569706,time_stop
S3_bb_lower_break,1,2014-01-27,2014-01-28,1781.56005859375,1792.5,56.07450583448457,413.0381566052765,0.4130381566052721,time_stop
S3_bb_lower_break,1,2014-01-30,2014-01-31,1794.18994140625,1782.5899658203125,55.679779266737064,-845.0383958446057,-0.8450383958446106,time_stop
S3_bb_lower_break,1,2014-02-04,2014-02-05,1755.199951171875,1751.6400146484375,56.91664920193321,-402.21723842755483,-0.4022172384275602,time_stop
S3_bb_lower_break,1,2014-04-14,2014-04-15,1830.6099853515625,1842.97998046875,54.57202828537747,474.58046790152105,0.47458046790151975,time_stop
S3_bb_lower_break,1,2014-08-01,2014-08-04,1925.1500244140625,1938.989990234375,51.89211159296816,517.6666659395419,0.5176666659395313,time_stop
S3_bb_lower_break,1,2014-08-06,2014-08-07,1920.239990234375,1909.5699462890625,52.02479919601435,-754.3519865740599,-0.7543519865740644,time_stop
S3_bb_lower_break,1,2014-08-08,2014-08-11,1931.5899658203125,1936.9200439453125,51.71910274325435,75.59099151807841,0.07559099151808191,time_stop
S3_bb_lower_break,1,2014-09-26,2014-09-29,1982.8499755859375,1977.800048828125,50.382076874262346,-453.9715721235679,-0.4539715721235682,time_stop
S3_bb_lower_break,1,2014-10-02,2014-10-03,1946.1700439453125,1967.9000244140625,51.33163991034439,914.5198973478175,0.9145198973478097,time_stop
S3_bb_lower_break,1,2014-10-08,2014-10-09,1968.8900146484375,1928.2099609375,50.73929938028456,-2261.8135464214542,-2.261813546421454,time_stop
S3_bb_lower_break,1,2014-10-10,2014-10-13,1906.1300048828125,1874.739990234375,52.40990889613623,-1843.3028599652066,-1.8433028599652013,time_stop
S3_bb_lower_break,1,2014-12-11,2014-12-12,2035.3299560546875,2002.3299560546875,49.08299983642342,-1817.9194554075582,-1.8179194554075573,time_stop
S3_bb_lower_break,1,2014-12-15,2014-12-16,1989.6300048828125,1972.739990234375,50.210390703262405,-1047.0063800475864,-1.0470063800475882,time_stop
S3_bb_lower_break,1,2015-03-11,2015-03-12,2040.239990234375,2065.949951171875,48.96487686658067,1057.8259866775606,1.057825986677563,time_stop
S3_bb_lower_break,1,2015-06-09,2015-06-10,2080.14990234375,2105.199951171875,48.025433064963394,1002.0362040257132,1.0020362040257025,time_stop
S3_bb_lower_break,1,2015-06-30,2015-07-01,2063.110107421875,2077.419921875,48.422088351328036,492.41798884039457,0.4924179888403879,time_stop
S3_bb_lower_break,1,2015-07-09,2015-07-10,2051.31005859375,2076.6201171875,48.7006337640567,1031.583078426732,1.0315830784267233,time_stop
S3_bb_lower_break,1,2015-08-21,2015-08-24,1970.8900146484375,1893.2099609375,50.68781066300133,-4133.294622737173,-4.133294622737171,time_stop
S3_bb_lower_break,1,2015-09-29,2015-09-30,1884.0899658203125,1920.030029296875,53.02299874868474,1703.9440910044918,1.7039440910044945,time_stop
S3_bb_lower_break,1,2015-12-14,2015-12-15,2021.93994140625,2043.4100341796875,49.40804514233981,859.9343178470689,0.8599343178470775,time_stop
S3_bb_lower_break,1,2015-12-21,2015-12-22,2021.1500244140625,2038.969970703125,49.42735506685668,680.1118198891138,0.6801118198891176,time_stop
S3_bb_lower_break,1,2016-01-07,2016-01-08,1943.0899658203125,1922.030029296875,51.41300797049054,-1281.4721294533624,-1.2814721294533649,time_stop
S3_bb_lower_break,1,2016-01-14,2016-01-15,1921.8399658203125,1880.3299560546875,51.981487364614594,-2355.3944958889165,-2.3553944958889184,time_stop
S3_bb_lower_break,1,2016-06-27,2016-06-28,2000.5400390625,2036.0899658203125,49.93656610187889,1573.6658263908053,1.573665826390802,time_stop
S3_bb_lower_break,1,2016-09-12,2016-09-13,2159.0400390625,2127.02001953125,46.270610128878666,-1679.9044540096945,-1.6799044540096952,time_stop
S3_bb_lower_break,1,2016-09-14,2016-09-15,2125.77001953125,2147.260009765625,46.994782588066,809.1073016650494,0.8091073016650574,time_stop
S3_bb_lower_break,1,2016-11-02,2016-11-03,2097.93994140625,2088.659912109375,47.6181886470672,-641.2564873233852,-0.6412564873233828,time_stop
S3_bb_lower_break,1,2017-03-22,2017-03-23,2348.449951171875,2345.9599609375,42.5387391586735,-305.61532384280866,-0.30561532384281165,time_stop
S3_bb_lower_break,1,2017-04-17,2017-04-18,2349.010009765625,2342.18994140625,42.52859693436026,-489.5580901824959,-0.48955809018249585,time_stop
S3_bb_lower_break,1,2017-06-30,2017-07-03,2423.409912109375,2429.010009765625,41.22294763296782,30.821480090494347,0.030821480090503783,time_stop
S3_bb_lower_break,1,2017-07-07,2017-07-10,2425.179931640625,2427.429931640625,41.19286103135361,-107.20894641696576,-0.1072089464169701,time_stop
S3_bb_lower_break,1,2017-08-11,2017-08-14,2441.320068359375,2465.840087890625,40.92052541362803,802.5685104886177,0.8025685104886104,time_stop
S3_bb_lower_break,1,2017-08-18,2017-08-21,2425.550048828125,2428.3701171875,41.186575370137355,-83.76739072589068,-0.08376739072588624,time_stop
S3_bb_lower_break,1,2018-02-06,2018-02-07,2695.139892578125,2681.659912109375,37.06675864032318,-698.9597231291107,-0.6989597231291111,time_stop
S3_bb_lower_break,1,2018-02-09,2018-02-12,2619.550048828125,2656.0,38.13635854935887,1188.8781387900606,1.1888781387900504,time_stop
S3_bb_lower_break,1,2018-03-23,2018-03-26,2588.260009765625,2658.550048828125,38.59739729516053,2510.4993512238925,2.510499351223894,time_stop
S3_bb_lower_break,1,2018-06-28,2018-06-29,2716.31005859375,2718.3701171875,36.777870620491235,-124.11139593705607,-0.12411139593705434,time_stop
S3_bb_lower_break,1,2018-10-11,2018-10-12,2728.3701171875,2767.1298828125,36.6153034996148,1217.981181551179,1.2179811815511865,time_stop
S3_bb_lower_break,1,2018-10-25,2018-10-26,2705.570068359375,2658.68994140625,36.92386350233322,-1929.0646129808472,-1.9290646129808464,time_stop
S3_bb_lower_break,1,2018-12-18,2018-12-19,2546.159912109375,2506.9599609375,39.23559530765581,-1736.295586639477,-1.7362955866394802,time_stop
S3_bb_lower_break,1,2018-12-20,2018-12-21,2467.419921875,2416.6201171875,40.487676627084014,-2254.5094986418103,-2.25450949864181,time_stop
S3_bb_lower_break,1,2019-05-14,2019-05-15,2834.409912109375,2850.9599609375,35.24546660428308,382.9306792774761,0.38293067927748226,time_stop
S3_bb_lower_break,1,2019-06-03,2019-06-04,2744.449951171875,2803.27001953125,36.40077307929873,1939.1546650973974,1.9391546650973979,time_stop
S3_bb_lower_break,1,2019-08-02,2019-08-05,2932.050048828125,2844.739990234375,34.07175806566731,-3171.632585712572,-3.1716325857125693,time_stop
S3_bb_lower_break,1,2019-10-02,2019-10-03,2887.610107421875,2910.6298828125,34.59611796043096,595.7982701716672,0.5957982701716658,time_stop
S3_bb_lower_break,1,2019-10-09,2019-10-10,2919.39990234375,2938.1298828125,34.21939550655537,440.48748108054076,0.4404874810805426,time_stop
S3_bb_lower_break,1,2020-02-26,2020-02-27,3116.389892578125,2978.760009765625,32.056354738544805,-4607.300633515983,-4.607300633515987,time_stop
S3_bb_lower_break,1,2020-03-10,2020-03-11,2882.22998046875,2741.3798828125,34.66069695238293,-5076.880787826428,-5.076880787826433,time_stop
S3_bb_lower_break,1,2020-03-13,2020-03-16,2711.02001953125,2386.1298828125,36.849635628058984,-12159.91127387916,-12.159911273879153,time_stop
S3_bb_lower_break,1,2020-03-17,2020-03-18,2529.18994140625,2398.10009765625,39.498852286497176,-5372.520675966901,-5.372520675966896,time_stop
S3_bb_lower_break,1,2020-10-29,2020-10-30,3310.110107421875,3269.9599609375,30.180295113478408,-1410.3317262782646,-1.4103317262782689,time_stop
S3_bb_lower_break,1,2020-11-02,2020-11-03,3310.239990234375,3369.159912109375,30.17911093903094,1576.5725081256855,1.5765725081256843,time_stop
S3_bb_lower_break,1,2021-03-05,2021-03-08,3841.93994140625,3821.35009765625,26.002514725291064,-734.6525273857111,-0.7346525273857152,time_stop
S3_bb_lower_break,1,2021-05-13,2021-05-14,4112.5,4173.85009765625,24.29181760488752,1289.0148771251734,1.289014877125183,time_stop
S3_bb_lower_break,1,2021-09-21,2021-09-22,4354.18994140625,4395.64013671875,22.94344097167146,750.2588995069934,0.7502588995069948,time_stop
S3_bb_lower_break,1,2021-10-01,2021-10-04,4357.0400390625,4300.4599609375,22.928432836158954,-1495.7954284327202,-1.4957954284327224,time_stop
S3_bb_lower_break,1,2021-11-29,2021-11-30,4655.27001953125,4567.0,21.4595715137828,-2092.142759657398,-2.0921427596574005,time_stop
S3_bb_lower_break,1,2021-12-01,2021-12-02,4513.0400390625,4577.10009765625,22.135877154959232,1216.8073621829817,1.2168073621829922,time_stop
S3_bb_lower_break,1,2022-01-20,2022-01-21,4482.72998046875,4397.93994140625,22.285549282549816,-2087.503201402668,-2.087503201402663,time_stop
S3_bb_lower_break,1,2022-02-24,2022-02-25,4288.7001953125,4384.64990234375,23.293794238471033,2032.9975002944907,2.0329975002944867,time_stop
S3_bb_lower_break,1,2022-04-25,2022-04-26,4296.1201171875,4175.2001953125,23.253563023163455,-3008.8074048524422,-3.0088074048524427,time_stop
S3_bb_lower_break,1,2022-04-27,2022-04-28,4183.9599609375,4287.5,23.876925408654078,2269.945371914751,2.269945371914761,time_stop
S3_bb_lower_break,1,2022-05-02,2022-05-03,4155.3798828125,4175.47998046875,24.041147312020048,282.94597953097974,0.28294597953097966,time_stop
S3_bb_lower_break,1,2022-05-10,2022-05-11,4001.050048828125,3935.179931640625,24.968470446741808,-1842.831598045385,-1.8428315980453802,time_stop
S3_bb_lower_break,1,2022-06-14,2022-06-15,3735.47998046875,3789.989990234375,26.743577912995228,1256.534700711723,1.25653470071172,time_stop
S3_bb_lower_break,1,2022-06-17,2022-06-21,3674.840087890625,3764.7900390625,27.184883562496193,2243.0334703103954,2.243033470310385,time_stop
S3_bb_lower_break,1,2022-08-31,2022-09-01,3955.0,3966.85009765625,25.259190872338788,99.22435487632958,0.09922435487632608,time_stop
S3_bb_lower_break,1,2022-09-26,2022-09-27,3655.0400390625,3647.2900390625,27.332149260319405,-411.4125324108987,-0.41141253241090414,time_stop
S3_bb_lower_break,1,2022-12-19,2022-12-20,3817.659912109375,3821.6201171875,26.167888759085937,-96.27362405859573,-0.09627362405859596,time_stop
S3_bb_lower_break,1,2023-03-13,2023-03-14,3855.760009765625,3919.2900390625,25.90931480358717,1444.5733092051253,1.4445733092051327,time_stop
S3_bb_lower_break,1,2023-08-17,2023-08-18,4370.35986328125,4369.7099609375,22.85855239048788,-214.6411707467231,-0.21464117074672107,time_stop
S3_bb_lower_break,1,2023-09-22,2023-09-25,4320.06005859375,4337.43994140625,23.12470163496269,201.70250008500437,0.20170250008499924,time_stop
S3_bb_lower_break,1,2023-09-27,2023-09-28,4274.509765625,4299.7001953125,23.371124497944145,388.33973991470003,0.3883397399147004,time_stop
S3_bb_lower_break,1,2023-10-27,2023-10-30,4117.3701171875,4166.81982421875,24.263084701343253,998.8024279254755,0.9988024279254715,time_stop
S3_bb_lower_break,1,2024-04-16,2024-04-17,5051.41015625,5022.2099609375,19.776675583647805,-776.7055066849753,-0.7767055066849715,time_stop
S3_bb_lower_break,1,2024-07-26,2024-07-29,5459.10009765625,5463.5400390625,18.29973770640145,-118.63168639718143,-0.11863168639718591,time_stop
S3_bb_lower_break,1,2024-08-05,2024-08-06,5186.330078125,5240.02978515625,19.26219473023139,833.5396397783337,0.8335396397783246,time_stop
S3_bb_lower_break,1,2024-11-01,2024-11-04,5728.7998046875,5712.68994140625,17.438224987083373,-480.44669278936584,-0.48044669278937135,time_stop
S3_bb_lower_break,1,2024-12-19,2024-12-20,5867.080078125,5930.85009765625,17.02722624710211,884.9405239901865,0.8849405239901964,time_stop
S3_bb_lower_break,1,2025-02-26,2025-02-27,5956.06005859375,5861.56982421875,16.772849655194165,-1783.085824361056,-1.7830858243610526,time_stop
S3_bb_lower_break,1,2025-02-28,2025-03-03,5954.5,5849.72021484375,16.777244084322767,-1955.9583144388178,-1.9559583144388215,time_stop
S3_bb_lower_break,1,2025-03-04,2025-03-05,5778.14990234375,5842.6298828125,17.28928836885629,913.897963565907,0.9138979635659128,time_stop
S3_bb_lower_break,1,2025-03-07,2025-03-10,5770.2001953125,5614.56005859375,17.31310812773101,-2891.72010131073,-2.891720101310735,time_stop
S3_bb_lower_break,1,2025-03-11,2025-03-12,5572.06982421875,5599.2998046875,17.928723625445006,287.9103955561352,0.2879103955561346,time_stop
S3_bb_lower_break,1,2025-04-04,2025-04-07,5074.080078125,5062.25,19.688317559429514,-432.4816203431637,-0.4324816203431614,time_stop
S3_bb_lower_break,1,2025-10-13,2025-10-14,6654.72021484375,6644.31005859375,15.011915854443705,-355.9203130671467,-0.35592031306714844,time_stop
S3_bb_lower_break,1,2025-11-19,2025-11-20,6642.16015625,6538.759765625,15.040302785547562,-1753.418209760951,-1.7534182097609485,time_stop
S3_bb_lower_break,1,2025-11-21,2025-11-24,6602.990234375,6705.1201171875,15.129524102583481,1343.831147281955,1.3438311472819597,time_stop
S3_bb_lower_break,1,2026-01-21,2026-01-22,6875.6201171875,6913.35009765625,14.529613067244973,347.8536154282237,0.34785361542821747,time_stop
S3_bb_lower_break,1,2026-02-06,2026-02-09,6932.2998046875,6964.81982421875,14.410816426685587,268.37119182523656,0.26837119182523406,time_stop
S3_bb_lower_break,1,2026-03-09,2026-03-10,6795.990234375,6781.47998046875,14.6998592485893,-412.88559119328465,-0.4128855911932794,time_stop
S3_bb_lower_break,1,2026-03-13,2026-03-16,6632.18994140625,6699.3798828125,15.06291297183773,811.2639639450509,0.8112639639450414,time_stop
S3_bb_lower_break,1,2026-03-23,2026-03-24,6581.0,6556.3701171875,15.180079000167135,-573.3098830919415,-0.5733098830919436,time_stop
S3_bb_lower_break,1,2026-03-30,2026-03-31,6343.72021484375,6528.52001953125,15.747872938397002,2707.4934396158787,2.707493439615871,time_stop
S3_bb_lower_break,1,2026-06-11,2026-06-12,7394.2998046875,7431.4599609375,13.510420531876434,301.7470888295722,0.3017470888295737,time_stop
S3_bb_lower_break,1,2026-07-30,2026-07-31,7437.6298828125,7489.72021484375,13.431711643914609,499.16245716004255,0.4991624571600406,time_stop
S3_bb_lower_break,5,2000-01-31,2000-02-07,1394.4599609375,1424.239990234375,71.64070873210066,1931.5287426857635,1.931528742685762,time_stop
S3_bb_lower_break,5,2000-02-22,2000-02-29,1352.1700439453125,1366.4200439453125,73.88131422333174,851.9557191546165,0.8519557191546179,time_stop
S3_bb_lower_break,5,2000-04-14,2000-04-24,1356.56005859375,1429.8599853515625,73.64222414425151,5192.771466619791,5.192771466619783,time_stop
S3_bb_lower_break,5,2000-05-24,2000-06-01,1399.050048828125,1448.81005859375,71.40566556841796,3349.793269589226,3.3497932695892185,time_stop
S3_bb_lower_break,5,2000-07-31,2000-08-07,1430.8299560546875,1479.3199462890625,69.81968715245549,3182.370192441304,3.1823701924412973,time_stop
S3_bb_lower_break,5,2000-09-18,2000-09-25,1444.510009765625,1439.030029296875,69.15846842508826,-578.4082689621207,-0.5784082689621162,time_stop
S3_bb_lower_break,5,2000-10-11,2000-10-18,1364.5899658203125,1342.1300048828125,73.20887768659925,-1842.4244643863085,-1.8424244643863052,time_stop
S3_bb_lower_break,5,2000-12-21,2000-12-29,1274.8599853515625,1320.280029296875,78.36162484349283,3355.8290557733358,3.3558290557733406,time_stop
S3_bb_lower_break,5,2001-02-12,2001-02-20,1330.31005859375,1278.93994140625,75.0953503318638,-4053.599489637607,-4.053599489637605,time_stop
S3_bb_lower_break,5,2001-03-13,2001-03-20,1197.6600341796875,1142.6199951171875,83.41273570886452,-4786.249391294356,-4.786249391294362,time_stop
S3_bb_lower_break,5,2001-03-22,2001-03-29,1117.5799560546875,1147.949951171875,89.38966680538014,2512.2487808618175,2.5122487808618255,time_stop
S3_bb_lower_break,5,2001-06-15,2001-06-22,1214.3599853515625,1225.3499755859375,82.26563877693846,703.3942684162079,0.7033942684162131,time_stop
S3_bb_lower_break,5,2001-07-09,2001-07-16,1198.780029296875,1202.449951171875,83.33480493389158,105.72619155196939,0.10572619155198026,time_stop
S3_bb_lower_break,5,2001-07-25,2001-08-01,1190.489990234375,1215.9300537109375,83.91511118916027,1932.8707497395505,1.932870749739557,time_stop
S3_bb_lower_break,5,2001-08-20,2001-08-27,1171.4100341796875,1179.2099609375,85.28192262759447,464.72735771021763,0.4647273577102151,time_stop
S3_bb_lower_break,5,2001-08-31,2001-09-10,1133.5799560546875,1092.5400390625,88.12796959448039,-3812.9479920908316,-3.8129479920908316,time_stop
S3_bb_lower_break,5,2001-09-18,2001-09-25,1032.739990234375,1012.27001953125,96.73306044576438,-2177.9429902352467,-2.1779429902352487,time_stop
S3_bb_lower_break,5,2001-12-14,2001-12-21,1123.0899658203125,1144.8900146484375,88.95111072168845,1737.3992186915393,1.7373992186915377,time_stop
S3_bb_lower_break,5,2002-01-17,2002-01-25,1138.8800048828125,1133.280029296875,87.71784513889973,-690.5267732378376,-0.6905267732378428,time_stop
S3_bb_lower_break,5,2002-01-30,2002-02-06,1113.5699462890625,1083.510009765625,89.71156255879023,-2893.8273518598735,-2.893827351859879,time_stop
S3_bb_lower_break,5,2002-04-04,2002-04-11,1126.3399658203125,1103.68994140625,88.69444655401423,-2206.722648260516,-2.2067226482605173,time_stop
S3_bb_lower_break,5,2002-04-12,2002-04-19,1111.010009765625,1125.1700439453125,89.91827168251571,1072.1723548022617,1.0721723548022588,time_stop
S3_bb_lower_break,5,2002-04-29,2002-05-06,1065.449951171875,1052.6700439453125,93.76329670879524,-1396.8881467620445,-1.396888146762043,time_stop
S3_bb_lower_break,5,2002-05-07,2002-05-14,1049.489990234375,1097.280029296875,95.18918791954361,4344.745714193463,4.344745714193454,time_stop
S3_bb_lower_break,5,2002-06-04,2002-06-11,1040.68994140625,1013.5999755859375,95.99410537696579,-2797.6767563800527,-2.797676756380052,time_stop
S3_bb_lower_break,5,2002-06-26,2002-07-03,973.530029296875,953.989990234375,102.61635172389293,-2202.9225934151586,-2.2029225934151575,time_stop
S3_bb_lower_break,5,2002-07-11,2002-07-18,927.3699951171875,881.5599975585938,107.72410195078179,-5129.7062063198355,-5.12970620631984,time_stop
S3_bb_lower_break,5,2002-07-19,2002-07-26,847.75,852.8400268554688,117.84146257752865,399.4161931979415,0.3994161931979434,time_stop
S3_bb_lower_break,5,2002-09-20,2002-09-27,845.3900146484375,827.3699951171875,118.17042804987967,-2327.1041878537294,-2.3271041878537346,time_stop
S3_bb_lower_break,5,2003-01-28,2003-02-04,858.5399780273438,848.2000122070312,116.36045199623561,-1401.7601331808999,-1.401760133180896,time_stop
S3_bb_lower_break,5,2003-03-11,2003-03-18,800.72998046875,866.4500122070312,124.76128325008895,7991.315979609456,7.991315979609448,time_stop
S3_bb_lower_break,5,2003-08-06,2003-08-13,967.0800170898438,984.030029296875,103.30075912510452,1549.3979792377638,1.5493979792377655,time_stop
S3_bb_lower_break,5,2003-09-29,2003-10-06,1006.5800170898438,1034.3499755859375,99.24705259788918,2553.5302451713296,2.5535302451713315,time_stop
S3_bb_lower_break,5,2004-03-11,2004-03-18,1106.780029296875,1122.3199462890625,90.26192852753707,1201.4600141956296,1.2014600141956322,time_stop
S3_bb_lower_break,5,2004-04-30,2004-05-07,1107.300048828125,1098.699951171875,90.21953896401065,-974.9211485469424,-0.9749211485469478,time_stop
S3_bb_lower_break,5,2004-05-10,2004-05-17,1087.1199951171875,1084.0999755859375,91.89427142247628,-477.0451718115567,-0.47704517181155204,time_stop
S3_bb_lower_break,5,2004-07-07,2004-07-14,1118.3299560546875,1111.469970703125,89.32971826359152,-811.9879579888923,-0.8119879579888911,time_stop
S3_bb_lower_break,5,2004-08-06,2004-08-13,1063.969970703125,1064.800048828125,93.89372129937172,-121.9390147988658,-0.12193901479886637,time_stop
S3_bb_lower_break,5,2005-03-23,2005-03-31,1172.530029296875,1180.5899658203125,85.20046173999185,486.2234032783313,0.4862234032783297,time_stop
S3_bb_lower_break,5,2005-04-15,2005-04-22,1142.6199951171875,1152.1199951171875,87.43072966253678,629.9611400621277,0.6299611400621297,time_stop
S3_bb_lower_break,5,2005-08-17,2005-08-24,1220.239990234375,1209.5899658203125,81.86922302137616,-1070.8375145142213,-1.0708375145142224,time_stop
S3_bb_lower_break,5,2005-10-06,2005-10-13,1191.489990234375,1176.8399658203125,83.84468247227895,-1426.8985183631885,-1.4268985183631844,time_stop
S3_bb_lower_break,5,2006-01-03,2006-01-10,1268.800048828125,1289.68994140625,78.73588907280428,1443.33928070907,1.4433392807090772,time_stop
S3_bb_lower_break,5,2006-04-12,2006-04-20,1288.1199951171875,1311.4599609375,77.55496403967507,1608.5198798715035,1.608519879871495,time_stop
S3_bb_lower_break,5,2006-05-18,2006-05-25,1261.81005859375,1272.8800048828125,79.17205859924402,675.7538060516536,0.6757538060516488,time_stop
S3_bb_lower_break,5,2006-06-13,2006-06-20,1223.68994140625,1240.1199951171875,81.63840897907185,1140.181921157055,1.1401819211570574,time_stop
S3_bb_lower_break,5,2007-02-28,2007-03-07,1406.8199462890625,1391.969970703125,71.01129050922144,-1253.2616142576408,-1.2532616142576392,time_stop
S3_bb_lower_break,5,2007-07-27,2007-08-03,1458.949951171875,1433.06005859375,68.47397322975814,-1970.8112273047207,-1.9708112273047251,time_stop
S3_bb_lower_break,5,2007-08-06,2007-08-13,1467.6700439453125,1452.9200439453125,68.06713832732716,-1202.7864998379428,-1.2027864998379378,time_stop
S3_bb_lower_break,5,2007-10-22,2007-10-29,1506.3299560546875,1540.97998046875,66.3201973103913,2095.898259694357,2.095898259694362,time_stop
S3_bb_lower_break,5,2007-11-08,2007-11-15,1474.77001953125,1451.1500244140625,67.73944315185685,-1798.2055109715564,-1.7982055109715511,time_stop
S3_bb_lower_break,5,2008-01-07,2008-01-14,1416.1800537109375,1416.25,70.54194813598959,-194.87098645233525,-0.19487098645233347,time_stop
S3_bb_lower_break,5,2008-01-18,2008-01-28,1325.18994140625,1353.9599609375,75.38549514953989,1966.8731258571993,1.9668731258571936,time_stop
S3_bb_lower_break,5,2008-03-07,2008-03-14,1293.3699951171875,1288.1400146484375,77.24015577696183,-603.3607414107876,-0.6033607414107856,time_stop
S3_bb_lower_break,5,2008-06-09,2008-06-16,1361.760009765625,1360.1400146484375,73.3610174947742,-318.5258454435047,-0.3185258454435069,time_stop
S3_bb_lower_break,5,2008-06-23,2008-06-30,1318.0,1280.0,75.79673740523515,-3077.195945177716,-3.077195945177713,time_stop
S3_bb_lower_break,5,2008-09-05,2008-09-12,1242.31005859375,1251.699951171875,80.41478792595723,554.5309342969273,0.5545309342969373,time_stop
S3_bb_lower_break,5,2008-09-16,2008-09-23,1213.5999755859375,1188.219970703125,82.3171571438663,-2286.9208402005083,-2.2869208402005126,time_stop
S3_bb_lower_break,5,2008-09-30,2008-10-07,1166.3599853515625,996.22998046875,85.65117215504283,-14757.062702419284,-14.757062702419288,time_stop
S3_bb_lower_break,5,2008-11-20,2008-11-28,752.4400024414062,896.239990234375,132.76819357817078,18873.172351419456,18.873172351419456,time_stop
S3_bb_lower_break,5,2009-01-21,2009-01-28,840.239990234375,874.0900268554688,118.8947218189817,3820.7658971394667,3.8207658971394665,time_stop
S3_bb_lower_break,5,2009-02-18,2009-02-25,788.4199829101562,764.9000244140625,126.70924388719348,-3177.016160941104,-3.177016160941104,time_stop
S3_bb_lower_break,5,2009-03-03,2009-03-10,696.3300170898438,719.5999755859375,143.46659981370635,3135.323161617205,3.1353231616171984,time_stop
S3_bb_lower_break,5,2010-01-25,2010-02-01,1096.780029296875,1089.18994140625,91.08490055580606,-890.4512581268577,-0.8904512581268564,time_stop
S3_bb_lower_break,5,2010-05-05,2010-05-12,1165.8699951171875,1171.6700439453125,85.68716951160447,296.69257754383307,0.2966925775438334,time_stop
S3_bb_lower_break,5,2010-05-21,2010-05-28,1087.68994140625,1089.4100341796875,91.84611909800445,-41.97433791716417,-0.0419743379171611,time_stop
S3_bb_lower_break,5,2010-07-01,2010-07-09,1027.3699951171875,1077.9599609375,97.2386777644842,4714.58188333292,4.714581883332913,time_stop
S3_bb_lower_break,5,2010-08-25,2010-09-01,1055.3299560546875,1080.2900390625,94.66243171336934,2160.619171333618,2.160619171333611,time_stop
S3_bb_lower_break,5,2011-03-11,2011-03-18,1304.280029296875,1279.2099609375,76.59405776070581,-2118.098245519022,-2.118098245519018,time_stop
S3_bb_lower_break,5,2011-05-24,2011-06-01,1316.280029296875,1314.550048828125,75.89578028731785,-330.96711914022404,-0.33096711914022414,time_stop
S3_bb_lower_break,5,2011-06-06,2011-06-13,1286.1700439453125,1271.8299560546875,77.67254444339058,-1312.5174826928899,-1.3125174826928876,time_stop
S3_bb_lower_break,5,2011-08-03,2011-08-10,1260.3399658203125,1120.760009765625,79.26440691347777,-11252.4589110506,-11.2524589110506,time_stop
S3_bb_lower_break,5,2011-08-11,2011-08-18,1172.6400146484375,1140.6500244140625,85.1924705384119,-2922.381194065701,-2.922381194065704,time_stop
S3_bb_lower_break,5,2011-09-23,2011-09-30,1136.4300537109375,1131.4200439453125,87.9069499912315,-639.7744630446571,-0.6397744630446622,time_stop
S3_bb_lower_break,5,2011-10-04,2011-10-11,1123.949951171875,1195.5400390625,88.88305017135336,6156.982028580083,6.1569820285800825,time_stop
S3_bb_lower_break,5,2011-11-22,2011-11-30,1188.0400390625,1246.9599609375,84.08815916585822,4749.713101096071,4.749713101096065,time_stop
S3_bb_lower_break,5,2012-04-11,2012-04-18,1368.7099609375,1385.1400146484375,72.98850943677883,998.2057253970268,0.9982057253970167,time_stop
S3_bb_lower_break,5,2012-05-15,2012-05-22,1330.6600341796875,1316.6300048828125,75.07559957768278,-1252.0597484939867,-1.2520597484939833,time_stop
S3_bb_lower_break,5,2012-06-04,2012-06-11,1278.1800537109375,1308.9300537109375,78.15808078843052,2201.1574234598065,2.2011574234598097,time_stop
S3_bb_lower_break,5,2012-10-24,2012-11-02,1408.75,1414.199951171875,70.9140017037089,186.29116904059762,0.18629116904058662,time_stop
S3_bb_lower_break,5,2012-11-09,2012-11-16,1379.8499755859375,1359.8800048828125,72.39924750346752,-1644.1652405211594,-1.644165240521156,time_stop
S3_bb_lower_break,5,2013-02-26,2013-03-05,1496.93994140625,1539.7900390625,66.73621107754805,2656.9933089189735,2.6569933089189757,time_stop
S3_bb_lower_break,5,2013-06-06,2013-06-13,1622.56005859375,1636.3599853515625,61.56943120286218,649.0037876783622,0.6490037876783594,time_stop
S3_bb_lower_break,5,2013-06-21,2013-06-28,1592.4300537109375,1606.280029296875,62.73437233070085,668.2004558539506,0.6682004558539401,time_stop
S3_bb_lower_break,5,2013-08-16,2013-08-23,1655.8299560546875,1663.5,60.332342421277275,262.4887661769479,0.26248876617693817,time_stop
S3_bb_lower_break,5,2013-10-09,2013-10-16,1656.4000244140625,1721.5400390625,60.311578379406704,3724.9682022056413,3.7249682022056474,time_stop
S3_bb_lower_break,5,2013-12-13,2013-12-20,1775.3199462890625,1818.3199462890625,56.2716033855871,2217.4590668344827,2.217459066834482,time_stop
S3_bb_lower_break,5,2014-01-27,2014-02-03,1781.56005859375,1741.8900146484375,56.07450583448457,-2422.0538323552073,-2.4220538323552088,time_stop
S3_bb_lower_break,5,2014-02-04,2014-02-11,1755.199951171875,1819.75,56.91664920193321,3470.4983128327312,3.470498312832726,time_stop
S3_bb_lower_break,5,2014-04-14,2014-04-22,1830.6099853515625,1879.550048828125,54.57202828537747,2468.2875700026125,2.468287570002614,time_stop
S3_bb_lower_break,5,2014-08-01,2014-08-08,1925.1500244140625,1931.5899658203125,51.89211159296816,134.04777614700288,0.13404777614700603,time_stop
S3_bb_lower_break,5,2014-09-26,2014-10-03,1982.8499755859375,1967.9000244140625,50.382076874262346,-952.2565794188538,-0.9522565794188531,time_stop
S3_bb_lower_break,5,2014-10-08,2014-10-15,1968.8900146484375,1862.489990234375,50.73929938028456,-5593.064229922071,-5.593064229922073,time_stop
S3_bb_lower_break,5,2014-12-11,2014-12-18,2035.3299560546875,2061.22998046875,49.08299983642342,1070.1794433845173,1.0701794433845224,time_stop
S3_bb_lower_break,5,2015-03-11,2015-03-18,2040.239990234375,2099.5,48.96487686658067,2698.9572224047324,2.698957222404741,time_stop
S3_bb_lower_break,5,2015-06-09,2015-06-16,2080.14990234375,2096.2900390625,48.025433064963394,574.5617187898531,0.5745617187898455,time_stop
S3_bb_lower_break,5,2015-06-30,2015-07-08,2063.110107421875,2046.6800537109375,48.422088351328036,-994.5821346958755,-0.9945821346958761,time_stop
S3_bb_lower_break,5,2015-07-09,2015-07-16,2051.31005859375,2124.2900390625,48.7006337640567,3350.816929815495,3.350816929815492,time_stop
S3_bb_lower_break,5,2015-08-21,2015-08-28,1970.8900146484375,1988.8699951171875,50.68781066300133,710.6542800785473,0.7106542800785487,time_stop
S3_bb_lower_break,5,2015-09-29,2015-10-06,1884.0899658203125,1979.9200439453125,53.02299874868474,4876.316714595536,4.876316714595541,time_stop
S3_bb_lower_break,5,2015-12-14,2015-12-21,2021.93994140625,2021.1500244140625,49.40804514233981,-238.78942595448547,-0.2387894259544887,time_stop
S3_bb_lower_break,5,2016-01-07,2016-01-14,1943.0899658203125,1921.8399658203125,51.41300797049054,-1291.2340927537336,-1.2912340927537347,time_stop
S3_bb_lower_break,5,2016-06-27,2016-07-05,2000.5400390625,2088.550048828125,49.93656610187889,4190.722552817666,4.190722552817672,time_stop
S3_bb_lower_break,5,2016-09-12,2016-09-19,2159.0400390625,2139.1201171875,46.270610128878666,-1120.5854317371545,-1.1205854317371533,time_stop
S3_bb_lower_break,5,2016-11-02,2016-11-09,2097.93994140625,2163.260009765625,47.6181886470672,2907.51271443829,2.9075127144382984,time_stop
S3_bb_lower_break,5,2017-03-22,2017-03-29,2348.449951171875,2361.1298828125,42.5387391586735,339.0487165055741,0.33904871650556334,time_stop
S3_bb_lower_break,5,2017-04-17,2017-04-24,2349.010009765625,2374.14990234375,42.52859693436026,868.2949942695932,0.8682949942695917,time_stop
S3_bb_lower_break,5,2017-06-30,2017-07-10,2423.409912109375,2427.429931640625,41.22294763296782,-34.248862234584465,-0.03424886223458712,time_stop
S3_bb_lower_break,5,2017-08-11,2017-08-18,2441.320068359375,2425.550048828125,40.92052541362803,-844.4723673170978,-0.8444723673170951,time_stop
S3_bb_lower_break,5,2018-02-06,2018-02-13,2695.139892578125,2662.93994140625,37.06675864032318,-1392.1544702999665,-1.3921544702999666,time_stop
S3_bb_lower_break,5,2018-03-23,2018-04-02,2588.260009765625,2581.8798828125,38.59739729516053,-445.81023830871686,-0.44581023830871924,time_stop
S3_bb_lower_break,5,2018-06-28,2018-07-06,2716.31005859375,2759.820068359375,36.777870620491235,1398.8051045464244,1.398805104546419,time_stop
S3_bb_lower_break,5,2018-10-11,2018-10-18,2728.3701171875,2768.780029296875,36.6153034996148,1278.3413752810511,1.2783413752810446,time_stop
S3_bb_lower_break,5,2018-10-25,2018-11-01,2705.570068359375,2740.3701171875,36.92386350233322,1083.867100751227,1.0838671007512346,time_stop
S3_bb_lower_break,5,2018-12-18,2018-12-26,2546.159912109375,2467.699951171875,39.23559530765581,-3275.1450517232124,-3.275145051723216,time_stop
S3_bb_lower_break,5,2019-05-14,2019-05-21,2834.409912109375,2864.360107421875,35.24546660428308,854.7528002696081,0.8547528002696092,time_stop
S3_bb_lower_break,5,2019-06-03,2019-06-10,2744.449951171875,2886.72998046875,36.40077307929873,4974.123757291179,4.974123757291182,time_stop
S3_bb_lower_break,5,2019-08-02,2019-08-09,2932.050048828125,2918.64990234375,34.07175806566731,-655.910182311253,-0.6559101823112479,time_stop
S3_bb_lower_break,5,2019-10-02,2019-10-09,2887.610107421875,2919.39990234375,34.59611796043096,898.9034917598551,0.8989034917598504,time_stop
S3_bb_lower_break,5,2020-02-26,2020-03-04,3116.389892578125,3130.1201171875,32.056354738544805,239.90060996711892,0.23990060996712526,time_stop
S3_bb_lower_break,5,2020-03-10,2020-03-17,2882.22998046875,2529.18994140625,34.66069695238293,-12424.177391996933,-12.424177391996938,time_stop
S3_bb_lower_break,5,2020-10-29,2020-11-05,3310.110107421875,3510.449951171875,30.180295113478408,5840.469091955601,5.840469091955591,time_stop
S3_bb_lower_break,5,2021-03-05,2021-03-12,3841.93994140625,3943.340087890625,26.002514725291064,2434.22194350433,2.4342219435043333,time_stop
S3_bb_lower_break,5,2021-05-13,2021-05-20,4112.5,4159.1201171875,24.29181760488752,931.5546962536065,0.9315546962536114,time_stop
S3_bb_lower_break,5,2021-09-21,2021-09-28,4354.18994140625,4352.6298828125,22.94344097167146,-235.55751894599152,-0.23555751894599464,time_stop
S3_bb_lower_break,5,2021-10-01,2021-10-08,4357.0400390625,4391.33984375,22.928432836158954,585.8541275024638,0.585854127502472,time_stop
S3_bb_lower_break,5,2021-11-29,2021-12-06,4655.27001953125,4591.669921875,21.4595715137828,-1563.266212894119,-1.563266212894121,time_stop
S3_bb_lower_break,5,2022-01-20,2022-01-27,4482.72998046875,4326.509765625,22.285549282549816,-3677.7720433342683,-3.677772043334271,time_stop
S3_bb_lower_break,5,2022-02-24,2022-03-03,4288.7001953125,4363.490234375,23.293794238471033,1540.6014374278905,1.540601437427891,time_stop
S3_bb_lower_break,5,2022-04-25,2022-05-02,4296.1201171875,4155.3798828125,23.253563023163455,-3469.239397824127,-3.469239397824131,time_stop
S3_bb_lower_break,5,2022-05-10,2022-05-17,4001.050048828125,4088.85009765625,24.968470446741808,1990.240491662947,1.9902404916629424,time_stop
S3_bb_lower_break,5,2022-06-14,2022-06-22,3735.47998046875,3759.889892578125,26.743577912995228,452.35537815990097,0.4523553781599077,time_stop
S3_bb_lower_break,5,2022-08-31,2022-09-08,3955.0,4006.179931640625,25.259190872338788,1091.6706986814731,1.0916706986814795,time_stop
S3_bb_lower_break,5,2022-09-26,2022-10-03,3655.0400390625,3678.429931640625,27.332149260319405,438.85653929283916,0.4388565392928312,time_stop
S3_bb_lower_break,5,2022-12-19,2022-12-27,3817.659912109375,3829.25,26.167888759085937,103.18464269908156,0.10318464269907235,time_stop
S3_bb_lower_break,5,2023-03-13,2023-03-20,3855.760009765625,3951.570068359375,25.90931480358717,2280.090396685963,2.280090396685952,time_stop
S3_bb_lower_break,5,2023-08-17,2023-08-24,4370.35986328125,4376.31005859375,22.85855239048788,-63.92336136706424,-0.06392336136706867,time_stop
S3_bb_lower_break,5,2023-09-22,2023-09-29,4320.06005859375,4288.0498046875,23.12470163496269,-939.2875430707884,-0.9392875430707881,time_stop
S3_bb_lower_break,5,2023-10-27,2023-11-03,4117.3701171875,4358.33984375,24.263084701343253,5641.022017359208,5.64102201735921,time_stop
S3_bb_lower_break,5,2024-04-16,2024-04-23,5051.41015625,5070.5498046875,19.776675583647805,178.33989951539172,0.17833989951538953,time_stop
S3_bb_lower_break,5,2024-07-26,2024-08-02,5459.10009765625,5346.56005859375,18.29973770640145,-2257.1939429157997,-2.2571939429158028,time_stop
S3_bb_lower_break,5,2024-08-05,2024-08-12,5186.330078125,5344.39013671875,19.26219473023139,2841.7388442766996,2.8417388442766978,time_stop
S3_bb_lower_break,5,2024-11-01,2024-11-08,5728.7998046875,5995.5400390625,17.438224987083373,4447.0245441182715,4.447024544118272,time_stop
S3_bb_lower_break,5,2024-12-19,2024-12-27,5867.080078125,5970.83984375,17.02722624710211,1565.1740638383314,1.5651740638383371,time_stop
S3_bb_lower_break,5,2025-02-26,2025-03-05,5956.06005859375,5842.6298828125,16.772849655194165,-2100.4449372565973,-2.100444937256596,time_stop
S3_bb_lower_break,5,2025-03-07,2025-03-14,5770.2001953125,5638.93994140625,17.31310812773101,-2470.0506455837785,-2.4700506455837767,time_stop
S3_bb_lower_break,5,2025-04-04,2025-04-11,5074.080078125,5363.35986328125,19.688317559429514,5489.936641605929,5.48993664160593,time_stop
S3_bb_lower_break,5,2025-10-13,2025-10-20,6654.72021484375,6735.1298828125,15.011915854443705,1006.0958664610108,1.0060958664610098,time_stop
S3_bb_lower_break,5,2025-11-19,2025-11-26,6642.16015625,6812.60986328125,15.040302785547562,2361.2513884542245,2.361251388454222,time_stop
S3_bb_lower_break,5,2026-01-21,2026-01-28,6875.6201171875,6978.02978515625,14.529613067244973,1286.6846772808487,1.2866846772808582,time_stop
S3_bb_lower_break,5,2026-02-06,2026-02-13,6932.2998046875,6836.169921875,14.410816426685587,-1583.7249840355882,-1.5837249840355838,time_stop
S3_bb_lower_break,5,2026-03-09,2026-03-16,6795.990234375,6699.3798828125,14.6998592485893,-1618.5386111557482,-1.618538611155751,time_stop
S3_bb_lower_break,5,2026-03-23,2026-03-30,6581.0,6343.72021484375,15.180079000167135,-3798.1241577309283,-3.798124157730931,time_stop
S3_bb_lower_break,5,2026-06-11,2026-06-18,7394.2998046875,7500.580078125,13.510420531876434,1234.6550973948727,1.2346550973948656,time_stop
S3_bb_lower_break,10,2000-01-31,2000-02-14,1394.4599609375,1389.93994140625,71.64070873210066,-523.2937850991815,-0.523293785099177,time_stop
S3_bb_lower_break,10,2000-02-22,2000-03-07,1352.1700439453125,1355.6199951171875,73.88131422333174,54.83183985768082,0.05483183985768303,time_stop
S3_bb_lower_break,10,2000-04-14,2000-05-01,1356.56005859375,1468.25,73.64222414425151,8017.070404197496,8.0170704041975,time_stop
S3_bb_lower_break,10,2000-05-24,2000-06-08,1399.050048828125,1461.6700439453125,71.40566556841796,4267.150807004427,4.267150807004438,time_stop
S3_bb_lower_break,10,2000-07-31,2000-08-14,1430.8299560546875,1491.56005859375,69.81968715245549,4036.116403453684,4.036116403453693,time_stop
S3_bb_lower_break,10,2000-09-18,2000-10-02,1444.510009765625,1436.22998046875,69.15846842508826,-771.8617103422475,-0.7718617103422476,time_stop
S3_bb_lower_break,10,2000-10-11,2000-10-25,1364.5899658203125,1364.9000244140625,73.20887768659925,-177.1238571763329,-0.17712385717633117,time_stop
S3_bb_lower_break,10,2000-12-21,2001-01-08,1274.8599853515625,1295.8599853515625,78.36162484349283,1444.1483277914408,1.4441483277914502,time_stop
S3_bb_lower_break,10,2001-02-12,2001-02-27,1330.31005859375,1257.93994140625,75.0953503318638,-5629.0248442497805,-5.629024844249786,time_stop
S3_bb_lower_break,10,2001-03-13,2001-03-27,1197.6600341796875,1182.1700439453125,83.41273570886452,-1490.570598891442,-1.4905705988914386,time_stop
S3_bb_lower_break,10,2001-06-15,2001-06-29,1214.3599853515625,1224.3800048828125,82.26563877693846,623.6788041882057,0.6236788041882102,time_stop
S3_bb_lower_break,10,2001-07-09,2001-07-23,1198.780029296875,1191.030029296875,83.33480493389158,-844.9990932996126,-0.8449990932996143,time_stop
S3_bb_lower_break,10,2001-07-25,2001-08-08,1190.489990234375,1183.530029296875,83.91511118916027,-783.262049846773,-0.7832620498467779,time_stop
S3_bb_lower_break,10,2001-08-20,2001-09-04,1171.4100341796875,1132.93994140625,85.28192262759447,-3477.322871705491,-3.4773228717054905,time_stop
S3_bb_lower_break,10,2001-09-07,2001-09-27,1085.780029296875,1018.6099853515625,92.00767853944856,-6373.779850790331,-6.373779850790329,time_stop
S3_bb_lower_break,10,2001-12-14,2001-12-31,1123.0899658203125,1148.0799560546875,88.95111072168845,2020.864301083346,2.020864301083347,time_stop
S3_bb_lower_break,10,2002-01-17,2002-02-01,1138.8800048828125,1122.199951171875,87.71784513889973,-1661.4754297564107,-1.6614754297564094,time_stop
S3_bb_lower_break,10,2002-02-05,2002-02-20,1090.02001953125,1097.97998046875,91.64978450860082,528.9989761139481,0.5289989761139591,time_stop
S3_bb_lower_break,10,2002-04-04,2002-04-18,1126.3399658203125,1124.469970703125,88.69444655401423,-365.4925235958539,-0.36549252359585616,time_stop
S3_bb_lower_break,10,2002-04-29,2002-05-13,1065.449951171875,1074.56005859375,93.76329670879524,653.5393117408245,0.6535393117408139,time_stop
S3_bb_lower_break,10,2002-06-04,2002-06-18,1040.68994140625,1037.1400146484375,95.99410537696579,-540.2314710268784,-0.5402314710268752,time_stop
S3_bb_lower_break,10,2002-06-26,2002-07-11,973.530029296875,927.3699951171875,102.61635172389293,-4931.837728466944,-4.931837728466948,time_stop
S3_bb_lower_break,10,2002-07-19,2002-08-02,847.75,864.239990234375,117.84146257752865,1741.4611627406136,1.7414611627406096,time_stop
S3_bb_lower_break,10,2002-09-20,2002-10-04,845.3900146484375,800.5800170898438,118.17042804987967,-5489.721575620865,-5.489721575620865,time_stop
S3_bb_lower_break,10,2003-01-28,2003-02-11,858.5399780273438,829.2000122070312,116.36045199623561,-3610.3978725214474,-3.6103978725214425,time_stop
S3_bb_lower_break,10,2003-03-11,2003-03-25,800.72998046875,874.739990234375,124.76128325008895,9024.550008119091,9.024550008119082,time_stop
S3_bb_lower_break,10,2003-08-06,2003-08-20,967.0800170898438,1000.2999877929688,103.30075912510452,3228.416343754613,3.2284163437546143,time_stop
S3_bb_lower_break,10,2003-09-29,2003-10-13,1006.5800170898438,1045.3499755859375,99.24705259788918,3644.156106169537,3.644156106169527,time_stop
S3_bb_lower_break,10,2004-03-11,2004-03-25,1106.780029296875,1109.18994140625,90.26192852753707,17.505591459301286,0.017505591459299197,time_stop
S3_bb_lower_break,10,2004-04-30,2004-05-14,1107.300048828125,1095.699951171875,90.21953896401065,-1245.309106822068,-1.2453091068220679,time_stop
S3_bb_lower_break,10,2004-07-07,2004-07-21,1118.3299560546875,1093.8800048828125,89.32971826359152,-2381.7233422926065,-2.3817233422926076,time_stop
S3_bb_lower_break,10,2004-08-06,2004-08-20,1063.969970703125,1098.3499755859375,93.89372129937172,3025.0383303409026,3.0250383303409123,time_stop
S3_bb_lower_break,10,2005-03-23,2005-04-07,1172.530029296875,1191.1400146484375,85.20046173999185,1384.193565782496,1.3841935657824989,time_stop
S3_bb_lower_break,10,2005-04-15,2005-04-29,1142.6199951171875,1156.8499755859375,87.43072966253678,1043.093238090819,1.0430932380908198,time_stop
S3_bb_lower_break,10,2005-08-17,2005-08-31,1220.239990234375,1220.3299560546875,81.86922302137616,-192.44213342452565,-0.19244213342453076,time_stop
S3_bb_lower_break,10,2005-10-06,2005-10-20,1191.489990234375,1177.800048828125,83.84468247227895,-1346.4811612810583,-1.3464811612810546,time_stop
S3_bb_lower_break,10,2006-01-03,2006-01-18,1268.800048828125,1277.9300537109375,78.73588907280428,518.3399928354075,0.5183399928354149,time_stop
S3_bb_lower_break,10,2006-04-12,2006-04-27,1288.1199951171875,1309.719970703125,77.55496403967507,1473.709944695227,1.4737099446952229,time_stop
S3_bb_lower_break,10,2006-05-18,2006-06-02,1261.81005859375,1288.219970703125,79.17205859924402,1889.0359822150076,1.889035982215015,time_stop
S3_bb_lower_break,10,2006-06-13,2006-06-27,1223.68994140625,1239.199951171875,81.63840897907185,1065.1461081947866,1.0651461081947922,time_stop
S3_bb_lower_break,10,2007-02-28,2007-03-14,1406.8199462890625,1387.1700439453125,71.01129050922144,-1593.7697586862396,-1.5937697586862365,time_stop
S3_bb_lower_break,10,2007-07-27,2007-08-10,1458.949951171875,1453.6400146484375,68.47397322975814,-563.0290587064083,-0.5630290587064102,time_stop
S3_bb_lower_break,10,2007-10-22,2007-11-05,1506.3299560546875,1502.1700439453125,66.3201973103913,-475.41050549594246,-0.47541050549594344,time_stop
S3_bb_lower_break,10,2007-11-08,2007-11-23,1474.77001953125,1440.699951171875,67.73944315185685,-2505.379771151129,-2.5053797711511283,time_stop
S3_bb_lower_break,10,2008-01-07,2008-01-22,1416.1800537109375,1310.5,70.54194813598959,-7647.222190817857,-7.6472221908178595,time_stop
S3_bb_lower_break,10,2008-03-07,2008-03-24,1293.3699951171875,1349.8800048828125,77.24015577696183,4160.676915497066,4.1606769154970635,time_stop
S3_bb_lower_break,10,2008-06-09,2008-06-23,1361.760009765625,1318.0,73.3610174947742,-3406.868762945706,-3.406868762945703,time_stop
S3_bb_lower_break,10,2008-06-27,2008-07-14,1278.3800048828125,1228.300048828125,78.14585609797427,-4109.427698003417,-4.109427698003421,time_stop
S3_bb_lower_break,10,2008-09-05,2008-09-19,1242.31005859375,1255.0799560546875,80.41478792595723,826.0615077611611,0.8260615077611666,time_stop
S3_bb_lower_break,10,2008-09-30,2008-10-14,1166.3599853515625,998.010009765625,85.65117215504283,-14604.753568267366,-14.60475356826737,time_stop
S3_bb_lower_break,10,2008-11-20,2008-12-05,752.4400024414062,876.0700073242188,132.76819357817078,16197.918088130917,16.197918088130912,time_stop
S3_bb_lower_break,10,2009-01-21,2009-02-04,840.239990234375,832.22998046875,118.8947218189817,-1151.1957347686437,-1.1511957347686397,time_stop
S3_bb_lower_break,10,2009-02-18,2009-03-04,788.4199829101562,712.8699951171875,126.70924388719348,-9763.109146905032,-9.763109146905036,time_stop
S3_bb_lower_break,10,2010-01-25,2010-02-08,1096.780029296875,1056.739990234375,91.08490055580606,-3843.1961330823224,-3.843196133082327,time_stop
S3_bb_lower_break,10,2010-05-05,2010-05-19,1165.8699951171875,1115.050048828125,85.68716951160447,-4550.062934689474,-4.550062934689469,time_stop
S3_bb_lower_break,10,2010-05-21,2010-06-07,1087.68994140625,1050.469970703125,91.84611909800445,-3614.8915519616094,-3.6148915519616076,time_stop
S3_bb_lower_break,10,2010-07-01,2010-07-16,1027.3699951171875,1064.8800048828125,97.2386777644842,3443.97612898953,3.443976128989523,time_stop
S3_bb_lower_break,10,2010-08-25,2010-09-09,1055.3299560546875,1104.1800537109375,94.66243171336934,4419.844564742432,4.419844564742426,time_stop
S3_bb_lower_break,10,2011-03-11,2011-03-25,1304.280029296875,1313.800048828125,76.59405776070581,528.64754913356,0.528647549133554,time_stop
S3_bb_lower_break,10,2011-05-24,2011-06-08,1316.280029296875,1279.56005859375,75.89578028731785,-2983.90413761266,-2.9839041376126585,time_stop
S3_bb_lower_break,10,2011-08-03,2011-08-17,1260.3399658203125,1193.8900146484375,79.26440691347777,-5461.649052899335,-5.461649052899331,time_stop
S3_bb_lower_break,10,2011-09-23,2011-10-07,1136.4300537109375,1155.4599609375,87.9069499912315,1471.3880420000946,1.471388042000088,time_stop
S3_bb_lower_break,10,2011-11-22,2011-12-07,1188.0400390625,1261.010009765625,84.08815916585822,5929.974400501385,5.929974400501381,time_stop
S3_bb_lower_break,10,2012-04-11,2012-04-25,1368.7099609375,1390.68994140625,72.98850943677883,1402.881526051521,1.4028815260515248,time_stop
S3_bb_lower_break,10,2012-05-15,2012-05-30,1330.6600341796875,1313.3199462890625,75.07559957768278,-1500.315877423463,-1.5003158774234637,time_stop
S3_bb_lower_break,10,2012-06-04,2012-06-18,1278.1800537109375,1344.780029296875,78.15808078843052,5000.320746280679,5.000320746280673,time_stop
S3_bb_lower_break,10,2012-10-24,2012-11-09,1408.75,1379.8499755859375,70.9140017037089,-2247.167163955714,-2.24716716395571,time_stop
S3_bb_lower_break,10,2012-11-15,2012-11-30,1353.3299560546875,1416.1800537109375,73.81799202268083,4435.028339606182,4.435028339606184,time_stop
S3_bb_lower_break,10,2013-02-26,2013-03-12,1496.93994140625,1552.47998046875,66.73621107754805,3503.0250385599547,3.503025038559948,time_stop
S3_bb_lower_break,10,2013-06-06,2013-06-20,1622.56005859375,1588.18994140625,61.56943120286218,-2313.8326168446656,-2.313832616844669,time_stop
S3_bb_lower_break,10,2013-06-21,2013-07-08,1592.4300537109375,1640.4599609375,62.73437233070085,2810.312757077039,2.810312757077038,time_stop
S3_bb_lower_break,10,2013-08-16,2013-08-30,1655.8299560546875,1632.969970703125,60.332342421277275,-1577.6174673120577,-1.5776174673120535,time_stop
S3_bb_lower_break,10,2013-10-09,2013-10-23,1656.4000244140625,1746.3800048828125,60.311578379406704,5221.607610173688,5.221607610173695,time_stop
S3_bb_lower_break,10,2013-12-13,2013-12-30,1775.3199462890625,1841.0699462890625,56.2716033855871,3496.3578648795624,3.4963578648795623,time_stop
S3_bb_lower_break,10,2014-01-27,2014-02-10,1781.56005859375,1799.8399658203125,56.07450583448457,824.2115278650866,0.824211527865093,time_stop
S3_bb_lower_break,10,2014-04-14,2014-04-29,1830.6099853515625,1878.3299560546875,54.57202828537747,2401.7712155971462,2.4017712155971482,time_stop
S3_bb_lower_break,10,2014-08-01,2014-08-15,1925.1500244140625,1955.06005859375,51.89211159296816,1350.7425367702467,1.3507425367702552,time_stop
S3_bb_lower_break,10,2014-09-26,2014-10-10,1982.8499755859375,1906.1300048828125,50.382076874262346,-4061.2463500944323,-4.061246350094427,time_stop
S3_bb_lower_break,10,2014-12-11,2014-12-26,2035.3299560546875,2088.77001953125,49.08299983642342,2420.575428451505,2.42057542845151,time_stop
S3_bb_lower_break,10,2015-03-11,2015-03-25,2040.239990234375,2061.050048828125,48.96487686658067,818.1427948724731,0.8181427948724673,time_stop
S3_bb_lower_break,10,2015-06-09,2015-06-23,2080.14990234375,2124.199951171875,48.025433064963394,1913.606949031794,1.9136069490317986,time_stop
S3_bb_lower_break,10,2015-06-30,2015-07-15,2063.110107421875,2107.39990234375,48.422088351328036,1942.6595586062622,1.9426595586062634,time_stop
S3_bb_lower_break,10,2015-08-21,2015-09-04,1970.8900146484375,1921.219970703125,50.68781066300133,-2714.948317140015,-2.71494831714002,time_stop
S3_bb_lower_break,10,2015-09-29,2015-10-13,1884.0899658203125,2003.68994140625,53.02299874868474,6135.407606679866,6.135407606679877,time_stop
S3_bb_lower_break,10,2015-12-14,2015-12-29,2021.93994140625,2078.360107421875,49.40804514233981,2585.0222995286804,2.585022299528683,time_stop
S3_bb_lower_break,10,2016-01-07,2016-01-22,1943.0899658203125,1906.9000244140625,51.41300797049054,-2058.5733120253267,-2.0585733120253247,time_stop
S3_bb_lower_break,10,2016-06-27,2016-07-12,2000.5400390625,2152.139892578125,49.93656610187889,7363.005530211865,7.363005530211875,time_stop
S3_bb_lower_break,10,2016-09-12,2016-09-26,2159.0400390625,2146.10009765625,46.270610128878666,-797.9404447154316,-0.7979404447154281,time_stop
S3_bb_lower_break,10,2016-11-02,2016-11-16,2097.93994140625,2176.93994140625,47.6181886470672,3558.2748664150145,3.558274866415023,time_stop
S3_bb_lower_break,10,2017-03-22,2017-04-05,2348.449951171875,2352.949951171875,42.5387391586735,-8.567297912367467,-0.008567297912365213,time_stop
S3_bb_lower_break,10,2017-04-17,2017-05-01,2349.010009765625,2388.330078125,42.52859693436026,1470.7549115484883,1.4707549115484886,time_stop
S3_bb_lower_break,10,2017-06-30,2017-07-17,2423.409912109375,2459.139892578125,41.22294763296782,1271.6220188762672,1.2716220188762728,time_stop
S3_bb_lower_break,10,2017-08-11,2017-08-25,2441.320068359375,2443.050048828125,40.92052541362803,-129.0792817733615,-0.1290792817733588,time_stop
S3_bb_lower_break,10,2018-02-06,2018-02-21,2695.139892578125,2701.330078125,37.06675864032318,29.420463691031173,0.02942046369103224,time_stop
S3_bb_lower_break,10,2018-03-23,2018-04-09,2588.260009765625,2613.159912109375,38.59739729516053,760.3101521488559,0.7603101521488576,time_stop
S3_bb_lower_break,10,2018-06-28,2018-07-13,2716.31005859375,2801.31005859375,36.777870620491235,2923.192683938828,2.9231926839388356,time_stop
S3_bb_lower_break,10,2018-10-11,2018-10-25,2728.3701171875,2705.570068359375,36.6153034996148,-1033.7960767403833,-1.0337960767403787,time_stop
S3_bb_lower_break,10,2018-12-18,2019-01-03,2546.159912109375,2447.889892578125,39.23559530765581,-4051.62723428654,-4.051627234286537,time_stop
S3_bb_lower_break,10,2019-05-14,2019-05-29,2834.409912109375,2783.02001953125,35.24546660428308,-2009.2496817175297,-2.0092496817175287,time_stop
S3_bb_lower_break,10,2019-06-03,2019-06-17,2744.449951171875,2889.669921875,36.40077307929873,5081.032881146529,5.081032881146519,time_stop
S3_bb_lower_break,10,2019-08-02,2019-08-16,2932.050048828125,2888.679931640625,34.07175806566731,-1676.018643752239,-1.6760186437522417,time_stop
S3_bb_lower_break,10,2019-10-02,2019-10-16,2887.610107421875,2989.68994140625,34.59611796043096,3328.234212126557,3.3282342121265573,time_stop
S3_bb_lower_break,10,2020-02-26,2020-03-11,3116.389892578125,2741.3798828125,32.056354738544805,-12209.232649448666,-12.209232649448666,time_stop
S3_bb_lower_break,10,2020-03-13,2020-03-27,2711.02001953125,2541.469970703125,36.849635628058984,-6441.409862316171,-6.441409862316172,time_stop
S3_bb_lower_break,10,2020-10-29,2020-11-12,3310.110107421875,3537.010009765625,30.180295113478408,6641.257908139656,6.641257908139653,time_stop
S3_bb_lower_break,10,2021-03-05,2021-03-19,3841.93994140625,3913.10009765625,26.002514725291064,1648.6924679336973,1.6486924679336878,time_stop
S3_bb_lower_break,10,2021-05-13,2021-05-27,4112.5,4200.8798828125,24.29181760488752,1944.9608854291703,1.94496088542917,time_stop
S3_bb_lower_break,10,2021-09-21,2021-10-05,4354.18994140625,4345.72021484375,22.94344097167146,-393.9305465616753,-0.3939305465616716,time_stop
S3_bb_lower_break,10,2021-11-29,2021-12-13,4655.27001953125,4668.97021484375,21.4595715137828,93.90612094012694,0.09390612094013484,time_stop
S3_bb_lower_break,10,2022-01-20,2022-02-03,4482.72998046875,4477.43994140625,22.285549282549816,-317.57373460791644,-0.31757373460791216,time_stop
S3_bb_lower_break,10,2022-02-24,2022-03-10,4288.7001953125,4259.52001953125,23.293794238471033,-878.8374932805503,-0.8788374932805487,time_stop
S3_bb_lower_break,10,2022-04-25,2022-05-09,4296.1201171875,3991.239990234375,23.253563023163455,-7282.259897168156,-7.282259897168153,time_stop
S3_bb_lower_break,10,2022-05-10,2022-05-24,4001.050048828125,3941.47998046875,24.968470446741808,-1685.6863176502916,-1.6856863176502923,time_stop
S3_bb_lower_break,10,2022-06-14,2022-06-29,3735.47998046875,3818.830078125,26.743577912995228,2027.05055109477,2.027050551094778,time_stop
S3_bb_lower_break,10,2022-08-31,2022-09-15,3955.0,3901.35009765625,25.259190872338788,-1553.598170259719,-1.553598170259718,time_stop
S3_bb_lower_break,10,2022-09-26,2022-10-10,3655.0400390625,3612.389892578125,27.332149260319405,-1364.3546493159213,-1.3643546493159242,time_stop
S3_bb_lower_break,10,2022-12-19,2023-01-04,3817.659912109375,3852.969970703125,26.167888759085937,723.265495872508,0.723265495872516,time_stop
S3_bb_lower_break,10,2023-03-13,2023-03-27,3855.760009765625,3977.530029296875,25.90931480358717,2952.022592104255,2.952022592104253,time_stop
S3_bb_lower_break,10,2023-08-17,2023-08-31,4370.35986328125,4507.66015625,22.85855239048788,2935.5472543152664,2.9355472543152628,time_stop
S3_bb_lower_break,10,2023-09-22,2023-10-06,4320.06005859375,4308.5,23.12470163496269,-466.85578275748355,-0.4668557827574804,time_stop
S3_bb_lower_break,10,2023-10-27,2023-11-10,4117.3701171875,4415.240234375,24.263084701343253,7020.220435635831,7.020220435635838,time_stop
S3_bb_lower_break,10,2024-04-16,2024-04-30,5051.41015625,5035.68994140625,19.776675583647805,-510.3828952812097,-0.5103828952812139,time_stop
S3_bb_lower_break,10,2024-07-26,2024-08-09,5459.10009765625,5344.16015625,18.29973770640145,-2301.0676087439824,-2.3010676087439785,time_stop
S3_bb_lower_break,10,2024-11-01,2024-11-15,5728.7998046875,5870.6201171875,17.438224987083373,2270.821222796177,2.270821222796182,time_stop
S3_bb_lower_break,10,2024-12-19,2025-01-06,5867.080078125,5975.3798828125,17.02722624710211,1642.401031853909,1.6424010318539128,time_stop
S3_bb_lower_break,10,2025-02-26,2025-03-12,5956.06005859375,5599.2998046875,16.772849655194165,-6177.702415416897,-6.177702415416897,time_stop
S3_bb_lower_break,10,2025-04-04,2025-04-21,5074.080078125,5158.2001953125,19.688317559429514,1454.7271969434103,1.4547271969434172,time_stop
S3_bb_lower_break,10,2025-10-13,2025-10-27,6654.72021484375,6875.16015625,15.011915854443705,3106.1164256975885,3.1061164256975804,time_stop
S3_bb_lower_break,10,2025-11-19,2025-12-04,6642.16015625,6857.1201171875,15.040302785547562,3030.029636570017,3.0300296365700197,time_stop
S3_bb_lower_break,10,2026-01-21,2026-02-04,6875.6201171875,6882.72021484375,14.529613067244973,-96.74168978690787,-0.09674168978690556,time_stop
S3_bb_lower_break,10,2026-02-06,2026-02-23,6932.2998046875,6837.75,14.410816426685587,-1560.977538452188,-1.5609775384521907,time_stop
S3_bb_lower_break,10,2026-03-09,2026-03-23,6795.990234375,6581.0,14.6998592485893,-3356.966058748787,-3.3569660587487893,time_stop
S3_bb_lower_break,10,2026-03-30,2026-04-14,6343.72021484375,6967.3798828125,15.747872938397002,9611.691694966567,9.611691694966563,time_stop
S3_bb_lower_break,10,2026-06-11,2026-06-26,7394.2998046875,7354.02001953125,13.510420531876434,-743.452839358367,-0.7434528393583717,time_stop
S3_bb_lower_break,20,2000-01-31,2000-02-29,1394.4599609375,1366.4200439453125,71.64070873210066,-2206.5909263836643,-2.206590926383667,time_stop
S3_bb_lower_break,20,2000-04-14,2000-05-15,1356.56005859375,1452.3599853515625,73.64222414425151,6848.064559822201,6.848064559822209,time_stop
S3_bb_lower_break,20,2000-05-24,2000-06-22,1399.050048828125,1452.1800537109375,71.40566556841796,3590.189377150022,3.5901893771500326,time_stop
S3_bb_lower_break,20,2000-07-31,2000-08-28,1430.8299560546875,1514.0899658203125,69.81968715245549,5607.574446511981,5.607574446511987,time_stop
S3_bb_lower_break,20,2000-09-18,2000-10-16,1444.510009765625,1374.6199951171875,69.15846842508826,-5028.45308472182,-5.028453084721818,time_stop
S3_bb_lower_break,20,2000-12-21,2001-01-23,1274.8599853515625,1360.4000244140625,78.36162484349283,6496.553193863045,6.496553193863042,time_stop
S3_bb_lower_break,20,2001-02-12,2001-03-13,1330.31005859375,1197.6600341796875,75.0953503318638,-10151.238854649597,-10.151238854649591,time_stop
S3_bb_lower_break,20,2001-03-15,2001-04-12,1173.56005859375,1183.5,85.12568161173438,645.497943300142,0.6454979433001329,time_stop
S3_bb_lower_break,20,2001-06-15,2001-07-16,1214.3599853515625,1202.449951171875,82.26563877693846,-1178.6069828777079,-1.1786069828777057,time_stop
S3_bb_lower_break,20,2001-07-25,2001-08-22,1190.489990234375,1165.31005859375,83.91511118916027,-2310.6639863953396,-2.310663986395345,time_stop
S3_bb_lower_break,20,2001-08-31,2001-10-05,1133.5799560546875,1071.3800048828125,88.12796959448039,-5675.874050047688,-5.675874050047691,time_stop
S3_bb_lower_break,20,2001-12-14,2002-01-15,1123.0899658203125,1146.18994140625,88.95111072168845,1852.9135177268379,1.8529135177268286,time_stop
S3_bb_lower_break,20,2002-01-17,2002-02-15,1138.8800048828125,1104.1800537109375,87.71784513889973,-3240.561338078872,-3.2405613380788734,time_stop
S3_bb_lower_break,20,2002-04-04,2002-05-02,1126.3399658203125,1084.56005859375,88.69444655401423,-3901.740302589662,-3.9017403025896624,time_stop
S3_bb_lower_break,20,2002-05-07,2002-06-05,1049.489990234375,1049.9000244140625,95.18918791954361,-160.8084100370496,-0.16080841003704993,time_stop
S3_bb_lower_break,20,2002-06-07,2002-07-08,1027.530029296875,976.97998046875,97.22353318322017,-5109.539895105139,-5.109539895105142,time_stop
S3_bb_lower_break,20,2002-07-11,2002-08-08,927.3699951171875,905.4600219726562,107.72410195078179,-2557.6721483797983,-2.557672148379797,time_stop
S3_bb_lower_break,20,2002-09-20,2002-10-18,845.3900146484375,884.3900146484375,118.17042804987967,4404.237847451162,4.4042378474511645,time_stop
S3_bb_lower_break,20,2003-01-28,2003-02-26,858.5399780273438,827.5499877929688,116.36045199623561,-3802.2034615599587,-3.802203461559961,time_stop
S3_bb_lower_break,20,2003-03-11,2003-04-08,800.72998046875,878.2899780273438,124.76128325008895,9467.008139659445,9.467008139659438,time_stop
S3_bb_lower_break,20,2003-08-06,2003-09-04,967.0800170898438,1027.969970703125,103.30075912510452,6083.888253112808,6.0838882531128124,time_stop
S3_bb_lower_break,20,2003-09-29,2003-10-27,1006.5800170898438,1031.1300048828125,99.24705259788918,2234.2772160363406,2.234277216036351,time_stop
S3_bb_lower_break,20,2004-03-11,2004-04-08,1106.780029296875,1139.3199462890625,90.26192852753707,2734.378346378787,2.7343783463787963,time_stop
S3_bb_lower_break,20,2004-04-30,2004-05-28,1107.300048828125,1120.6800537109375,90.21953896401065,1006.1305341915134,1.0061305341915183,time_stop
S3_bb_lower_break,20,2004-07-07,2004-08-04,1118.3299560546875,1098.6300048828125,89.32971826359152,-1957.8314967023043,-1.9578314967023003,time_stop
S3_bb_lower_break,20,2004-08-06,2004-09-03,1063.969970703125,1113.6300048828125,93.89372129937172,4458.302443775665,4.458302443775675,time_stop
S3_bb_lower_break,20,2005-03-23,2005-04-21,1172.530029296875,1159.949951171875,85.20046173999185,-1270.5568363103857,-1.270556836310388,time_stop
S3_bb_lower_break,20,2005-08-17,2005-09-15,1220.239990234375,1227.72998046875,81.86922302137616,412.7862814448736,0.41278628144487683,time_stop
S3_bb_lower_break,20,2005-10-06,2005-11-03,1191.489990234375,1219.93994140625,83.84468247227895,2183.1915454351574,2.183191545435159,time_stop
S3_bb_lower_break,20,2006-01-03,2006-02-01,1268.800048828125,1282.4599609375,78.73588907280428,874.6495994632157,0.8746495994632175,time_stop
S3_bb_lower_break,20,2006-04-12,2006-05-11,1288.1199951171875,1305.9200439453125,77.55496403967507,1179.3014648227413,1.1793014648227462,time_stop
S3_bb_lower_break,20,2006-05-18,2006-06-16,1261.81005859375,1251.5400390625,79.17205859924402,-1012.0856893555625,-1.0120856893555574,time_stop
S3_bb_lower_break,20,2007-02-28,2007-03-28,1406.8199462890625,1417.22998046875,71.01129050922144,538.6905315831806,0.5386905315831747,time_stop
S3_bb_lower_break,20,2007-07-27,2007-08-24,1458.949951171875,1479.3699951171875,68.47397322975814,1197.0431011191654,1.1970431011191662,time_stop
S3_bb_lower_break,20,2007-10-22,2007-11-19,1506.3299560546875,1433.27001953125,66.3201973103913,-5040.304256113502,-5.040304256113504,time_stop
S3_bb_lower_break,20,2008-01-07,2008-02-05,1416.1800537109375,1336.6400146484375,70.54194813598959,-5805.098600771378,-5.805098600771375,time_stop
S3_bb_lower_break,20,2008-03-07,2008-04-07,1293.3699951171875,1372.5400390625,77.24015577696183,5909.191220877466,5.909191220877474,time_stop
S3_bb_lower_break,20,2008-06-09,2008-07-08,1361.760009765625,1273.699951171875,73.3610174947742,-6653.5155233880405,-6.653515523388043,time_stop
S3_bb_lower_break,20,2008-09-05,2008-10-03,1242.31005859375,1099.22998046875,80.41478792595723,-11694.048584512613,-11.694048584512618,time_stop
S3_bb_lower_break,20,2008-11-20,2008-12-19,752.4400024414062,887.8800048828125,132.76819357817078,17764.342138105992,17.76434213810598,time_stop
S3_bb_lower_break,20,2009-01-21,2009-02-19,840.239990234375,778.9400024414062,118.8947218189817,-7480.756950956038,-7.480756950956035,time_stop
S3_bb_lower_break,20,2009-03-03,2009-03-31,696.3300170898438,797.8699951171875,143.46659981370635,14353.227597548543,14.353227597548535,time_stop
S3_bb_lower_break,20,2010-01-25,2010-02-23,1096.780029296875,1094.5999755859375,91.08490055580606,-398.17160529177187,-0.398171605291775,time_stop
S3_bb_lower_break,20,2010-05-05,2010-06-03,1165.8699951171875,1102.8299560546875,85.68716951160447,-5596.120990453613,-5.596120990453612,time_stop
S3_bb_lower_break,20,2010-07-01,2010-07-30,1027.3699951171875,1101.5999755859375,97.2386777644842,7011.006926313274,7.011006926313268,time_stop
S3_bb_lower_break,20,2010-08-25,2010-09-23,1055.3299560546875,1124.8299560546875,94.66243171336934,6372.6597652749,6.372659765274902,time_stop
S3_bb_lower_break,20,2011-03-11,2011-04-08,1304.280029296875,1328.1700439453125,76.59405776070581,1628.203128924448,1.6282031289244436,time_stop
S3_bb_lower_break,20,2011-05-24,2011-06-22,1316.280029296875,1287.1400146484375,75.89578028731785,-2409.192744977893,-2.409192744977895,time_stop
S3_bb_lower_break,20,2011-08-03,2011-08-31,1260.3399658203125,1218.8900146484375,79.26440691347777,-3482.020490235235,-3.482020490235238,time_stop
S3_bb_lower_break,20,2011-09-23,2011-10-21,1136.4300537109375,1238.25,87.9069499912315,8741.930045815745,8.741930045815739,time_stop
S3_bb_lower_break,20,2011-11-22,2011-12-21,1188.0400390625,1243.719970703125,84.08815916585822,4477.540731386657,4.477540731386664,time_stop
S3_bb_lower_break,20,2012-04-11,2012-05-09,1368.7099609375,1354.5799560546875,72.98850943677883,-1230.0968665363569,-1.2300968665363565,time_stop
S3_bb_lower_break,20,2012-05-15,2012-06-13,1330.6600341796875,1314.8800048828125,75.07559957768278,-1383.3106654556611,-1.3833106654556615,time_stop
S3_bb_lower_break,20,2012-10-24,2012-11-26,1408.75,1406.2900390625,70.9140017037089,-374.07142823900483,-0.37407142823900896,time_stop
S3_bb_lower_break,20,2013-02-26,2013-03-26,1496.93994140625,1563.77001953125,66.73621107754805,4255.726014078769,4.255726014078776,time_stop
S3_bb_lower_break,20,2013-06-06,2013-07-05,1622.56005859375,1631.8900146484375,61.56943120286218,374.0654475471882,0.3740654475471894,time_stop
S3_bb_lower_break,20,2013-08-16,2013-09-16,1655.8299560546875,1697.5999755859375,60.332342421277275,2317.7628383813226,2.317762838381321,time_stop
S3_bb_lower_break,20,2013-10-09,2013-11-06,1656.4000244140625,1770.489990234375,60.311578379406704,6674.264770159543,6.674264770159533,time_stop
S3_bb_lower_break,20,2013-12-13,2014-01-14,1775.3199462890625,1838.8800048828125,56.2716033855871,3373.249582143634,3.373249582143645,time_stop
S3_bb_lower_break,20,2014-01-27,2014-02-25,1781.56005859375,1845.1199951171875,56.07450583448457,3360.727739591353,3.3607277395913515,time_stop
S3_bb_lower_break,20,2014-04-14,2014-05-13,1830.6099853515625,1897.449951171875,54.57202828537747,3444.144713034224,3.444144713034225,time_stop
S3_bb_lower_break,20,2014-08-01,2014-08-29,1925.1500244140625,2003.3699951171875,51.89211159296816,3855.140249276545,3.855140249276534,time_stop
S3_bb_lower_break,20,2014-09-26,2014-10-24,1982.8499755859375,1964.5799560546875,50.382076874262346,-1119.3612467893763,-1.1193612467893743,time_stop
S3_bb_lower_break,20,2014-12-11,2015-01-12,2035.3299560546875,2028.260009765625,49.08299983642342,-546.4673581772133,-0.5464673581772161,time_stop
S3_bb_lower_break,20,2015-03-11,2015-04-09,2040.239990234375,2091.179931640625,48.96487686658067,2291.973490789139,2.2919734907891343,time_stop
S3_bb_lower_break,20,2015-06-09,2015-07-08,2080.14990234375,2046.6800537109375,48.025433064963394,-1805.5967710345858,-1.80559677103459,time_stop
S3_bb_lower_break,20,2015-07-09,2015-08-06,2051.31005859375,2083.56005859375,48.7006337640567,1369.2246436517453,1.3692246436517452,time_stop
S3_bb_lower_break,20,2015-08-21,2015-09-21,1970.8900146484375,1966.969970703125,50.68781066300133,-398.29994664553675,-0.3982999466455417,time_stop
S3_bb_lower_break,20,2015-09-29,2015-10-27,1884.0899658203125,2065.889892578125,53.02299874868474,9430.137511901296,9.430137511901293,time_stop
S3_bb_lower_break,20,2015-12-14,2016-01-13,2021.93994140625,1890.280029296875,49.40804514233981,-6698.354021855752,-6.6983540218557565,time_stop
S3_bb_lower_break,20,2016-01-14,2016-02-12,1921.8399658203125,1864.780029296875,51.981487364614594,-3162.894508849549,-3.1628945088495453,time_stop
S3_bb_lower_break,20,2016-06-27,2016-07-26,2000.5400390625,2169.179931640625,49.93656610187889,8213.07564619797,8.213075646197975,time_stop
S3_bb_lower_break,20,2016-09-12,2016-10-10,2159.0400390625,2163.659912109375,46.270610128878666,13.750380452080671,0.013750380452082211,time_stop
S3_bb_lower_break,20,2016-11-02,2016-12-01,2097.93994140625,2191.080078125,47.6181886470672,4230.9292364859875,4.230929236485981,time_stop
S3_bb_lower_break,20,2017-03-22,2017-04-20,2348.449951171875,2355.840087890625,42.5387391586735,114.25253132743644,0.11425253132744118,time_stop
S3_bb_lower_break,20,2017-06-30,2017-07-31,2423.409912109375,2470.300048828125,41.22294763296782,1731.2165010090928,1.7312165010090919,time_stop
S3_bb_lower_break,20,2017-08-11,2017-09-11,2441.320068359375,2488.110107421875,40.92052541362803,1712.9581097789319,1.7129581097789393,time_stop
S3_bb_lower_break,20,2018-02-06,2018-03-07,2695.139892578125,2726.800048828125,37.06675864032318,972.565631063246,0.9725656310632491,time_stop
S3_bb_lower_break,20,2018-03-23,2018-04-23,2588.260009765625,2670.2900390625,38.59739729516053,2963.179285474058,2.963179285474049,time_stop
S3_bb_lower_break,20,2018-06-28,2018-07-27,2716.31005859375,2818.820068359375,36.777870620491235,3566.529576788791,3.5665295767888017,time_stop
S3_bb_lower_break,20,2018-10-11,2018-11-08,2728.3701171875,2806.830078125,36.6153034996148,2670.1622472119925,2.6701622472119935,time_stop
S3_bb_lower_break,20,2018-12-18,2019-01-17,2546.159912109375,2635.9599609375,39.23559530765581,3320.03481625342,3.3200348162534254,time_stop
S3_bb_lower_break,20,2019-05-14,2019-06-12,2834.409912109375,2879.840087890625,35.24546660428308,1399.8063357812487,1.3998063357812507,time_stop
S3_bb_lower_break,20,2019-08-02,2019-08-30,2932.050048828125,2926.4599609375,34.07175806566731,-390.07385785320395,-0.3900738578532015,time_stop
S3_bb_lower_break,20,2019-10-02,2019-10-30,2887.610107421875,3046.77001953125,34.59611796043096,5301.008579013663,5.301008579013655,time_stop
S3_bb_lower_break,20,2020-02-26,2020-03-25,3116.389892578125,2475.56005859375,32.056354738544805,-20721.926016560843,-20.721926016560843,time_stop
S3_bb_lower_break,20,2020-10-29,2020-11-27,3310.110107421875,3638.35009765625,30.180295113478408,9696.673193745195,9.696673193745188,time_stop
S3_bb_lower_break,20,2021-03-05,2021-04-05,3841.93994140625,4077.909912109375,26.002514725291064,5929.876625496374,5.9298766254963775,time_stop
S3_bb_lower_break,20,2021-05-13,2021-06-11,4112.5,4247.43994140625,24.29181760488752,3074.8583080104054,3.0748583080103975,time_stop
S3_bb_lower_break,20,2021-09-21,2021-10-19,4354.18994140625,4519.6298828125,22.94344097167146,3592.165568680886,3.592165568680894,time_stop
S3_bb_lower_break,20,2021-11-29,2021-12-28,4655.27001953125,4786.35009765625,21.4595715137828,2610.3091884449277,2.610309188444937,time_stop
S3_bb_lower_break,20,2022-01-20,2022-02-17,4482.72998046875,4380.259765625,22.285549282549816,-2481.121617671153,-2.481121617671156,time_stop
S3_bb_lower_break,20,2022-02-24,2022-03-24,4288.7001953125,4520.16015625,23.293794238471033,5186.388924017944,5.186388924017948,time_stop
S3_bb_lower_break,20,2022-04-25,2022-05-23,4296.1201171875,3973.75,23.253563023163455,-7688.557782767517,-7.688557782767513,time_stop
S3_bb_lower_break,20,2022-06-14,2022-07-14,3735.47998046875,3790.3798828125,26.743577912995228,1266.9513961299722,1.2669513961299783,time_stop
S3_bb_lower_break,20,2022-08-31,2022-09-29,3955.0,3640.469970703125,25.259190872338788,-8136.629470847172,-8.136629470847168,time_stop
S3_bb_lower_break,20,2022-12-19,2023-01-19,3817.659912109375,3898.85009765625,26.167888759085937,1922.6509681762684,1.922650968176276,time_stop
S3_bb_lower_break,20,2023-03-13,2023-04-11,3855.760009765625,4108.93994140625,25.90931480358717,6353.358632476627,6.353358632476636,time_stop
S3_bb_lower_break,20,2023-08-17,2023-09-15,4370.35986328125,4450.31982421875,22.85855239048788,1626.1409874747735,1.6261409874747779,time_stop
S3_bb_lower_break,20,2023-09-22,2023-10-20,4320.06005859375,4224.16015625,23.12470163496269,-2415.239171692947,-2.415239171692951,time_stop
S3_bb_lower_break,20,2023-10-27,2023-11-27,4117.3701171875,4550.43017578125,24.263084701343253,10297.065309746207,10.297065309746213,time_stop
S3_bb_lower_break,20,2024-04-16,2024-05-14,5051.41015625,5246.68017578125,19.776675583647805,3658.1298358544373,3.658129835854429,time_stop
S3_bb_lower_break,20,2024-07-26,2024-08-23,5459.10009765625,5634.60986328125,18.29973770640145,3008.770693373465,3.0087706933734637,time_stop
S3_bb_lower_break,20,2024-11-01,2024-12-02,5728.7998046875,6047.14990234375,17.438224987083373,5346.108967161881,5.346108967161878,time_stop
S3_bb_lower_break,20,2024-12-19,2025-01-22,5867.080078125,6086.3701171875,17.02722624710211,3530.3670079440003,3.530367007944002,time_stop
S3_bb_lower_break,20,2025-02-26,2025-03-26,5956.06005859375,5712.2001953125,16.772849655194165,-4285.934798729035,-4.28593479872903,time_stop
S3_bb_lower_break,20,2025-04-04,2025-05-05,5074.080078125,5650.3798828125,19.688317559429514,11135.226990760397,11.135226990760394,time_stop
S3_bb_lower_break,20,2025-10-13,2025-11-10,6654.72021484375,6832.43017578125,15.011915854443705,2465.299013309949,2.4652990133099406,time_stop
S3_bb_lower_break,20,2025-11-19,2025-12-18,6642.16015625,6774.759765625,15.040302785547562,1792.5437361708862,1.7925437361708818,time_stop
S3_bb_lower_break,20,2026-01-21,2026-02-19,6875.6201171875,6861.89013671875,14.529613067244973,-399.09201212832374,-0.39909201212832146,time_stop
S3_bb_lower_break,20,2026-03-09,2026-04-07,6795.990234375,6616.85009765625,14.6998592485893,-2830.5016605433266,-2.8305016605433275,time_stop
S3_bb_lower_break,20,2026-06-11,2026-07-13,7394.2998046875,7515.33984375,13.510420531876434,1433.8663273000102,1.433866327300004,time_stop
S4_bb_upper_break,1,2000-03-17,2000-03-20,1464.469970703125,1456.6300048828125,68.21587461580766,-734.0755150654533,-0.7340755150654577,time_stop
S4_bb_upper_break,1,2000-03-22,2000-03-23,1500.6400146484375,1527.3499755859375,66.5716620408153,1576.5481663617757,1.5765481663617686,time_stop
S4_bb_upper_break,1,2000-06-05,2000-06-06,1467.6300048828125,1457.8399658203125,68.06899529699704,-865.5319245800208,-0.8655319245800208,time_stop
S4_bb_upper_break,1,2000-07-17,2000-07-18,1510.489990234375,1493.739990234375,66.13754513169526,-1306.4962768751302,-1.3064962768751354,time_stop
S4_bb_upper_break,1,2001-04-19,2001-04-20,1253.68994140625,1242.97998046875,79.68485396639865,-1052.3684514174192,-1.052368451417418,time_stop
S4_bb_upper_break,1,2001-05-17,2001-05-18,1288.489990234375,1291.9599609375,77.53269381776741,68.96694010574865,0.06896694010574134,time_stop
S4_bb_upper_break,1,2001-05-22,2001-05-23,1309.3800048828125,1289.050048828125,76.29572738820066,-1749.3378959777713,-1.7493378959777761,time_stop
S4_bb_upper_break,1,2001-11-07,2001-11-08,1115.800048828125,1118.5400390625,89.532259839046,45.27200030269416,0.04527200030268741,time_stop
S4_bb_upper_break,1,2001-11-14,2001-11-15,1141.2099609375,1142.239990234375,87.53875563619539,-109.722884365853,-0.1097228843658482,time_stop
S4_bb_upper_break,1,2001-12-06,2001-12-07,1167.0999755859375,1158.31005859375,85.59686572690184,-951.4371549865511,-0.9514371549865563,time_stop
S4_bb_upper_break,1,2002-03-04,2002-03-05,1153.8399658203125,1146.1400146484375,86.5805509077481,-865.7995482094618,-0.8657995482094671,time_stop
S4_bb_upper_break,1,2002-10-16,2002-10-17,860.02001953125,879.2000122070312,116.16020282242965,2025.9236877119333,2.025923687711928,time_stop
S4_bb_upper_break,1,2002-11-22,2002-11-25,930.5499877929688,932.8699951171875,107.35597357540985,49.01737854839173,0.04901737854838828,time_stop
S4_bb_upper_break,1,2003-01-07,2003-01-08,922.9299926757812,909.9299926757812,108.2423376560416,-1605.543438939198,-1.6055434389391943,time_stop
S4_bb_upper_break,1,2003-03-18,2003-03-19,866.4500122070312,874.02001953125,115.29816895683717,672.1349756886124,0.6721349756886097,time_stop
S4_bb_upper_break,1,2003-03-24,2003-03-25,864.22998046875,874.739990234375,115.59434659500596,1013.8826140528024,1.0138826140527968,time_stop
S4_bb_upper_break,1,2003-04-23,2003-04-24,919.02001953125,911.4299926757812,108.70285497268534,-1024.0327307204875,-1.0240327307204922,time_stop
S4_bb_upper_break,1,2003-06-02,2003-06-03,967.0,971.5599975585938,103.30930703216123,270.8188978586291,0.2708188978586268,time_stop
S4_bb_upper_break,1,2003-09-03,2003-09-04,1026.27001953125,1027.969970703125,97.34290001546512,-34.4875010221626,-0.03448750102216236,time_stop
S4_bb_upper_break,1,2003-11-04,2003-11-05,1053.25,1051.81005859375,94.84937089969134,-336.2411587789005,-0.3362411587789049,time_stop
S4_bb_upper_break,1,2003-12-02,2003-12-03,1066.6199951171875,1064.72998046875,93.66044172941281,-376.64278704104095,-0.37664278704103715,time_stop
S4_bb_upper_break,1,2003-12-19,2003-12-22,1088.6600341796875,1092.93994140625,91.76427604911142,192.54964581447175,0.1925496458144771,time_stop
S4_bb_upper_break,1,2003-12-23,2003-12-24,1096.02001953125,1094.0400390625,91.1480612761303,-380.09110951026526,-0.38009110951026104,time_stop
S4_bb_upper_break,1,2003-12-30,2003-12-31,1109.6400146484375,1111.9200439453125,90.02928749983015,5.263943863144114,0.005263943863154097,time_stop
S4_bb_upper_break,1,2004-02-12,2004-02-13,1152.1099853515625,1145.81005859375,86.71055816742681,-745.5240952184329,-0.7455240952184305,time_stop
S4_bb_upper_break,1,2004-04-06,2004-04-07,1148.1600341796875,1140.530029296875,87.00886368290496,-863.0143764939539,-0.8630143764939535,time_stop
S4_bb_upper_break,1,2004-06-08,2004-06-09,1142.1800537109375,1131.3299560546875,87.4644059625494,-1147.8485485936017,-1.1478485485935996,time_stop
S4_bb_upper_break,1,2004-10-07,2004-10-08,1130.6500244140625,1122.1400146484375,88.35634169987412,-950.9616171902937,-0.9509616171902935,time_stop
S4_bb_upper_break,1,2004-11-05,2004-11-08,1166.1700439453125,1164.8900146484375,85.6651226969647,-309.3444127059117,-0.3093444127059142,time_stop
S4_bb_upper_break,1,2004-12-14,2004-12-15,1203.3800048828125,1205.719970703125,83.0162537974265,-5.7392585802416205,-0.0057392585802396034,time_stop
S4_bb_upper_break,1,2005-02-07,2005-02-08,1201.719970703125,1202.300048828125,83.13093094529209,-151.62598768249154,-0.15162598768249103,time_stop
S4_bb_upper_break,1,2005-03-07,2005-03-08,1225.31005859375,1219.4300537109375,81.53046586000619,-678.7203376176475,-0.6787203376176443,time_stop
S4_bb_upper_break,1,2005-05-19,2005-05-20,1191.0799560546875,1189.280029296875,83.87354634948879,-350.61547390692436,-0.3506154739069234,time_stop
S4_bb_upper_break,1,2005-06-17,2005-06-20,1216.9599609375,1216.0999755859375,82.08988225310276,-270.3256999530941,-0.27032569995308897,time_stop
S4_bb_upper_break,1,2005-09-12,2005-09-13,1240.56005859375,1231.199951171875,80.52822530280615,-952.7992862880889,-0.9527992862880863,time_stop
S4_bb_upper_break,1,2005-11-03,2005-11-04,1219.93994140625,1220.1400146484375,81.88935906544955,-183.4327141008856,-0.18343271410088402,time_stop
S4_bb_upper_break,1,2006-01-09,2006-01-10,1290.1500244140625,1289.68994140625,77.43293261221366,-235.39015076361764,-0.2353901507636147,time_stop
S4_bb_upper_break,1,2006-03-16,2006-03-17,1305.3299560546875,1307.25,76.53245023353662,-53.001477777048706,-0.05300147777704822,time_stop
S4_bb_upper_break,1,2006-05-08,2006-05-09,1324.6600341796875,1325.1400146484375,75.41565180681572,-163.6383579347702,-0.16363835793477,time_stop
S4_bb_upper_break,1,2006-07-05,2006-07-06,1270.9100341796875,1274.0799560546875,78.60517047894797,49.122877339748236,0.04912287733975784,time_stop
S4_bb_upper_break,1,2006-08-17,2006-08-18,1297.47998046875,1302.300048828125,76.99548463476738,170.95217600330068,0.1709521760032917,time_stop
S4_bb_upper_break,1,2006-09-14,2006-09-15,1316.280029296875,1319.6600341796875,75.89578028731785,56.47138004786649,0.05647138004787333,time_stop
S4_bb_upper_break,1,2006-09-27,2006-09-28,1336.5899658203125,1338.8800048828125,74.74251824027999,-28.808076686732957,-0.028808076686737127,time_stop
S4_bb_upper_break,1,2006-11-15,2006-11-16,1396.5699462890625,1399.760009765625,71.53247151390622,28.164731839793806,0.028164731839797064,time_stop
S4_bb_upper_break,1,2006-12-15,2006-12-18,1427.0899658203125,1422.47998046875,70.00266436788787,-522.188745849196,-0.5221887458491947,time_stop
S4_bb_upper_break,1,2007-01-25,2007-01-26,1423.9000244140625,1422.1800537109375,70.15949026421922,-320.3517953330199,-0.32035179533301816,time_stop
S4_bb_upper_break,1,2007-02-02,2007-02-05,1448.3900146484375,1446.989990234375,68.97320396422941,-296.26780509676524,-0.29626780509676154,time_stop
S4_bb_upper_break,1,2007-04-17,2007-04-18,1471.47998046875,1472.5,67.89089979211002,-130.61940606188375,-0.1306194060618826,time_stop
S4_bb_upper_break,1,2007-04-23,2007-04-24,1480.9300537109375,1480.4100341796875,67.45767610682806,-234.84442959936666,-0.2348444295993679,time_stop
S4_bb_upper_break,1,2007-07-13,2007-07-16,1552.5,1549.52001953125,64.34789043484696,-391.36390104459036,-0.3913639010445946,time_stop
S4_bb_upper_break,1,2007-09-19,2007-09-20,1529.030029296875,1518.75,65.33560360880486,-870.7804671084898,-0.8707804671084896,time_stop
S4_bb_upper_break,1,2007-12-07,2007-12-10,1504.6600341796875,1515.9599609375,66.3938016766449,549.6946512224994,0.5496946512224987,time_stop
S4_bb_upper_break,1,2008-04-02,2008-04-03,1367.530029296875,1369.31005859375,73.05148534944,-69.89644948204861,-0.0698964494820431,time_stop
S4_bb_upper_break,1,2008-05-16,2008-05-19,1425.3499755859375,1426.6300048828125,70.08811983809987,-110.1750678912852,-0.11017506789128273,time_stop
S4_bb_upper_break,1,2009-01-05,2009-01-06,927.4500122070312,934.7000122070312,107.71480789823913,580.3512251047838,0.5803512251047804,time_stop
S4_bb_upper_break,1,2009-03-24,2009-03-25,806.1199951171875,813.8800048828125,123.92708344317549,760.9135025665353,0.7609135025665292,time_stop
S4_bb_upper_break,1,2009-05-05,2009-05-06,903.7999877929688,919.530029296875,110.533415854597,1537.1563239421832,1.5371563239421793,time_stop
S4_bb_upper_break,1,2009-05-11,2009-05-12,909.239990234375,908.3499755859375,109.87209204728076,-297.4901834053599,-0.2974901834053578,time_stop
S4_bb_upper_break,1,2009-06-02,2009-06-03,944.739990234375,931.760009765625,105.74348596730438,-1570.9760339707934,-1.5709760339707945,time_stop
S4_bb_upper_break,1,2009-07-24,2009-07-27,979.260009765625,982.1799926757812,102.0159088534718,97.78662590558508,0.09778662590558262,time_stop
S4_bb_upper_break,1,2009-08-24,2009-08-25,1025.5699462890625,1028.0,97.40934810110214,36.67303808506723,0.036673038085077714,time_stop
S4_bb_upper_break,1,2009-09-17,2009-09-18,1065.489990234375,1068.300048828125,93.75977326462257,63.406786353500316,0.06340678635350372,time_stop
S4_bb_upper_break,1,2009-10-15,2009-10-16,1096.56005859375,1087.6800537109375,91.10317224960185,-1007.9878176019555,-1.0079878176019519,time_stop
S4_bb_upper_break,1,2009-12-28,2009-12-29,1127.780029296875,1126.199951171875,88.5811925242049,-339.62543918949854,-0.33962543918949484,time_stop
S4_bb_upper_break,1,2010-04-15,2010-04-16,1211.6700439453125,1192.1300048828125,82.4482707972343,-1809.2315893817008,-1.809231589381699,time_stop
S4_bb_upper_break,1,2010-10-14,2010-10-15,1173.81005859375,1176.18994140625,85.10755140382969,2.543253000961846,0.0025432530009528165,time_stop
S4_bb_upper_break,1,2010-11-05,2010-11-08,1225.8499755859375,1223.25,81.4945563402644,-411.4721728148123,-0.4114721728148085,time_stop
S4_bb_upper_break,1,2011-01-18,2011-01-19,1295.02001953125,1281.9200439453125,77.14174174408524,-1209.3445783709042,-1.2093445783709078,time_stop
S4_bb_upper_break,1,2011-02-02,2011-02-03,1304.030029296875,1307.0999755859375,76.60874186614049,35.14933827871779,0.03514933827872824,time_stop
S4_bb_upper_break,1,2011-02-08,2011-02-09,1324.5699462890625,1320.8800048828125,75.42078104669498,-477.82016441322673,-0.47782016441322295,time_stop
S4_bb_upper_break,1,2011-04-27,2011-04-28,1355.6600341796875,1360.47998046875,73.69111531015197,155.0318307580935,0.15503183075809002,time_stop
S4_bb_upper_break,1,2011-07-01,2011-07-05,1339.6700439453125,1337.8800048828125,74.57067533278216,-333.1511371411244,-0.3331511371411189,time_stop
S4_bb_upper_break,1,2011-07-08,2011-07-11,1343.800048828125,1319.489990234375,74.34149149437735,-2005.2389679610908,-2.005238967961087,time_stop
S4_bb_upper_break,1,2012-02-06,2012-02-07,1344.3299560546875,1347.050048828125,74.3121876070401,2.1337086435690042,0.002133708643570209,time_stop
S4_bb_upper_break,1,2012-03-14,2012-03-15,1394.280029296875,1402.5999755859375,71.64995395543232,395.727444954298,0.395727444954308,time_stop
S4_bb_upper_break,1,2012-06-20,2012-06-21,1355.68994140625,1325.510009765625,73.68948964574751,-2421.520016181251,-2.4215200161812556,time_stop
S4_bb_upper_break,1,2012-07-05,2012-07-06,1367.5799560546875,1354.6800537109375,73.04881843128231,-1141.180501265966,-1.1411805012659704,time_stop
S4_bb_upper_break,1,2012-07-30,2012-07-31,1385.300048828125,1379.3199462890625,72.11441303608484,-630.6205327157843,-0.6306205327157866,time_stop
S4_bb_upper_break,1,2012-09-07,2012-09-10,1437.9200439453125,1429.0799560546875,69.47542064021701,-813.3548556731442,-0.8133548556731429,time_stop
S4_bb_upper_break,1,2012-09-14,2012-09-17,1465.77001953125,1461.18994140625,68.15537128535875,-511.644968000395,-0.5116449680003909,time_stop
S4_bb_upper_break,1,2012-12-19,2012-12-20,1435.81005859375,1443.68994140625,69.57751779364416,347.9142241117507,0.3479142241117561,time_stop
S4_bb_upper_break,1,2013-01-03,2013-01-04,1459.3699951171875,1466.469970703125,68.45426467198124,285.73738451625695,0.2857373845162492,time_stop
S4_bb_upper_break,1,2013-02-20,2013-02-21,1511.949951171875,1502.4200439453125,66.07368175293753,-828.8465809658761,-0.8288465809658807,time_stop
S4_bb_upper_break,1,2013-03-06,2013-03-07,1541.4599609375,1544.260009765625,64.80875431843309,-18.513990895199747,-0.018513990895197008,time_stop
S4_bb_upper_break,1,2013-03-11,2013-03-12,1556.219970703125,1552.47998046875,64.19407396176997,-439.6453243122203,-0.43964532431222114,time_stop
S4_bb_upper_break,1,2013-04-11,2013-04-12,1593.3699951171875,1588.8499755859375,62.6973648344323,-482.91012009611194,-0.4829101200961139,time_stop
S4_bb_upper_break,1,2013-05-06,2013-05-07,1617.5,1625.9599609375,61.762040123709376,322.18174261983194,0.32218174261984256,time_stop
S4_bb_upper_break,1,2013-07-12,2013-07-15,1680.18994140625,1682.5,59.45762287833222,-62.586957698838724,-0.06258695769884026,time_stop
S4_bb_upper_break,1,2013-09-12,2013-09-13,1683.4200439453125,1687.989990234375,59.34353714000643,71.12538075529578,0.07112538075528807,time_stop
S4_bb_upper_break,1,2013-09-19,2013-09-20,1722.3399658203125,1709.9100341796875,58.00254414494742,-920.0468908455168,-0.9200468908455162,time_stop
S4_bb_upper_break,1,2013-10-18,2013-10-21,1744.5,1744.6600341796875,57.26574944115787,-190.64488704142386,-0.19064488704142457,time_stop
S4_bb_upper_break,1,2013-10-23,2013-10-24,1746.3800048828125,1752.0699462890625,57.20410198283478,125.36230069080555,0.12536230069080112,time_stop
S4_bb_upper_break,1,2013-11-15,2013-11-18,1798.1800537109375,1791.530029296875,55.55622736106667,-568.8810178361788,-0.5688810178361758,time_stop
S4_bb_upper_break,1,2013-12-24,2013-12-26,1833.3199462890625,1842.02001953125,54.49136147911004,273.8045572986512,0.2738045572986403,time_stop
S4_bb_upper_break,1,2014-05-28,2014-05-29,1909.780029296875,1920.030029296875,52.30974162866296,335.8384770419166,0.3358384770419276,time_stop
S4_bb_upper_break,1,2014-05-30,2014-06-02,1923.5699462890625,1924.969970703125,51.934737331921035,-127.16300949777842,-0.12716300949777715,time_stop
S4_bb_upper_break,1,2014-06-09,2014-06-10,1951.27001953125,1950.7900390625,51.19747595163622,-224.34941451775936,-0.22434941451775492,time_stop
S4_bb_upper_break,1,2014-07-07,2014-07-08,1977.6500244140625,1963.7099609375,50.51454942322177,-903.2720492243998,-0.9032720492244017,time_stop
S4_bb_upper_break,1,2014-09-19,2014-09-22,2010.4000244140625,1994.2900390625,49.69165274916673,-999.5314658863115,-0.9995314658863164,time_stop
S4_bb_upper_break,1,2016-04-14,2016-04-15,2082.780029296875,2080.72998046875,47.96478672489727,-298.03202446202124,-0.2980320244620249,time_stop
S4_bb_upper_break,1,2016-04-19,2016-04-20,2100.800048828125,2102.39990234375,47.55335947170532,-123.79786887892199,-0.12379786887891653,time_stop
S4_bb_upper_break,1,2016-05-26,2016-05-27,2090.10009765625,2099.06005859375,47.796801699652406,228.02901888996607,0.22802901888996363,time_stop
S4_bb_upper_break,1,2016-05-31,2016-06-01,2096.949951171875,2099.330078125,47.640669651782105,-86.52274873896661,-0.08652274873897081,time_stop
S4_bb_upper_break,1,2016-12-08,2016-12-09,2246.18994140625,2259.530029296875,44.475357163052934,392.91166854834745,0.3929116685483569,time_stop
S4_bb_upper_break,1,2016-12-14,2016-12-15,2253.280029296875,2262.030029296875,44.33541264344017,187.74672596928207,0.18774672596928443,time_stop
S4_bb_upper_break,1,2017-01-26,2017-01-27,2296.679931640625,2294.68994140625,43.497615198273024,-286.2734694339033,-0.2862734694339064,time_stop
S4_bb_upper_break,1,2017-02-13,2017-02-14,2328.25,2337.580078125,42.90780624937181,200.13265149434056,0.20013265149434467,time_stop
S4_bb_upper_break,1,2017-02-22,2017-02-23,2362.820068359375,2363.81005859375,42.28002852941129,-157.98524126232746,-0.15798524126232616,time_stop
S4_bb_upper_break,1,2017-04-26,2017-04-27,2387.449951171875,2388.77001953125,41.84385094693363,-144.61869287441732,-0.14461869287442086,time_stop
S4_bb_upper_break,1,2017-06-05,2017-06-06,2436.10009765625,2429.330078125,41.00820815869303,-477.1489436059334,-0.47714894360593174,time_stop
S4_bb_upper_break,1,2017-07-17,2017-07-18,2459.139892578125,2460.610107421875,40.62400036761071,-140.13391745556848,-0.14013391745556492,time_stop
S4_bb_upper_break,1,2017-07-20,2017-07-21,2473.449951171875,2472.5400390625,40.388971627571884,-236.51386375494698,-0.2365138637549502,time_stop
S4_bb_upper_break,1,2017-09-12,2017-09-13,2496.47998046875,2498.3701171875,40.01638334041126,-124.23940073239287,-0.12423940073239548,time_stop
S4_bb_upper_break,1,2017-10-06,2017-10-09,2549.330078125,2544.72998046875,39.186804705013,-379.88306515115505,-0.3798830651511542,time_stop
S4_bb_upper_break,1,2017-10-30,2017-10-31,2572.830078125,2575.260009765625,38.82887593295864,-105.5430371149965,-0.1055430371149968,time_stop
S4_bb_upper_break,1,2017-11-29,2017-11-30,2626.070068359375,2647.580078125,38.04167341296876,617.6582900468676,0.6176582900468741,time_stop
S4_bb_upper_break,1,2018-01-05,2018-01-08,2743.14990234375,2747.7099609375,36.4180243357263,-33.89794328548843,-0.03389794328548801,time_stop
S4_bb_upper_break,1,2018-01-12,2018-01-16,2786.239990234375,2776.419921875,35.854808002987724,-551.5447687361976,-0.5515447687362007,time_stop
S4_bb_upper_break,1,2018-01-18,2018-01-19,2798.030029296875,2810.300048828125,35.70372685571359,237.84714063197345,0.23784714063197487,time_stop
S4_bb_upper_break,1,2018-05-11,2018-05-14,2727.719970703125,2730.1298828125,36.62403068242692,-111.62776545951775,-0.11162776545952102,time_stop
S4_bb_upper_break,1,2018-06-07,2018-06-08,2770.3701171875,2779.030029296875,36.06019978352901,112.16568281090629,0.11216568281091632,time_stop
S4_bb_upper_break,1,2018-08-08,2018-08-09,2857.699951171875,2853.580078125,34.958218709817054,-343.6795994064986,-0.34367959940649895,time_stop
S4_bb_upper_break,1,2018-08-28,2018-08-29,2897.52001953125,2914.0400390625,34.47779453695073,369.20406550551854,0.3692040655055129,time_stop
S4_bb_upper_break,1,2018-09-21,2018-09-24,2929.669921875,2919.3701171875,34.099438695866276,-550.666540762478,-0.5506665407624789,time_stop
S4_bb_upper_break,1,2019-03-19,2019-03-20,2832.570068359375,2824.22998046875,35.2683596483677,-493.6472778065213,-0.4936472778065193,time_stop
S4_bb_upper_break,1,2019-03-22,2019-03-25,2800.7099609375,2798.360107421875,35.66956282279929,-283.5346291525552,-0.2835346291525598,time_stop
S4_bb_upper_break,1,2019-04-08,2019-04-09,2895.77001953125,2878.199951171875,34.49863049423764,-805.3373525926843,-0.8053373525926832,time_stop
S4_bb_upper_break,1,2019-07-05,2019-07-08,2990.409912109375,2975.949951171875,33.406824761904424,-682.3785195221345,-0.682378519522131,time_stop
S4_bb_upper_break,1,2019-09-06,2019-09-09,2978.7099609375,2978.429931640625,33.53804204174951,-209.18244249737083,-0.20918244249736873,time_stop
S4_bb_upper_break,1,2019-11-29,2019-12-02,3140.97998046875,3113.8701171875,31.805392113703043,-1061.177791777416,-1.0611777917774123,time_stop
S4_bb_upper_break,1,2019-12-13,2019-12-16,3168.800048828125,3191.449951171875,31.526160805584635,513.5501992561399,0.5135501992561409,time_stop
S4_bb_upper_break,1,2019-12-17,2019-12-18,3192.52001953125,3191.139892578125,31.291925904592446,-242.94384332595428,-0.24294384332594898,time_stop
S4_bb_upper_break,1,2019-12-23,2019-12-24,3224.010009765625,3223.3798828125,30.98628713853228,-219.30596920873927,-0.21930596920873846,time_stop
S4_bb_upper_break,1,2020-01-17,2020-01-21,3329.6201171875,3320.7900390625,30.003452761597508,-464.46809887293506,-0.46446809887293883,time_stop
S4_bb_upper_break,1,2020-05-28,2020-05-29,3029.72998046875,3044.31005859375,32.973268424615085,280.47187703762256,0.28047187703761356,time_stop
S4_bb_upper_break,1,2020-06-04,2020-06-05,3112.35009765625,3193.929931640625,32.097963521304855,2416.1277889690846,2.4161277889690913,time_stop
S4_bb_upper_break,1,2020-06-08,2020-06-09,3232.389892578125,3207.179931640625,30.905956032556606,-978.1590061727143,-0.9781590061727186,time_stop
S4_bb_upper_break,1,2020-08-06,2020-08-07,3349.159912109375,3351.280029296875,29.828405487267588,-136.6237243660626,-0.1366237243660584,time_stop
S4_bb_upper_break,1,2020-08-27,2020-08-28,3484.550048828125,3508.010009765625,28.669440386915067,472.1111678252448,0.4721111678252399,time_stop
S4_bb_upper_break,1,2020-09-03,2020-09-04,3455.06005859375,3426.9599609375,28.914142795179202,-1011.4779457552929,-1.0114779457552903,time_stop
S4_bb_upper_break,1,2020-10-12,2020-10-13,3534.219970703125,3511.929931640625,28.26652011708966,-829.2319755334948,-0.8292319755334954,time_stop
S4_bb_upper_break,1,2021-01-04,2021-01-05,3700.64990234375,3726.860107421875,26.99528529754455,507.0442120271551,0.5070442120271634,time_stop
S4_bb_upper_break,1,2021-01-08,2021-01-11,3824.679931640625,3799.610107421875,26.11985883410825,-853.9656491202576,-0.8539656491202585,time_stop
S4_bb_upper_break,1,2021-02-09,2021-02-10,3911.22998046875,3909.8798828125,25.541862891971174,-234.24972501767536,-0.2342497250176767,time_stop
S4_bb_upper_break,1,2021-04-06,2021-04-07,4073.93994140625,4079.949951171875,24.521740952719153,-52.57167310681942,-0.052571673106815986,time_stop
S4_bb_upper_break,1,2021-04-12,2021-04-13,4127.990234375,4141.58984375,24.200662847552817,128.99024198125528,0.12899024198125275,time_stop
S4_bb_upper_break,1,2021-05-10,2021-05-11,4188.43017578125,4152.10009765625,23.851442117324055,-1065.458430560976,-1.0654584305609727,time_stop
S4_bb_upper_break,1,2021-06-28,2021-06-29,4290.60986328125,4291.7998046875,23.2834266184484,-172.12199230094154,-0.17212199230094427,time_stop
S4_bb_upper_break,1,2021-07-02,2021-07-06,4352.33984375,4343.5400390625,22.95319379610427,-401.5818385378785,-0.4015818385378789,time_stop
S4_bb_upper_break,1,2021-08-31,2021-09-01,4522.68017578125,4524.08984375,22.088694317820764,-168.6936126736906,-0.1686936126736871,time_stop
S4_bb_upper_break,1,2021-10-20,2021-10-21,4536.18994140625,4549.77978515625,22.022909355759957,99.18840936794983,0.09918840936795625,time_stop
S4_bb_upper_break,1,2021-12-28,2021-12-29,4786.35009765625,4793.06005859375,20.871874781792158,-59.89078478645405,-0.05989078478645382,time_stop
S4_bb_upper_break,1,2022-07-20,2022-07-21,3959.89990234375,3998.949951171875,25.227935645790424,784.3667668819276,0.7843667668819165,time_stop
S4_bb_upper_break,1,2022-07-29,2022-08-01,4130.2900390625,4118.6298828125,24.187187571644582,-481.54455974728586,-0.4815445597472823,time_stop
S4_bb_upper_break,1,2022-10-26,2022-10-27,3830.60009765625,3807.300048828125,26.07949077253554,-806.8459548044867,-0.8068459548044915,time_stop
S4_bb_upper_break,1,2022-11-11,2022-11-14,3992.929931640625,3957.25,25.01924692153381,-1091.5925346405659,-1.091592534640562,time_stop
S4_bb_upper_break,1,2023-01-17,2023-01-18,3990.969970703125,3928.860107421875,25.031533846018796,-1752.9506395515007,-1.7529506395514982,time_stop
S4_bb_upper_break,1,2023-02-03,2023-02-06,4136.47998046875,4111.080078125,24.150993204801907,-812.6196358378373,-0.8126196358378412,time_stop
S4_bb_upper_break,1,2023-04-03,2023-04-04,4124.509765625,4100.60009765625,24.2210845838455,-778.3391719526945,-0.7783391719526911,time_stop
S4_bb_upper_break,1,2023-05-19,2023-05-22,4191.97998046875,4192.6298828125,23.83124451107923,-184.3277061196091,-0.18432770611961358,time_stop
S4_bb_upper_break,1,2023-06-05,2023-06-06,4273.7900390625,4283.85009765625,23.37506030642863,35.11912203861529,0.03511912203861822,time_stop
S4_bb_upper_break,1,2023-06-14,2023-06-15,4372.58984375,4425.83984375,22.84689473971427,1015.580347944712,1.0155803479447112,time_stop
S4_bb_upper_break,1,2023-06-16,2023-06-20,4409.58984375,4388.7099609375,22.655190945183904,-672.3648940984161,-0.6723648940984206,time_stop
S4_bb_upper_break,1,2023-07-14,2023-07-17,4505.419921875,4522.7900390625,22.173316057635077,184.9677454580381,0.1849677454580423,time_stop
S4_bb_upper_break,1,2023-07-19,2023-07-20,4565.72021484375,4534.8701171875,21.8804690605683,-874.1397924760013,-0.874139792476003,time_stop
S4_bb_upper_break,1,2023-11-15,2023-11-16,4502.8798828125,4508.240234375,22.185823850513707,-80.99530807327348,-0.08099530807327282,time_stop
S4_bb_upper_break,1,2023-12-13,2023-12-14,4707.08984375,4719.5498046875,21.223325497546153,64.37716505641544,0.06437716505640623,time_stop
S4_bb_upper_break,1,2024-01-22,2024-01-23,4850.43017578125,4864.60009765625,20.596131946999773,91.75353523538831,0.09175353523538377,time_stop
S4_bb_upper_break,1,2024-01-26,2024-01-29,4890.97021484375,4927.93017578125,20.425415717501235,554.3674446838025,0.554367444683801,time_stop
S4_bb_upper_break,1,2024-02-23,2024-02-26,5088.7998046875,5069.52978515625,19.63136765727704,-577.7187411428934,-0.5777187411428963,time_stop
S4_bb_upper_break,1,2024-03-04,2024-03-05,5130.9501953125,5078.64990234375,19.470097369365618,-1217.073704551544,-1.2170737045515412,time_stop
S4_bb_upper_break,1,2024-03-21,2024-03-22,5241.52978515625,5234.18017578125,19.059340306147263,-339.73882728936854,-0.3397388272893709,time_stop
S4_bb_upper_break,1,2024-05-16,2024-05-17,5297.10009765625,5303.27001953125,18.859394396624978,-83.55557075323256,-0.08355557075323539,time_stop
S4_bb_upper_break,1,2024-06-13,2024-06-14,5433.740234375,5431.60009765625,18.385144594898108,-239.10757610422718,-0.23910757610422495,time_stop
S4_bb_upper_break,1,2024-06-18,2024-06-20,5487.02978515625,5473.169921875,18.206589687257388,-451.88870283950416,-0.4518887028395091,time_stop
S4_bb_upper_break,1,2024-07-08,2024-07-09,5572.85009765625,5576.97998046875,17.92621336470444,-125.84107249255058,-0.1258410724925496,time_stop
S4_bb_upper_break,1,2024-07-11,2024-07-12,5584.5400390625,5615.35009765625,17.888688988049687,350.8002045311105,0.3508002045311098,time_stop
S4_bb_upper_break,1,2024-07-17,2024-07-18,5588.27001953125,5544.58984375,17.876748895623273,-979.8788744241256,-0.9798788744241227,time_stop
S4_bb_upper_break,1,2024-10-15,2024-10-16,5815.259765625,5842.47021484375,17.178957420032475,267.17950156015775,0.26717950156016634,time_stop
S4_bb_upper_break,1,2024-11-07,2024-11-08,5973.10009765625,5995.5400390625,16.725000128375402,175.13251507717985,0.17513251507716987,time_stop
S4_bb_upper_break,1,2024-12-05,2024-12-06,6075.10986328125,6090.27001953125,16.444163504582697,49.24659224170005,0.04924659224170291,time_stop
S4_bb_upper_break,1,2025-01-24,2025-01-27,6101.240234375,6012.27978515625,16.3737364965983,-1654.9585389728852,-1.6549585389728838,time_stop
S4_bb_upper_break,1,2025-06-25,2025-06-26,6092.16015625,6141.02001953125,16.398140780591845,600.6095058896065,0.6006095058896044,time_stop
S4_bb_upper_break,1,2025-06-27,2025-06-30,6173.06982421875,6204.9501953125,16.18321236350879,315.6106890217964,0.3156106890217947,time_stop
S4_bb_upper_break,1,2025-07-07,2025-07-08,6229.97998046875,6225.52001953125,16.03538056515285,-271.24585356777555,-0.27124585356778086,time_stop
S4_bb_upper_break,1,2025-07-28,2025-07-29,6389.77001953125,6370.85986328125,15.63438114278619,-495.15314149204045,-0.49515314149204404,time_stop
S4_bb_upper_break,1,2025-08-13,2025-08-14,6466.580078125,6468.5400390625,15.448675914188351,-169.55167727360865,-0.16955167727360498,time_stop
S4_bb_upper_break,1,2025-09-12,2025-09-15,6584.2900390625,6615.27978515625,15.172493815950448,269.9213394341414,0.26992133943413155,time_stop
S4_bb_upper_break,1,2025-09-23,2025-09-24,6656.919921875,6637.97021484375,15.006955329569577,-483.8932293196492,-0.48389322931965406,time_stop
S4_bb_upper_break,1,2025-10-28,2025-10-29,6890.89013671875,6890.58984375,14.497415851657964,-204.14931837343175,-0.20414931837343664,time_stop
S4_bb_upper_break,1,2026-04-15,2026-04-16,7022.9501953125,7041.27978515625,14.224805405394827,60.673914039173,0.060673914039166554,time_stop
S4_bb_upper_break,5,2000-03-17,2000-03-24,1464.469970703125,1527.4599609375,68.21587461580766,4092.820158803006,4.092820158803012,time_stop
S4_bb_upper_break,5,2000-06-05,2000-06-12,1467.6300048828125,1446.0,68.06899529699704,-1670.6605677417326,-1.670660567741733,time_stop
S4_bb_upper_break,5,2000-07-17,2000-07-24,1510.489990234375,1464.2900390625,66.13754513169526,-3252.2960041564734,-3.252296004156474,time_stop
S4_bb_upper_break,5,2001-04-19,2001-04-26,1253.68994140625,1234.52001953125,79.68485396639865,-1725.8250725316639,-1.7258250725316615,time_stop
S4_bb_upper_break,5,2001-05-17,2001-05-24,1288.489990234375,1293.1700439453125,77.53269381776741,162.6941144492134,0.16269411444922444,time_stop
S4_bb_upper_break,5,2001-11-07,2001-11-14,1115.800048828125,1141.2099609375,89.532259839046,2072.9316468102306,2.072931646810239,time_stop
S4_bb_upper_break,5,2001-12-06,2001-12-13,1167.0999755859375,1119.3800048828125,85.59686572690184,-4280.395444642499,-4.2803954446425045,time_stop
S4_bb_upper_break,5,2002-03-04,2002-03-11,1153.8399658203125,1168.260009765625,86.5805509077481,1047.446653750003,1.047446653750006,time_stop
S4_bb_upper_break,5,2002-10-16,2002-10-23,860.02001953125,896.1400146484375,116.16020282242965,3991.710052998718,3.9917100529987204,time_stop
S4_bb_upper_break,5,2002-11-22,2002-12-02,930.5499877929688,934.530029296875,107.35597357540985,227.05374949167836,0.2270537494916791,time_stop
S4_bb_upper_break,5,2003-01-07,2003-01-14,922.9299926757812,931.6599731445312,108.2423376560416,744.2083403352696,0.7442083403352617,time_stop
S4_bb_upper_break,5,2003-03-18,2003-03-25,866.4500122070312,874.739990234375,115.29816895683717,755.063268157718,0.7550632681577074,time_stop
S4_bb_upper_break,5,2003-04-23,2003-04-30,919.02001953125,916.9199829101562,108.70285497268534,-427.85189608400464,-0.4278518960840083,time_stop
S4_bb_upper_break,5,2003-06-02,2003-06-09,967.0,975.9299926757812,103.30930703216123,721.8286039819118,0.7218286039819111,time_stop
S4_bb_upper_break,5,2003-09-03,2003-09-10,1026.27001953125,1010.9199829101562,97.34290001546512,-1692.5230627610185,-1.69252306276102,time_stop
S4_bb_upper_break,5,2003-11-04,2003-11-11,1053.25,1046.5699462890625,94.84937089969134,-832.7654929667074,-0.8327654929667028,time_stop
S4_bb_upper_break,5,2003-12-02,2003-12-09,1066.6199951171875,1060.1800537109375,93.66044172941281,-802.3647888642611,-0.8023647888642627,time_stop
S4_bb_upper_break,5,2003-12-19,2003-12-29,1088.6600341796875,1109.47998046875,91.76427604911142,1708.8165714984207,1.7088165714984171,time_stop
S4_bb_upper_break,5,2003-12-30,2004-01-07,1109.6400146484375,1126.3299560546875,90.02928749983015,1301.2807498852067,1.301280749885203,time_stop
S4_bb_upper_break,5,2004-02-12,2004-02-20,1152.1099853515625,1144.1099853515625,86.71055816742681,-892.7909806742708,-0.892790980674274,time_stop
S4_bb_upper_break,5,2004-04-06,2004-04-14,1148.1600341796875,1128.1700439453125,87.00886368290496,-1937.3672287901954,-1.9373672287901988,time_stop
S4_bb_upper_break,5,2004-06-08,2004-06-16,1142.1800537109375,1133.56005859375,87.4644059625494,-952.9890093727352,-0.95298900937274,time_stop
S4_bb_upper_break,5,2004-10-07,2004-10-14,1130.6500244140625,1103.2900390625,88.35634169987412,-2614.8109862117694,-2.6148109862117686,time_stop
S4_bb_upper_break,5,2004-11-05,2004-11-12,1166.1700439453125,1184.1700439453125,85.6651226969647,1340.630036536624,1.3406300365366164,time_stop
S4_bb_upper_break,5,2004-12-14,2004-12-21,1203.3800048828125,1205.449951171875,83.0162537974265,-28.13285250682374,-0.028132852506823625,time_stop
S4_bb_upper_break,5,2005-02-07,2005-02-14,1201.719970703125,1206.1400146484375,83.13093094529209,167.27472582476295,0.167274725824762,time_stop
S4_bb_upper_break,5,2005-03-07,2005-03-14,1225.31005859375,1206.8299560546875,81.53046586000619,-1704.9848775814799,-1.7049848775814835,time_stop
S4_bb_upper_break,5,2005-05-19,2005-05-26,1191.0799560546875,1197.6199951171875,83.87354634948879,348.1875333664205,0.3481875333664286,time_stop
S4_bb_upper_break,5,2005-06-17,2005-06-24,1216.9599609375,1191.5699462890625,82.08988225310276,-2281.9792493820855,-2.2819792493820823,time_stop
S4_bb_upper_break,5,2005-09-12,2005-09-19,1240.56005859375,1231.02001953125,80.52822530280615,-967.2743724077523,-0.9672743724077559,time_stop
S4_bb_upper_break,5,2005-11-03,2005-11-10,1219.93994140625,1230.9599609375,81.88935906544955,701.719714166297,0.7017197141663045,time_stop
S4_bb_upper_break,5,2006-01-09,2006-01-17,1290.1500244140625,1282.9300537109375,77.43293261221366,-758.3046412125024,-0.7583046412125038,time_stop
S4_bb_upper_break,5,2006-03-16,2006-03-23,1305.3299560546875,1301.6700439453125,76.53245023353662,-479.6221391286706,-0.4796221391286659,time_stop
S4_bb_upper_break,5,2006-05-08,2006-05-15,1324.6600341796875,1294.5,75.41565180681572,-2472.064297340979,-2.472064297340981,time_stop
S4_bb_upper_break,5,2006-07-05,2006-07-12,1270.9100341796875,1258.5999755859375,78.60517047894797,-1166.4668199133653,-1.1664668199133699,time_stop
S4_bb_upper_break,5,2006-08-17,2006-08-24,1297.47998046875,1296.06005859375,76.99548463476738,-309.01844513639946,-0.30901844513639976,time_stop
S4_bb_upper_break,5,2006-09-14,2006-09-21,1316.280029296875,1318.030029296875,75.89578028731785,-67.11540191287199,-0.06711540191287613,time_stop
S4_bb_upper_break,5,2006-09-27,2006-10-04,1336.5899658203125,1350.199951171875,74.74251824027999,816.4271340105299,0.8164271340105334,time_stop
S4_bb_upper_break,5,2006-11-15,2006-11-22,1396.5699462890625,1406.0899658203125,71.53247151390622,480.50933560485174,0.48050933560486175,time_stop
S4_bb_upper_break,5,2006-12-15,2006-12-22,1427.0899658203125,1410.760009765625,70.00266436788787,-1341.7974922060039,-1.3417974922059983,time_stop
S4_bb_upper_break,5,2007-01-25,2007-02-01,1423.9000244140625,1445.93994140625,70.15949026421922,1344.9628324957546,1.344962832495744,time_stop
S4_bb_upper_break,5,2007-02-02,2007-02-09,1448.3900146484375,1438.06005859375,68.97320396422941,-911.577875535775,-0.911577875535774,time_stop
S4_bb_upper_break,5,2007-04-17,2007-04-24,1471.47998046875,1480.4100341796875,67.89089979211002,405.8629124456108,0.40586291244562034,time_stop
S4_bb_upper_break,5,2007-07-13,2007-07-20,1552.5,1534.0999755859375,64.34789043484696,-1382.6189520397872,-1.3826189520397825,time_stop
S4_bb_upper_break,5,2007-09-19,2007-09-26,1529.030029296875,1525.4200439453125,65.33560360880486,-435.42491119151373,-0.4354249111915176,time_stop
S4_bb_upper_break,5,2007-12-07,2007-12-14,1504.6600341796875,1467.949951171875,66.3938016766449,-2634.6848485833157,-2.634684848583313,time_stop
S4_bb_upper_break,5,2008-04-02,2008-04-09,1367.530029296875,1354.489990234375,73.05148534944,-1151.4418281080027,-1.1514418281080019,time_stop
S4_bb_upper_break,5,2008-05-16,2008-05-23,1425.3499755859375,1375.9300537109375,70.08811983809987,-3660.0858571579615,-3.6600858571579575,time_stop
S4_bb_upper_break,5,2009-01-05,2009-01-12,927.4500122070312,870.260009765625,107.71480789823913,-6353.850116349412,-6.353850116349413,time_stop
S4_bb_upper_break,5,2009-03-24,2009-03-31,806.1199951171875,797.8699951171875,123.92708344317549,-1221.1762397679765,-1.2211762397679737,time_stop
S4_bb_upper_break,5,2009-05-05,2009-05-12,903.7999877929688,908.3499755859375,110.533415854597,302.62256736051,0.30262256736051096,time_stop
S4_bb_upper_break,5,2009-06-02,2009-06-09,944.739990234375,942.4299926757812,105.74348596730438,-443.8231270274387,-0.44382312702744287,time_stop
S4_bb_upper_break,5,2009-07-24,2009-07-31,979.260009765625,987.47998046875,102.0159088534718,637.9290144459923,0.6379290144459926,time_stop
S4_bb_upper_break,5,2009-08-24,2009-08-31,1025.5699462890625,1020.6199951171875,97.40934810110214,-681.4895450680266,-0.6814895450680258,time_stop
S4_bb_upper_break,5,2009-09-17,2009-09-24,1065.489990234375,1050.780029296875,93.75977326462257,-1577.6235994294145,-1.5776235994294119,time_stop
S4_bb_upper_break,5,2009-10-15,2009-10-22,1096.56005859375,1092.9100341796875,91.10317224960185,-531.996473906883,-0.5319964739068817,time_stop
S4_bb_upper_break,5,2009-12-28,2010-01-05,1127.780029296875,1136.52001953125,88.5811925242049,573.6243590530551,0.5736243590530599,time_stop
S4_bb_upper_break,5,2010-04-15,2010-04-22,1211.6700439453125,1208.6700439453125,82.4482707972343,-446.8976673795014,-0.44689766737949776,time_stop
S4_bb_upper_break,5,2010-10-14,2010-10-21,1173.81005859375,1180.260009765625,85.10755140382969,348.59041156145594,0.34859041156145576,time_stop
S4_bb_upper_break,5,2010-11-05,2010-11-12,1225.8499755859375,1199.2099609375,81.4945563402644,-2368.6453582980675,-2.3686453582980715,time_stop
S4_bb_upper_break,5,2011-01-18,2011-01-25,1295.02001953125,1291.1800537109375,77.14174174408524,-495.725629765232,-0.49572562976523127,time_stop
S4_bb_upper_break,5,2011-02-02,2011-02-09,1304.030029296875,1320.8800048828125,76.60874186614049,1089.7643748835565,1.0897643748835506,time_stop
S4_bb_upper_break,5,2011-04-27,2011-05-04,1355.6600341796875,1347.3199462890625,73.69111531015197,-813.7759878665781,-0.8137759878665829,time_stop
S4_bb_upper_break,5,2011-07-01,2011-07-11,1339.6700439453125,1319.489990234375,74.57067533278216,-1703.1355930431466,-1.703135593043148,time_stop
S4_bb_upper_break,5,2012-02-06,2012-02-13,1344.3299560546875,1351.77001953125,74.3121876070401,352.53430568554325,0.3525343056855368,time_stop
S4_bb_upper_break,5,2012-03-14,2012-03-21,1394.280029296875,1402.8900146484375,71.64995395543232,416.4879491422249,0.4164879491422191,time_stop
S4_bb_upper_break,5,2012-06-20,2012-06-27,1355.68994140625,1331.8499755859375,73.68948964574751,-1954.7983593566178,-1.9547983593566132,time_stop
S4_bb_upper_break,5,2012-07-05,2012-07-12,1367.5799560546875,1334.760009765625,73.04881843128231,-2594.8610388969546,-2.594861038896956,time_stop
S4_bb_upper_break,5,2012-07-30,2012-08-06,1385.300048828125,1394.22998046875,72.11441303608484,443.5326021371332,0.4435326021371422,time_stop
S4_bb_upper_break,5,2012-09-07,2012-09-14,1437.9200439453125,1465.77001953125,69.47542064021701,1733.1536800839522,1.7331536800839542,time_stop
S4_bb_upper_break,5,2012-12-19,2012-12-27,1435.81005859375,1418.0999755859375,69.57751779364416,-1430.7915917875755,-1.4307915917875724,time_stop
S4_bb_upper_break,5,2013-01-03,2013-01-10,1459.3699951171875,1472.1199951171875,68.45426467198124,672.1188828930024,0.6721188828930025,time_stop
S4_bb_upper_break,5,2013-02-20,2013-02-27,1511.949951171875,1515.989990234375,66.07368175293753,66.87311522957934,0.06687311522957096,time_stop
S4_bb_upper_break,5,2013-03-06,2013-03-13,1541.4599609375,1554.52001953125,64.80875431843309,645.7595228577042,0.6457595228577029,time_stop
S4_bb_upper_break,5,2013-04-11,2013-04-18,1593.3699951171875,1541.6099853515625,62.6973648344323,-3441.771199693253,-3.4417711996932554,time_stop
S4_bb_upper_break,5,2013-05-06,2013-05-13,1617.5,1633.77001953125,61.762040123709376,804.0645297033016,0.8040645297032967,time_stop
S4_bb_upper_break,5,2013-07-12,2013-07-19,1680.18994140625,1692.0899658203125,59.45762287833222,507.03941689023253,0.5070394168902315,time_stop
S4_bb_upper_break,5,2013-09-12,2013-09-19,1683.4200439453125,1722.3399658203125,59.34353714000643,2107.535983645753,2.1075359836457475,time_stop
S4_bb_upper_break,5,2013-10-18,2013-10-25,1744.5,1759.77001953125,57.26574944115787,673.7744635255215,0.6737744635255227,time_stop
S4_bb_upper_break,5,2013-11-15,2013-11-22,1798.1800537109375,1804.760009765625,55.55622736106667,165.3917772652577,0.16539177726526688,time_stop
S4_bb_upper_break,5,2013-12-24,2014-01-02,1833.3199462890625,1831.97998046875,54.49136147911004,-272.7437451226045,-0.2727437451226056,time_stop
S4_bb_upper_break,5,2014-05-28,2014-06-04,1909.780029296875,1927.8800048828125,52.30974162866296,746.0580415389275,0.7460580415389328,time_stop
S4_bb_upper_break,5,2014-06-09,2014-06-16,1951.27001953125,1937.780029296875,51.19747595163622,-889.7629969617931,-0.889762996961796,time_stop
S4_bb_upper_break,5,2014-07-07,2014-07-14,1977.6500244140625,1977.0999755859375,50.51454942322177,-227.5578830449856,-0.22755788304498203,time_stop
S4_bb_upper_break,5,2014-09-19,2014-09-26,2010.4000244140625,1982.8499755859375,49.69165274916673,-1567.4386519303735,-1.5674386519303751,time_stop
S4_bb_upper_break,5,2016-04-14,2016-04-21,2082.780029296875,2091.47998046875,47.96478672489727,217.07381137333581,0.21707381137332504,time_stop
S4_bb_upper_break,5,2016-05-26,2016-06-03,2090.10009765625,2099.1298828125,47.796801699652406,231.3630558530519,0.23136305585305106,time_stop
S4_bb_upper_break,5,2016-12-08,2016-12-15,2246.18994140625,2262.030029296875,44.475357163052934,503.9888730630697,0.503988873063066,time_stop
S4_bb_upper_break,5,2017-01-26,2017-02-02,2296.679931640625,2280.85009765625,43.497615198273024,-887.6716670777747,-0.8876716670777718,time_stop
S4_bb_upper_break,5,2017-02-13,2017-02-21,2328.25,2365.3798828125,42.90780624937181,1391.7684561626597,1.3917684561626675,time_stop
S4_bb_upper_break,5,2017-02-22,2017-03-01,2362.820068359375,2395.9599609375,42.28002852941129,1199.9542482608908,1.1999542482608927,time_stop
S4_bb_upper_break,5,2017-04-26,2017-05-03,2387.449951171875,2388.1298828125,41.84385094693363,-171.37769253399247,-0.1713776925339916,time_stop
S4_bb_upper_break,5,2017-06-05,2017-06-12,2436.10009765625,2429.389892578125,41.00820815869303,-474.69851294482146,-0.4746985129448267,time_stop
S4_bb_upper_break,5,2017-07-17,2017-07-24,2459.139892578125,2469.909912109375,40.62400036761071,237.28355631909386,0.23728355631909004,time_stop
S4_bb_upper_break,5,2017-09-12,2017-09-19,2496.47998046875,2506.64990234375,40.01638334041126,206.75632899955747,0.20675632899955776,time_stop
S4_bb_upper_break,5,2017-10-06,2017-10-13,2549.330078125,2553.169921875,39.186804705013,-49.47946387829483,-0.04947946387829916,time_stop
S4_bb_upper_break,5,2017-10-30,2017-11-06,2572.830078125,2591.1298828125,38.82887593295864,510.05008516232124,0.5100500851623169,time_stop
S4_bb_upper_break,5,2017-11-29,2017-12-06,2626.070068359375,2629.27001953125,38.04167341296876,-78.19043387969924,-0.07819043387969904,time_stop
S4_bb_upper_break,5,2018-01-05,2018-01-12,2743.14990234375,2786.239990234375,36.4180243357263,1367.8864137597616,1.3678864137597557,time_stop
S4_bb_upper_break,5,2018-01-18,2018-01-25,2798.030029296875,2839.25,35.70372685571359,1270.4346686097178,1.2704346686097212,time_stop
S4_bb_upper_break,5,2018-05-11,2018-05-18,2727.719970703125,2712.969970703125,36.62403068242692,-739.4644479134113,-0.7394644479134072,time_stop
S4_bb_upper_break,5,2018-06-07,2018-06-14,2770.3701171875,2782.489990234375,36.06019978352901,236.8077985777109,0.2368077985777095,time_stop
S4_bb_upper_break,5,2018-08-08,2018-08-15,2857.699951171875,2818.3701171875,34.958218709817054,-1573.3262371085157,-1.5733262371085188,time_stop
S4_bb_upper_break,5,2018-08-28,2018-09-05,2897.52001953125,2888.60009765625,34.47779453695073,-507.0318942584012,-0.5070318942584029,time_stop
S4_bb_upper_break,5,2018-09-21,2018-09-28,2929.669921875,2913.97998046875,34.099438695866276,-734.2833767292302,-0.7342833767292278,time_stop
S4_bb_upper_break,5,2019-03-19,2019-03-26,2832.570068359375,2818.4599609375,35.2683596483677,-696.9429026887494,-0.6969429026887464,time_stop
S4_bb_upper_break,5,2019-04-08,2019-04-15,2895.77001953125,2905.580078125,34.49863049423764,138.2949531658644,0.13829495316586282,time_stop
S4_bb_upper_break,5,2019-07-05,2019-07-12,2990.409912109375,3013.77001953125,33.406824761904424,579.8064282465848,0.5798064282465765,time_stop
S4_bb_upper_break,5,2019-09-06,2019-09-13,2978.7099609375,3007.389892578125,33.53804204174951,761.1066845644852,0.7611066845644832,time_stop
S4_bb_upper_break,5,2019-11-29,2019-12-06,3140.97998046875,3145.909912109375,31.805392113703043,-43.158589285278104,-0.04315858928527483,time_stop
S4_bb_upper_break,5,2019-12-13,2019-12-20,3168.800048828125,3221.219970703125,31.526160805584635,1451.1460877607872,1.4511460877607796,time_stop
S4_bb_upper_break,5,2019-12-23,2019-12-31,3224.010009765625,3230.780029296875,30.98628713853228,9.76779155946743,0.00976779155947849,time_stop
S4_bb_upper_break,5,2020-01-17,2020-01-27,3329.6201171875,3243.6298828125,30.003452761597508,-2777.2241308941652,-2.7772241308941625,time_stop
S4_bb_upper_break,5,2020-05-28,2020-06-04,3029.72998046875,3112.35009765625,32.973268424615085,2521.7308461951034,2.521730846195114,time_stop
S4_bb_upper_break,5,2020-06-08,2020-06-15,3232.389892578125,3066.590087890625,30.905956032556606,-5318.8774722046655,-5.3188774722046634,time_stop
S4_bb_upper_break,5,2020-08-06,2020-08-13,3349.159912109375,3373.429931640625,29.828405487267588,523.4118479780799,0.5234118479780836,time_stop
S4_bb_upper_break,5,2020-08-27,2020-09-03,3484.550048828125,3455.06005859375,28.669440386915067,-1044.4162553182807,-1.0444162553182812,time_stop
S4_bb_upper_break,5,2020-10-12,2020-10-19,3534.219970703125,3426.919921875,28.26652011708966,-3229.766189576332,-3.229766189576333,time_stop
S4_bb_upper_break,5,2021-01-04,2021-01-11,3700.64990234375,3799.610107421875,26.99528529754455,2468.9873104181297,2.468987310418136,time_stop
S4_bb_upper_break,5,2021-02-09,2021-02-17,3911.22998046875,3931.330078125,25.541862891971174,313.08034471252824,0.3130803447125352,time_stop
S4_bb_upper_break,5,2021-04-06,2021-04-13,4073.93994140625,4141.58984375,24.521740952719153,1457.434287569244,1.457434287569237,time_stop
S4_bb_upper_break,5,2021-05-10,2021-05-17,4188.43017578125,4163.2900390625,23.851442117324055,-798.8290870532971,-0.7988290870532988,time_stop
S4_bb_upper_break,5,2021-06-28,2021-07-06,4290.60986328125,4343.5400390625,23.2834266184484,1031.3632680404041,1.0313632680404083,time_stop
S4_bb_upper_break,5,2021-08-31,2021-09-08,4522.68017578125,4514.06982421875,22.088694317820764,-389.80143200958423,-0.3898014320095844,time_stop
S4_bb_upper_break,5,2021-10-20,2021-10-27,4536.18994140625,4551.68017578125,22.022909355759957,140.998687712376,0.14099868771237922,time_stop
S4_bb_upper_break,5,2021-12-28,2022-01-04,4786.35009765625,4793.5400390625,20.871874781792158,-49.88271063723018,-0.049882710637227934,time_stop
S4_bb_upper_break,5,2022-07-20,2022-07-27,3959.89990234375,4023.610107421875,25.227935645790424,1405.869476937166,1.4058694769371716,time_stop
S4_bb_upper_break,5,2022-07-29,2022-08-05,4130.2900390625,4145.18994140625,24.187187571644582,160.22614625450038,0.16022614625450515,time_stop
S4_bb_upper_break,5,2022-10-26,2022-11-02,3830.60009765625,3759.68994140625,26.07949077253554,-2047.2516646355136,-2.0472516646355188,time_stop
S4_bb_upper_break,5,2022-11-11,2022-11-18,3992.929931640625,3965.340087890625,25.01924692153381,-889.3870359946615,-0.8893870359946598,time_stop
S4_bb_upper_break,5,2023-01-17,2023-01-24,3990.969970703125,4016.949951171875,25.031533846018796,449.8682418618152,0.4498682418618172,time_stop
S4_bb_upper_break,5,2023-02-03,2023-02-10,4136.47998046875,4090.4599609375,24.150993204801907,-1310.117949605286,-1.3101179496052828,time_stop
S4_bb_upper_break,5,2023-04-03,2023-04-11,4124.509765625,4108.93994140625,24.2210845838455,-576.541111128775,-0.5765411111287699,time_stop
S4_bb_upper_break,5,2023-05-19,2023-05-26,4191.97998046875,4205.4501953125,23.83124451107923,120.89077177442894,0.12089077177441787,time_stop
S4_bb_upper_break,5,2023-06-05,2023-06-12,4273.7900390625,4338.93017578125,23.37506030642863,1321.33176974542,1.3213317697454263,time_stop
S4_bb_upper_break,5,2023-06-14,2023-06-22,4372.58984375,4381.89013671875,22.84689473971427,12.470131890843085,0.012470131890851555,time_stop
S4_bb_upper_break,5,2023-07-14,2023-07-21,4505.419921875,4536.33984375,22.173316057635077,485.11140321134576,0.4851114032113468,time_stop
S4_bb_upper_break,5,2023-11-15,2023-11-22,4502.8798828125,4556.6201171875,22.185823850513707,991.2789023553562,0.9912789023553525,time_stop
S4_bb_upper_break,5,2023-12-13,2023-12-20,4707.08984375,4698.35009765625,21.223325497546153,-385.1011894376502,-0.38510118943765326,time_stop
S4_bb_upper_break,5,2024-01-22,2024-01-29,4850.43017578125,4927.93017578125,20.596131946999773,1394.8038258664046,1.3948038258664086,time_stop
S4_bb_upper_break,5,2024-02-23,2024-03-01,5088.7998046875,5137.080078125,19.63136765727704,747.0597908467844,0.7470597908467935,time_stop
S4_bb_upper_break,5,2024-03-04,2024-03-11,5130.9501953125,5117.93994140625,19.470097369365618,-452.8577992446837,-0.45285779924468805,time_stop
S4_bb_upper_break,5,2024-03-21,2024-03-28,5241.52978515625,5254.35009765625,19.059340306147263,44.30215226969452,0.04430215226969292,time_stop
S4_bb_upper_break,5,2024-05-16,2024-05-23,5297.10009765625,5267.83984375,18.859394396624978,-751.0790376949873,-0.7510790376949905,time_stop
S4_bb_upper_break,5,2024-06-13,2024-06-21,5433.740234375,5464.6201171875,18.385144594898108,367.3631796705553,0.36736317967056564,time_stop
S4_bb_upper_break,5,2024-07-08,2024-07-15,5572.85009765625,5631.22021484375,17.92621336470444,845.5086198509115,0.8455086198509099,time_stop
S4_bb_upper_break,5,2024-07-17,2024-07-24,5588.27001953125,5427.1298828125,17.876748895623273,-3077.5812991665603,-3.077581299166565,time_stop
S4_bb_upper_break,5,2024-10-15,2024-10-22,5815.259765625,5851.2001953125,17.178957420032475,417.0014923477889,0.4170014923477794,time_stop
S4_bb_upper_break,5,2024-11-07,2024-11-14,5973.10009765625,5949.169921875,16.725000128375402,-599.6321606206262,-0.5996321606206223,time_stop
S4_bb_upper_break,5,2024-12-05,2024-12-12,6075.10986328125,6051.25,16.444163504582697,-591.7633373010711,-0.5917633373010767,time_stop
S4_bb_upper_break,5,2025-01-24,2025-01-31,6101.240234375,6040.52978515625,16.3737364965983,-1192.8630410000171,-1.192863041000014,time_stop
S4_bb_upper_break,5,2025-06-25,2025-07-02,6092.16015625,6227.419921875,16.398140780591845,2015.990470189754,2.0159904701897435,time_stop
S4_bb_upper_break,5,2025-07-07,2025-07-14,6229.97998046875,6268.56005859375,16.03538056515285,418.22738893255234,0.4182273889325572,time_stop
S4_bb_upper_break,5,2025-07-28,2025-08-04,6389.77001953125,6329.93994140625,15.63438114278619,-1134.2710387639013,-1.134271038763901,time_stop
S4_bb_upper_break,5,2025-08-13,2025-08-20,6466.580078125,6395.77978515625,15.448675914188351,-1292.4772097232883,-1.2924772097232862,time_stop
S4_bb_upper_break,5,2025-09-12,2025-09-19,6584.2900390625,6664.35986328125,15.172493815950448,1013.8438540902389,1.0138438540902461,time_stop
S4_bb_upper_break,5,2025-09-23,2025-09-30,6656.919921875,6688.4599609375,15.006955329569577,273.0464375463305,0.2730464375463315,time_stop
S4_bb_upper_break,5,2025-10-28,2025-11-04,6890.89013671875,6771.5498046875,14.497415851657964,-1928.1964947108174,-1.928196494710821,time_stop
S4_bb_upper_break,5,2026-04-15,2026-04-22,7022.9501953125,7137.89990234375,14.224805405394827,1433.7018769125625,1.4337018769125631,time_stop
S4_bb_upper_break,10,2000-03-17,2000-03-31,1464.469970703125,1498.5799560546875,68.21587461580766,2124.715441605137,2.1247154416051295,time_stop
S4_bb_upper_break,10,2000-06-05,2000-06-19,1467.6300048828125,1486.0,68.06899529699704,1049.3764843262563,1.0493764843262587,time_stop
S4_bb_upper_break,10,2000-07-17,2000-07-31,1510.489990234375,1430.8299560546875,66.13754513169526,-5463.0507864459,-5.4630507864458995,time_stop
S4_bb_upper_break,10,2001-04-19,2001-05-03,1253.68994140625,1248.5799560546875,79.68485396639865,-606.5814478733726,-0.6065814478733778,time_stop
S4_bb_upper_break,10,2001-05-17,2001-06-01,1288.489990234375,1260.6700439453125,77.53269381776741,-2354.598622079148,-2.3545986220791515,time_stop
S4_bb_upper_break,10,2001-11-07,2001-11-21,1115.800048828125,1137.030029296875,89.532259839046,1699.067159778087,1.6990671597780782,time_stop
S4_bb_upper_break,10,2001-12-06,2001-12-20,1167.0999755859375,1139.9300537109375,85.59686572690184,-2523.1346941904376,-2.523134694190443,time_stop
S4_bb_upper_break,10,2002-03-04,2002-03-18,1153.8399658203125,1165.550048828125,86.5805509077481,813.0513727536749,0.8130513727536703,time_stop
S4_bb_upper_break,10,2002-10-16,2002-10-30,860.02001953125,890.7100219726562,116.16020282242965,3361.5917515062156,3.36159175150621,time_stop
S4_bb_upper_break,10,2002-11-22,2002-12-09,930.5499877929688,892.0,107.35597357540985,-4334.233099163691,-4.334233099163686,time_stop
S4_bb_upper_break,10,2003-01-07,2003-01-22,922.9299926757812,878.3599853515625,108.2423376560416,-5019.337620138406,-5.019337620138408,time_stop
S4_bb_upper_break,10,2003-03-18,2003-04-01,866.4500122070312,858.47998046875,115.29816895683717,-1117.8113356859317,-1.1178113356859365,time_stop
S4_bb_upper_break,10,2003-04-23,2003-05-07,919.02001953125,929.6199951171875,108.70285497268534,951.2951614231574,0.9512951614231602,time_stop
S4_bb_upper_break,10,2003-06-02,2003-06-16,967.0,1010.739990234375,103.30930703216123,4314.42913282589,4.314429132825892,time_stop
S4_bb_upper_break,10,2003-09-03,2003-09-17,1026.27001953125,1025.969970703125,97.34290001546512,-228.97861525304438,-0.2289786152530393,time_stop
S4_bb_upper_break,10,2003-11-04,2003-11-18,1053.25,1034.1500244140625,94.84937089969134,-2009.6092476572949,-2.0096092476572958,time_stop
S4_bb_upper_break,10,2003-12-02,2003-12-16,1066.6199951171875,1075.1300048828125,93.66044172941281,596.4540226961055,0.5964540226961024,time_stop
S4_bb_upper_break,10,2003-12-19,2004-01-06,1088.6600341796875,1123.6700439453125,91.76427604911142,3009.655332614086,3.0096553326140807,time_stop
S4_bb_upper_break,10,2004-02-12,2004-02-27,1152.1099853515625,1144.93994140625,86.71055816742681,-820.8969938706251,-0.8208969938706234,time_stop
S4_bb_upper_break,10,2004-04-06,2004-04-21,1148.1600341796875,1124.0899658203125,87.00886368290496,-2292.015187222523,-2.292015187222518,time_stop
S4_bb_upper_break,10,2004-06-08,2004-06-23,1142.1800537109375,1144.06005859375,87.4644059625494,-35.53112302858123,-0.03553112302857597,time_stop
S4_bb_upper_break,10,2004-10-07,2004-10-21,1130.6500244140625,1106.489990234375,88.35634169987412,-2332.357743025831,-2.3323577430258258,time_stop
S4_bb_upper_break,10,2004-11-05,2004-11-19,1166.1700439453125,1170.3399658203125,85.6651226969647,157.0594523893791,0.15705945238937424,time_stop
S4_bb_upper_break,10,2004-12-14,2004-12-29,1203.3800048828125,1213.449951171875,83.0162537974265,635.3330478422057,0.6353330478422015,time_stop
S4_bb_upper_break,10,2005-02-07,2005-02-22,1201.719970703125,1184.1600341796875,83.13093094529209,-1658.1142964632493,-1.6581142964632534,time_stop
S4_bb_upper_break,10,2005-03-07,2005-03-21,1225.31005859375,1183.780029296875,81.53046586000619,-3582.376872918359,-3.582376872918358,time_stop
S4_bb_upper_break,10,2005-05-19,2005-06-03,1191.0799560546875,1196.02001953125,83.87354634948879,214.12610252771424,0.21412610252771191,time_stop
S4_bb_upper_break,10,2005-06-17,2005-07-01,1216.9599609375,1194.43994140625,82.08988225310276,-2046.6172857064203,-2.04661728570642,time_stop
S4_bb_upper_break,10,2005-09-12,2005-09-26,1240.56005859375,1215.6300048828125,80.52822530280615,-2205.3656088635803,-2.2053656088635853,time_stop
S4_bb_upper_break,10,2005-11-03,2005-11-17,1219.93994140625,1242.800048828125,81.88935906544955,1670.3273455995368,1.6703273455995316,time_stop
S4_bb_upper_break,10,2006-01-09,2006-01-24,1290.1500244140625,1266.8599853515625,77.43293261221366,-2001.4128090373113,-2.0014128090373062,time_stop
S4_bb_upper_break,10,2006-03-16,2006-03-30,1305.3299560546875,1300.25,76.53245023353662,-588.1929022601655,-0.5881929022601651,time_stop
S4_bb_upper_break,10,2006-05-08,2006-05-22,1324.6600341796875,1262.0699462890625,75.41565180681572,-4915.352202442638,-4.9153522024426355,time_stop
S4_bb_upper_break,10,2006-07-05,2006-07-19,1270.9100341796875,1259.81005859375,78.60517047894797,-1071.4431575717147,-1.0714431575717165,time_stop
S4_bb_upper_break,10,2006-08-17,2006-08-31,1297.47998046875,1303.8199462890625,76.99548463476738,287.86039236174133,0.28786039236174954,time_stop
S4_bb_upper_break,10,2006-09-14,2006-09-28,1316.280029296875,1338.8800048828125,75.89578028731785,1513.727338987304,1.513727338987314,time_stop
S4_bb_upper_break,10,2006-11-15,2006-11-30,1396.5699462890625,1400.6300048828125,71.53247151390622,90.3353998763221,0.09033539987632899,time_stop
S4_bb_upper_break,10,2006-12-15,2007-01-03,1427.0899658203125,1416.5999755859375,70.00266436788787,-933.3931381339703,-0.9333931381339755,time_stop
S4_bb_upper_break,10,2007-01-25,2007-02-08,1423.9000244140625,1448.31005859375,70.15949026421922,1511.0827600234843,1.5110827600234744,time_stop
S4_bb_upper_break,10,2007-04-17,2007-05-01,1471.47998046875,1486.300048828125,67.89089979211002,805.3414283224687,0.8053414283224702,time_stop
S4_bb_upper_break,10,2007-07-13,2007-07-27,1552.5,1458.949951171875,64.34789043484696,-6213.528743674792,-6.2135287436747895,time_stop
S4_bb_upper_break,10,2007-09-19,2007-10-03,1529.030029296875,1539.5899658203125,65.33560360880486,489.4496872024259,0.48944968720243676,time_stop
S4_bb_upper_break,10,2007-12-07,2007-12-21,1504.6600341796875,1484.4599609375,66.3938016766449,-1539.6186968389973,-1.5396186968389958,time_stop
S4_bb_upper_break,10,2008-04-02,2008-04-16,1367.530029296875,1364.7099609375,73.05148534944,-405.60437205704403,-0.4056043720570446,time_stop
S4_bb_upper_break,10,2008-05-16,2008-06-02,1425.3499755859375,1385.6700439453125,70.08811983809987,-2978.1109119919256,-2.978110911991927,time_stop
S4_bb_upper_break,10,2009-01-05,2009-01-20,927.4500122070312,805.219970703125,107.71480789823913,-13352.619654347254,-13.352619654347253,time_stop
S4_bb_upper_break,10,2009-03-24,2009-04-07,806.1199951171875,815.5499877929688,123.92708344317549,967.6626579106795,0.967662657910684,time_stop
S4_bb_upper_break,10,2009-05-05,2009-05-19,903.7999877929688,908.1300048828125,110.533415854597,278.33276826937254,0.2783327682693626,time_stop
S4_bb_upper_break,10,2009-06-02,2009-06-16,944.739990234375,911.969970703125,105.74348596730438,-3661.5510841507685,-3.6615510841507715,time_stop
S4_bb_upper_break,10,2009-07-24,2009-08-07,979.260009765625,1010.47998046875,102.0159088534718,2981.9485521722113,2.98194855217222,time_stop
S4_bb_upper_break,10,2009-08-24,2009-09-08,1025.5699462890625,1025.3900146484375,97.40934810110214,-217.30969659240094,-0.21730969659240484,time_stop
S4_bb_upper_break,10,2009-09-17,2009-10-01,1065.489990234375,1029.8499755859375,93.75977326462257,-3538.058292692924,-3.538058292692925,time_stop
S4_bb_upper_break,10,2009-10-15,2009-10-29,1096.56005859375,1066.1099853515625,91.10317224960185,-2971.1243691286077,-2.9711243691286082,time_stop
S4_bb_upper_break,10,2009-12-28,2010-01-12,1127.780029296875,1136.219970703125,88.5811925242049,547.0722547252492,0.547072254725256,time_stop
S4_bb_upper_break,10,2010-04-15,2010-04-29,1211.6700439453125,1206.780029296875,82.4482707972343,-602.5702784850614,-0.6025702784850595,time_stop
S4_bb_upper_break,10,2010-10-14,2010-10-28,1173.81005859375,1183.780029296875,85.10755140382969,647.8710745165905,0.6478710745165817,time_stop
S4_bb_upper_break,10,2010-11-05,2010-11-19,1225.8499755859375,1199.72998046875,81.4945563402644,-2326.3089760715616,-2.326308976071567,time_stop
S4_bb_upper_break,10,2011-01-18,2011-02-01,1295.02001953125,1307.5899658203125,77.14174174408524,768.897683017312,0.7688976830173111,time_stop
S4_bb_upper_break,10,2011-02-02,2011-02-16,1304.030029296875,1336.3199462890625,76.60874186614049,2271.4160260176845,2.271416026017681,time_stop
S4_bb_upper_break,10,2011-04-27,2011-05-11,1355.6600341796875,1342.0799560546875,73.69111531015197,-1199.5305717273998,-1.199530571727403,time_stop
S4_bb_upper_break,10,2011-07-01,2011-07-18,1339.6700439453125,1305.43994140625,74.57067533278216,-2749.809500985427,-2.749809500985423,time_stop
S4_bb_upper_break,10,2012-02-06,2012-02-21,1344.3299560546875,1362.2099609375,74.3121876070401,1127.5733751889097,1.1275733751889172,time_stop
S4_bb_upper_break,10,2012-03-14,2012-03-28,1394.280029296875,1405.5400390625,71.64995395543232,606.1722022633198,0.6061722022633109,time_stop
S4_bb_upper_break,10,2012-06-20,2012-07-05,1355.68994140625,1367.5799560546875,73.68948964574751,675.4927424123082,0.6754927424122981,time_stop
S4_bb_upper_break,10,2012-07-30,2012-08-13,1385.300048828125,1404.1099853515625,72.11441303608484,1155.3108643018836,1.1553108643018728,time_stop
S4_bb_upper_break,10,2012-09-07,2012-09-21,1437.9200439453125,1460.1500244140625,69.47542064021701,1343.0926068461386,1.3430926068461302,time_stop
S4_bb_upper_break,10,2012-12-19,2013-01-04,1435.81005859375,1466.469970703125,69.57751779364416,1931.3071399610628,1.9313071399610582,time_stop
S4_bb_upper_break,10,2013-02-20,2013-03-06,1511.949951171875,1541.4599609375,66.07368175293753,1748.0849589860052,1.748084958985996,time_stop
S4_bb_upper_break,10,2013-03-11,2013-03-25,1556.219970703125,1551.68994140625,64.19407396176997,-490.31043449702867,-0.49031043449703215,time_stop
S4_bb_upper_break,10,2013-04-11,2013-04-25,1593.3699951171875,1585.1600341796875,62.6973648344323,-714.0283730588801,-0.7140283730588837,time_stop
S4_bb_upper_break,10,2013-05-06,2013-05-20,1617.5,1666.2900390625,61.762040123709376,2810.55877806507,2.8105587780650643,time_stop
S4_bb_upper_break,10,2013-07-12,2013-07-26,1680.18994140625,1691.6500244140625,59.45762287833222,480.9077045390803,0.4809077045390797,time_stop
S4_bb_upper_break,10,2013-09-12,2013-09-26,1683.4200439453125,1698.6700439453125,59.34353714000643,704.2837526435237,0.7042837526435308,time_stop
S4_bb_upper_break,10,2013-10-18,2013-11-01,1744.5,1761.6400146484375,57.26574944115787,780.7540486907315,0.780754048690735,time_stop
S4_bb_upper_break,10,2013-11-15,2013-12-02,1798.1800537109375,1800.9000244140625,55.55622736106667,-48.84000031272541,-0.048840000312722065,time_stop
S4_bb_upper_break,10,2013-12-24,2014-01-09,1833.3199462890625,1838.1300048828125,54.49136147911004,62.04433512598096,0.06204433512597696,time_stop
S4_bb_upper_break,10,2014-05-28,2014-06-11,1909.780029296875,1943.8900146484375,52.30974162866296,1582.7000363768352,1.5827000363768384,time_stop
S4_bb_upper_break,10,2014-07-07,2014-07-21,1977.6500244140625,1973.6300048828125,50.51454942322177,-402.6666056185393,-0.4026666056185402,time_stop
S4_bb_upper_break,10,2014-09-19,2014-10-03,2010.4000244140625,1967.9000244140625,49.69165274916673,-2309.5835463979415,-2.309583546397942,time_stop
S4_bb_upper_break,10,2016-04-14,2016-04-28,2082.780029296875,2075.81005859375,47.96478672489727,-533.7790448961072,-0.5337790448961099,time_stop
S4_bb_upper_break,10,2016-05-26,2016-06-10,2090.10009765625,2096.070068359375,47.796801699652406,85.25996054395755,0.08525996054395968,time_stop
S4_bb_upper_break,10,2016-12-08,2016-12-22,2246.18994140625,2260.9599609375,44.475357163052934,456.4447922634506,0.45644479226345513,time_stop
S4_bb_upper_break,10,2017-01-26,2017-02-09,2296.679931640625,2307.8701171875,43.497615198273024,286.45943873013294,0.2864594387301356,time_stop
S4_bb_upper_break,10,2017-02-13,2017-02-28,2328.25,2363.639892578125,42.90780624937181,1317.183951474154,1.3171839514741546,time_stop
S4_bb_upper_break,10,2017-04-26,2017-05-10,2387.449951171875,2399.6298828125,41.84385094693363,309.34538906985165,0.3093453890698594,time_stop
S4_bb_upper_break,10,2017-06-05,2017-06-19,2436.10009765625,2453.4599609375,41.00820815869303,511.38479035672395,0.5113847903567281,time_stop
S4_bb_upper_break,10,2017-07-17,2017-07-31,2459.139892578125,2470.300048828125,40.62400036761071,253.11662161081333,0.25311662161080495,time_stop
S4_bb_upper_break,10,2017-09-12,2017-09-26,2496.47998046875,2496.840087890625,40.01638334041126,-185.40441335934614,-0.18540441335934688,time_stop
S4_bb_upper_break,10,2017-10-06,2017-10-20,2549.330078125,2575.2099609375,39.186804705013,813.3355638483124,0.8133355638483053,time_stop
S4_bb_upper_break,10,2017-10-30,2017-11-13,2572.830078125,2584.840087890625,38.82887593295864,266.0686441637337,0.26606864416374165,time_stop
S4_bb_upper_break,10,2017-11-29,2017-12-13,2626.070068359375,2662.85009765625,38.04167341296876,1197.974488968316,1.197974488968323,time_stop
S4_bb_upper_break,10,2018-01-05,2018-01-22,2743.14990234375,2832.969970703125,36.4180243357263,3067.9981661127827,3.067998166112784,time_stop
S4_bb_upper_break,10,2018-05-11,2018-05-25,2727.719970703125,2721.330078125,36.62403068242692,-433.58979801700974,-0.4335897980170089,time_stop
S4_bb_upper_break,10,2018-06-07,2018-06-21,2770.3701171875,2749.760009765625,36.06019978352901,-942.2615864018113,-0.9422615864018158,time_stop
S4_bb_upper_break,10,2018-08-08,2018-08-22,2857.699951171875,2861.820068359375,34.958218709817054,-55.912274007242104,-0.055912274007241525,time_stop
S4_bb_upper_break,10,2018-08-28,2018-09-12,2897.52001953125,2888.919921875,34.47779453695073,-496.0160873901043,-0.4960160873901054,time_stop
S4_bb_upper_break,10,2018-09-21,2018-10-05,2929.669921875,2885.570068359375,34.099438695866276,-1702.0766710014789,-1.7020766710014734,time_stop
S4_bb_upper_break,10,2019-03-19,2019-04-02,2832.570068359375,2867.239990234375,35.2683596483677,1021.7283225944564,1.0217283225944618,time_stop
S4_bb_upper_break,10,2019-04-08,2019-04-23,2895.77001953125,2933.679931640625,34.49863049423764,1106.7320100802297,1.1067320100802247,time_stop
S4_bb_upper_break,10,2019-07-05,2019-07-19,2990.409912109375,2976.610107421875,33.406824761904424,-660.3468490870671,-0.6603468490870679,time_stop
S4_bb_upper_break,10,2019-09-06,2019-09-20,2978.7099609375,2992.070068359375,33.53804204174951,247.82357275255598,0.24782357275254796,time_stop
S4_bb_upper_break,10,2019-11-29,2019-12-13,3140.97998046875,3168.800048828125,31.805392113703043,684.1431548169658,0.6841431548169741,time_stop
S4_bb_upper_break,10,2019-12-17,2020-01-02,3192.52001953125,3257.85009765625,31.291925904592446,1842.4594602645213,1.8424594602645117,time_stop
S4_bb_upper_break,10,2020-01-17,2020-02-03,3329.6201171875,3248.919921875,30.003452761597508,-2618.663413212557,-2.618663413212552,time_stop
S4_bb_upper_break,10,2020-05-28,2020-06-11,3029.72998046875,3002.10009765625,32.973268424615085,-1109.9366947748902,-1.1099366947748934,time_stop
S4_bb_upper_break,10,2020-08-06,2020-08-20,3349.159912109375,3385.510009765625,29.828405487267588,883.3809871398174,0.8833809871398257,time_stop
S4_bb_upper_break,10,2020-08-27,2020-09-11,3484.550048828125,3340.969970703125,28.669440386915067,-4312.04432986293,-4.31204432986293,time_stop
S4_bb_upper_break,10,2020-10-12,2020-10-26,3534.219970703125,3400.969970703125,28.26652011708966,-3962.547491596786,-3.9625474915967906,time_stop
S4_bb_upper_break,10,2021-01-04,2021-01-19,3700.64990234375,3798.909912109375,26.99528529754455,2450.1042401654063,2.450104240165407,time_stop
S4_bb_upper_break,10,2021-02-09,2021-02-24,3911.22998046875,3925.429931640625,25.541862891971174,162.53031289861917,0.1625303128986122,time_stop
S4_bb_upper_break,10,2021-04-06,2021-04-20,4073.93994140625,4134.93994140625,24.521740952719153,1294.530172117549,1.2945301721175584,time_stop
S4_bb_upper_break,10,2021-05-10,2021-05-24,4188.43017578125,4197.0498046875,23.851442117324055,5.584789550110644,0.005584789550105995,time_stop
S4_bb_upper_break,10,2021-06-28,2021-07-13,4290.60986328125,4369.2099609375,23.2834266184484,1628.449326575985,1.6284493265759759,time_stop
S4_bb_upper_break,10,2021-08-31,2021-09-15,4522.68017578125,4480.7001953125,22.088694317820764,-1126.1558728864468,-1.1261558728864474,time_stop
S4_bb_upper_break,10,2021-10-20,2021-11-03,4536.18994140625,4660.56982421875,22.022909355759957,2536.667478174697,2.5366674781746923,time_stop
S4_bb_upper_break,10,2021-12-28,2022-01-11,4786.35009765625,4713.06982421875,20.871874781792158,-1727.7673942720164,-1.7277673942720173,time_stop
S4_bb_upper_break,10,2022-07-20,2022-08-03,3959.89990234375,4155.169921875,25.227935645790424,4721.533027000131,4.721533027000135,time_stop
S4_bb_upper_break,10,2022-10-26,2022-11-09,3830.60009765625,3748.570068359375,26.07949077253554,-2336.9622905267374,-2.336962290526734,time_stop
S4_bb_upper_break,10,2022-11-11,2022-11-28,3992.929931640625,3963.93994140625,25.01924692153381,-924.3826160029417,-0.9243826160029389,time_stop
S4_bb_upper_break,10,2023-01-17,2023-01-31,3990.969970703125,4076.60009765625,25.031533846018796,1941.5097678447746,1.9415097678447735,time_stop
S4_bb_upper_break,10,2023-02-03,2023-02-17,4136.47998046875,4079.090087890625,24.150993204801907,-1584.4370825731273,-1.5844370825731313,time_stop
S4_bb_upper_break,10,2023-04-03,2023-04-18,4124.509765625,4154.8701171875,24.2210845838455,534.8250827472089,0.5348250827472034,time_stop
S4_bb_upper_break,10,2023-05-19,2023-06-05,4191.97998046875,4273.7900390625,23.83124451107923,1747.8856745033847,1.747885674503391,time_stop
S4_bb_upper_break,10,2023-06-14,2023-06-29,4372.58984375,4396.43994140625,22.84689473971427,344.55557021337347,0.34455557021337846,time_stop
S4_bb_upper_break,10,2023-07-14,2023-07-28,4505.419921875,4582.22998046875,22.173316057635077,1501.6303720988913,1.5016303720988944,time_stop
S4_bb_upper_break,10,2023-11-15,2023-11-30,4502.8798828125,4567.7998046875,22.185823850513707,1239.0614493565704,1.239061449356571,time_stop
S4_bb_upper_break,10,2023-12-13,2023-12-28,4707.08984375,4783.35009765625,21.223325497546153,1417.0774951864805,1.4170774951864695,time_stop
S4_bb_upper_break,10,2024-01-22,2024-02-05,4850.43017578125,4942.81005859375,20.596131946999773,1700.965387598792,1.7009653875987851,time_stop
S4_bb_upper_break,10,2024-02-23,2024-03-08,5088.7998046875,5123.68994140625,19.63136765727704,484.455960636709,0.48445596063670937,time_stop
S4_bb_upper_break,10,2024-03-21,2024-04-05,5241.52978515625,5204.33984375,19.059340306147263,-907.9071332783578,-0.9079071332783628,time_stop
S4_bb_upper_break,10,2024-05-16,2024-05-31,5297.10009765625,5277.509765625,18.859394396624978,-568.892536140232,-0.5688925361402308,time_stop
S4_bb_upper_break,10,2024-06-13,2024-06-28,5433.740234375,5460.47998046875,18.385144594898108,291.322284465909,0.29132228446591135,time_stop
S4_bb_upper_break,10,2024-07-08,2024-07-22,5572.85009765625,5564.41015625,17.92621336470444,-350.9450940438003,-0.3509450940437975,time_stop
S4_bb_upper_break,10,2024-10-15,2024-10-29,5815.259765625,5832.919921875,17.178957420032475,103.27948937742796,0.10327948937742804,time_stop
S4_bb_upper_break,10,2024-11-07,2024-11-21,5973.10009765625,5948.7099609375,16.725000128375402,-607.3173145126243,-0.6073173145126232,time_stop
S4_bb_upper_break,10,2024-12-05,2024-12-19,6075.10986328125,5867.080078125,16.444163504582697,-3617.2551249318412,-3.6172551249318396,time_stop
S4_bb_upper_break,10,2025-01-24,2025-02-07,6101.240234375,6025.990234375,16.3737364965983,-1430.691747497838,-1.4306917474978365,time_stop
S4_bb_upper_break,10,2025-06-25,2025-07-10,6092.16015625,6280.4599609375,16.398140780591845,2884.8787397171636,2.884878739717167,time_stop
S4_bb_upper_break,10,2025-07-28,2025-08-11,6389.77001953125,6373.4501953125,15.63438114278619,-454.6954014673711,-0.4546954014673754,time_stop
S4_bb_upper_break,10,2025-08-13,2025-08-27,6466.580078125,6481.39990234375,15.448675914188351,28.917514999065435,0.028917514999071692,time_stop
S4_bb_upper_break,10,2025-09-12,2025-09-26,6584.2900390625,6643.7001953125,15.172493815950448,700.6986282792767,0.7006986282792838,time_stop
S4_bb_upper_break,10,2025-10-28,2025-11-11,6890.89013671875,6846.60986328125,14.497415851657964,-841.1077883107023,-0.8411077883107021,time_stop
S4_bb_upper_break,10,2026-04-15,2026-04-29,7022.9501953125,7135.9501953125,14.224805405394827,1405.9954079986103,1.405995407998617,time_stop
S4_bb_upper_break,20,2000-03-17,2000-04-14,1464.469970703125,1356.56005859375,68.21587461580766,-7553.608065021883,-7.553608065021889,time_stop
S4_bb_upper_break,20,2000-06-05,2000-07-03,1467.6300048828125,1469.5400390625,68.06899529699704,-69.91610631352866,-0.06991610631352785,time_stop
S4_bb_upper_break,20,2000-07-17,2000-08-14,1510.489990234375,1491.56005859375,66.13754513169526,-1450.5274288137032,-1.4505274288137082,time_stop
S4_bb_upper_break,20,2001-04-19,2001-05-17,1253.68994140625,1288.489990234375,79.68485396639865,2570.4635722836024,2.57046357228361,time_stop
S4_bb_upper_break,20,2001-05-22,2001-06-20,1309.3800048828125,1223.1400146484375,76.29572738820066,-6772.963241898271,-6.772963241898267,time_stop
S4_bb_upper_break,20,2001-11-07,2001-12-06,1115.800048828125,1167.0999755859375,89.532259839046,4388.605174032104,4.388605174032101,time_stop
S4_bb_upper_break,20,2002-03-04,2002-04-02,1153.8399658203125,1136.760009765625,86.5805509077481,-1677.1134124904638,-1.6771134124904608,time_stop
S4_bb_upper_break,20,2002-10-16,2002-11-13,860.02001953125,882.530029296875,116.16020282242965,2412.3523328097795,2.4123523328097862,time_stop
S4_bb_upper_break,20,2002-11-22,2002-12-23,930.5499877929688,897.3800048828125,107.35597357540985,-3757.235012790929,-3.757235012790927,time_stop
S4_bb_upper_break,20,2003-01-07,2003-02-05,922.9299926757812,843.5900268554688,108.2423376560416,-8779.155626371317,-8.779155626371315,time_stop
S4_bb_upper_break,20,2003-03-18,2003-04-15,866.4500122070312,890.8099975585938,115.29816895683717,2606.052845343502,2.6060528453434983,time_stop
S4_bb_upper_break,20,2003-04-23,2003-05-21,919.02001953125,923.4199829101562,108.70285497268534,278.010092681132,0.27801009268113575,time_stop
S4_bb_upper_break,20,2003-06-02,2003-06-30,967.0,974.5,103.30930703216123,574.244783138278,0.574244783138278,time_stop
S4_bb_upper_break,20,2003-09-03,2003-10-01,1026.27001953125,1018.219970703125,97.34290001546512,-982.6316828977915,-0.9826316828977943,time_stop
S4_bb_upper_break,20,2003-11-04,2003-12-03,1053.25,1064.72998046875,94.84937089969134,887.9798566760949,0.8879798566761021,time_stop
S4_bb_upper_break,20,2003-12-19,2004-01-21,1088.6600341796875,1147.6199951171875,91.76427604911142,5205.207513382076,5.205207513382071,time_stop
S4_bb_upper_break,20,2004-02-12,2004-03-12,1152.1099853515625,1120.5699462890625,86.71055816742681,-2931.9197371402856,-2.931919737140287,time_stop
S4_bb_upper_break,20,2004-04-06,2004-05-05,1148.1600341796875,1121.530029296875,87.00886368290496,-2514.5296180591727,-2.514529618059169,time_stop
S4_bb_upper_break,20,2004-06-08,2004-07-08,1142.1800537109375,1109.1099853515625,87.4644059625494,-3089.3616301096213,-3.0893616301096216,time_stop
S4_bb_upper_break,20,2004-10-07,2004-11-04,1130.6500244140625,1161.6700439453125,88.35634169987412,2538.274429994467,2.538274429994458,time_stop
S4_bb_upper_break,20,2004-11-05,2004-12-06,1166.1700439453125,1190.25,85.6651226969647,1860.9493777721648,1.8609493777721697,time_stop
S4_bb_upper_break,20,2004-12-14,2005-01-12,1203.3800048828125,1187.699951171875,83.0162537974265,-1500.1978189062415,-1.500197818906246,time_stop
S4_bb_upper_break,20,2005-02-07,2005-03-08,1201.719970703125,1219.4300537109375,83.13093094529209,1270.9832320701062,1.2709832320701109,time_stop
S4_bb_upper_break,20,2005-05-19,2005-06-17,1191.0799560546875,1216.9599609375,83.87354634948879,1968.6769414743196,1.9686769414743122,time_stop
S4_bb_upper_break,20,2005-09-12,2005-10-10,1240.56005859375,1187.3299560546875,80.52822530280615,-4482.039364267145,-4.482039364267143,time_stop
S4_bb_upper_break,20,2005-11-03,2005-12-02,1219.93994140625,1265.0799560546875,81.88935906544955,3492.9901810975875,3.4929901810975883,time_stop
S4_bb_upper_break,20,2006-01-09,2006-02-07,1290.1500244140625,1254.780029296875,77.43293261221366,-2935.863845755283,-2.935863845755282,time_stop
S4_bb_upper_break,20,2006-03-16,2006-04-13,1305.3299560546875,1289.1199951171875,76.53245023353662,-1439.1476405082474,-1.4391476405082426,time_stop
S4_bb_upper_break,20,2006-05-08,2006-06-06,1324.6600341796875,1263.8499755859375,75.41565180681572,-4781.244374853245,-4.7812443748532445,time_stop
S4_bb_upper_break,20,2006-07-05,2006-08-02,1270.9100341796875,1277.4100341796875,78.60517047894797,310.62247470487125,0.31062247470488025,time_stop
S4_bb_upper_break,20,2006-08-17,2006-09-15,1297.47998046875,1319.6600341796875,76.99548463476738,1506.2560209139265,1.5062560209139209,time_stop
S4_bb_upper_break,20,2006-09-27,2006-10-25,1336.5899658203125,1382.219970703125,74.74251824027999,3207.2907709852343,3.207290770985227,time_stop
S4_bb_upper_break,20,2006-11-15,2006-12-14,1396.5699462890625,1425.489990234375,71.53247151390622,1866.8532976790882,1.866853297679083,time_stop
S4_bb_upper_break,20,2006-12-15,2007-01-18,1427.0899658203125,1426.3699951171875,70.00266436788787,-250.14966741828383,-0.2501496674182868,time_stop
S4_bb_upper_break,20,2007-01-25,2007-02-23,1423.9000244140625,1451.18994140625,70.15949026421922,1712.9318190590232,1.712931819059027,time_stop
S4_bb_upper_break,20,2007-04-17,2007-05-15,1471.47998046875,1501.18994140625,67.89089979211002,1815.218745054298,1.8152187450543034,time_stop
S4_bb_upper_break,20,2007-07-13,2007-08-10,1552.5,1453.6400146484375,64.34789043484696,-6554.870274087316,-6.554870274087321,time_stop
S4_bb_upper_break,20,2007-09-19,2007-10-17,1529.030029296875,1541.239990234375,65.33560360880486,597.1472229234093,0.5971472229234109,time_stop
S4_bb_upper_break,20,2007-12-07,2008-01-08,1504.6600341796875,1390.18994140625,66.3938016766449,-7792.304732669441,-7.792304732669441,time_stop
S4_bb_upper_break,20,2008-04-02,2008-04-30,1367.530029296875,1385.5899658203125,73.05148534944,1118.1856833651707,1.1181856833651693,time_stop
S4_bb_upper_break,20,2008-05-16,2008-06-16,1425.3499755859375,1360.1400146484375,70.08811983809987,-4765.67331306868,-4.765673313068675,time_stop
S4_bb_upper_break,20,2009-01-05,2009-02-03,927.4500122070312,838.510009765625,107.71480789823913,-9770.375321967736,-9.77037532196774,time_stop
S4_bb_upper_break,20,2009-03-24,2009-04-22,806.1199951171875,843.5499877929688,123.92708344317549,4434.1510359831955,4.4341510359831915,time_stop
S4_bb_upper_break,20,2009-05-05,2009-06-03,903.7999877929688,931.760009765625,110.533415854597,2887.626019471079,2.887626019471079,time_stop
S4_bb_upper_break,20,2009-07-24,2009-08-21,979.260009765625,1026.1300048828125,102.0159088534718,4576.9034648876395,4.576903464887638,time_stop
S4_bb_upper_break,20,2009-08-24,2009-09-22,1025.5699462890625,1071.6600341796875,97.40934810110214,4285.315610132741,4.285315610132745,time_stop
S4_bb_upper_break,20,2009-10-15,2009-11-12,1096.56005859375,1087.239990234375,91.10317224960185,-1048.0389051292766,-1.0480389051292782,time_stop
S4_bb_upper_break,20,2009-12-28,2010-01-27,1127.780029296875,1097.5,88.5811925242049,-2879.359063480453,-2.879359063480458,time_stop
S4_bb_upper_break,20,2010-04-15,2010-05-13,1211.6700439453125,1157.43994140625,82.4482707972343,-4666.507201123085,-4.666507201123082,time_stop
S4_bb_upper_break,20,2010-10-14,2010-11-11,1173.81005859375,1213.5400390625,85.10755140382969,3178.1398338620897,3.1781398338620814,time_stop
S4_bb_upper_break,20,2011-01-18,2011-02-15,1295.02001953125,1328.010009765625,77.14174174408524,2342.560201693053,2.342560201693056,time_stop
S4_bb_upper_break,20,2011-04-27,2011-05-25,1355.6600341796875,1320.469970703125,73.69111531015197,-2790.402030197685,-2.7904020301976806,time_stop
S4_bb_upper_break,20,2011-07-01,2011-08-01,1339.6700439453125,1286.93994140625,74.57067533278216,-4127.987437148231,-4.127987437148228,time_stop
S4_bb_upper_break,20,2012-02-06,2012-03-06,1344.3299560546875,1343.3599853515625,74.3121876070401,-271.8087640192754,-0.2718087640192768,time_stop
S4_bb_upper_break,20,2012-03-14,2012-04-12,1394.280029296875,1387.5699462890625,71.64995395543232,-680.0965612085233,-0.6800965612085208,time_stop
S4_bb_upper_break,20,2012-06-20,2012-07-19,1355.68994140625,1376.510009765625,73.68948964574751,1332.8857917799442,1.3328857917799475,time_stop
S4_bb_upper_break,20,2012-07-30,2012-08-27,1385.300048828125,1410.43994140625,72.11441303608484,1611.3354486644687,1.6113354486644749,time_stop
S4_bb_upper_break,20,2012-09-07,2012-10-05,1437.9200439453125,1460.9300537109375,69.47542064021701,1397.2312774947206,1.3972312774947149,time_stop
S4_bb_upper_break,20,2012-12-19,2013-01-18,1435.81005859375,1485.97998046875,69.57751779364416,3287.4077335313905,3.2874077335314,time_stop
S4_bb_upper_break,20,2013-02-20,2013-03-20,1511.949951171875,1558.7099609375,66.07368175293753,2886.716198213948,2.8867161982139455,time_stop
S4_bb_upper_break,20,2013-04-11,2013-05-09,1593.3699951171875,1626.6700439453125,62.6973648344323,1885.937285270796,1.8859372852708,time_stop
S4_bb_upper_break,20,2013-07-12,2013-08-09,1680.18994140625,1691.4200439453125,59.45762287833222,467.24728665073826,0.46724728665072934,time_stop
S4_bb_upper_break,20,2013-09-12,2013-10-10,1683.4200439453125,1692.56005859375,59.34353714000643,342.05819815082356,0.3420581981508297,time_stop
S4_bb_upper_break,20,2013-10-18,2013-11-15,1744.5,1798.1800537109375,57.26574944115787,2871.15427749246,2.8711542774924492,time_stop
S4_bb_upper_break,20,2013-12-24,2014-01-24,1833.3199462890625,1790.2900390625,54.49136147911004,-2542.213670666278,-2.5422136706662823,time_stop
S4_bb_upper_break,20,2014-05-28,2014-06-25,1909.780029296875,1959.530029296875,52.30974162866296,2400.007036579767,2.4000070365797654,time_stop
S4_bb_upper_break,20,2014-07-07,2014-08-04,1977.6500244140625,1938.989990234375,50.51454942322177,-2150.7415128661837,-2.1507415128661833,time_stop
S4_bb_upper_break,20,2014-09-19,2014-10-17,2010.4000244140625,1886.760009765625,49.69165274916673,-6337.532996938421,-6.337532996938422,time_stop
S4_bb_upper_break,20,2016-04-14,2016-05-12,2082.780029296875,2064.110107421875,47.96478672489727,-1094.4035218841698,-1.0944035218841686,time_stop
S4_bb_upper_break,20,2016-05-26,2016-06-24,2090.10009765625,2037.4100341796875,47.796801699652406,-2715.6982988160084,-2.715698298816005,time_stop
S4_bb_upper_break,20,2016-12-08,2017-01-09,2246.18994140625,2268.89990234375,44.475357163052934,809.2233904302367,0.809223390430236,time_stop
S4_bb_upper_break,20,2017-01-26,2017-02-24,2296.679931640625,2367.340087890625,43.497615198273024,2870.6745383257407,2.870674538325746,time_stop
S4_bb_upper_break,20,2017-04-26,2017-05-24,2387.449951171875,2404.389892578125,41.84385094693363,508.32335106947886,0.5083233510694729,time_stop
S4_bb_upper_break,20,2017-06-05,2017-07-03,2436.10009765625,2429.010009765625,41.00820815869303,-490.26124808228167,-0.4902612480822799,time_stop
S4_bb_upper_break,20,2017-07-17,2017-08-14,2459.139892578125,2465.840087890625,40.62400036761071,72.11634830104074,0.07211634830104341,time_stop
S4_bb_upper_break,20,2017-09-12,2017-10-10,2496.47998046875,2550.639892578125,40.01638334041126,1965.3163210468936,1.9653163210468838,time_stop
S4_bb_upper_break,20,2017-10-30,2017-11-28,2572.830078125,2627.0400390625,38.82887593295864,1903.0067359249529,1.9030067359249614,time_stop
S4_bb_upper_break,20,2017-11-29,2017-12-28,2626.070068359375,2687.5400390625,38.04167341296876,2136.281929842644,2.136281929842654,time_stop
S4_bb_upper_break,20,2018-01-05,2018-02-05,2743.14990234375,2648.93994140625,36.4180243357263,-3627.309909239793,-3.6273099092397953,time_stop
S4_bb_upper_break,20,2018-05-11,2018-06-11,2727.719970703125,2782.0,36.62403068242692,1786.165305153178,1.7861653051531867,time_stop
S4_bb_upper_break,20,2018-08-08,2018-09-06,2857.699951171875,2878.050048828125,34.958218709817054,510.89156166849585,0.5108915616685028,time_stop
S4_bb_upper_break,20,2018-09-21,2018-10-19,2929.669921875,2767.780029296875,34.099438695866276,-5714.634312780893,-5.714634312780897,time_stop
S4_bb_upper_break,20,2019-03-19,2019-04-16,2832.570068359375,2907.06005859375,35.2683596483677,2424.7124262233588,2.424712426223352,time_stop
S4_bb_upper_break,20,2019-07-05,2019-08-02,2990.409912109375,2932.050048828125,33.406824761904424,-2147.468307839836,-2.1474683078398393,time_stop
S4_bb_upper_break,20,2019-09-06,2019-10-04,2978.7099609375,2952.010009765625,33.53804204174951,-1094.3688206302747,-1.094368820630276,time_stop
S4_bb_upper_break,20,2019-11-29,2019-12-30,3140.97998046875,3221.2900390625,31.805392113703043,2351.9384115442585,2.351938411544263,time_stop
S4_bb_upper_break,20,2020-01-17,2020-02-18,3329.6201171875,3370.2900390625,30.003452761597508,1019.21764191444,1.0192176419144383,time_stop
S4_bb_upper_break,20,2020-05-28,2020-06-25,3029.72998046875,3083.760009765625,32.973268424615085,1579.9649125364924,1.5799649125364912,time_stop
S4_bb_upper_break,20,2020-08-06,2020-09-03,3349.159912109375,3455.06005859375,29.828405487267588,2955.8734781862827,2.9558734781862883,time_stop
S4_bb_upper_break,20,2020-10-12,2020-11-09,3534.219970703125,3550.5,28.26652011708966,259.9193960511105,0.25991939605110037,time_stop
S4_bb_upper_break,20,2021-01-04,2021-02-02,3700.64990234375,3826.31005859375,26.99528529754455,3189.03933693409,3.1890393369340853,time_stop
S4_bb_upper_break,20,2021-02-09,2021-03-10,3911.22998046875,3898.81005859375,25.541862891971174,-516.7109135187751,-0.5167109135187697,time_stop
S4_bb_upper_break,20,2021-04-06,2021-05-04,4073.93994140625,4164.66015625,24.521740952719153,2022.592790165703,2.0225927901657004,time_stop
S4_bb_upper_break,20,2021-05-10,2021-06-08,4188.43017578125,4227.259765625,23.851442117324055,725.4153730828548,0.7254153730828605,time_stop
S4_bb_upper_break,20,2021-06-28,2021-07-27,4290.60986328125,4401.4599609375,23.2834266184484,2378.5889445125176,2.3785889445125274,time_stop
S4_bb_upper_break,20,2021-08-31,2021-09-29,4522.68017578125,4359.4599609375,22.088694317820764,-3801.5163105406486,-3.8015163105406535,time_stop
S4_bb_upper_break,20,2021-10-20,2021-11-17,4536.18994140625,4688.669921875,22.022909355759957,3154.894535842716,3.1548945358427227,time_stop
S4_bb_upper_break,20,2021-12-28,2022-01-26,4786.35009765625,4349.93017578125,20.871874781792158,-9299.593259493042,-9.299593259493044,time_stop
S4_bb_upper_break,20,2022-07-20,2022-08-17,3959.89990234375,4274.0400390625,25.227935645790424,7717.381845947351,7.717381845947346,time_stop
S4_bb_upper_break,20,2022-10-26,2022-11-23,3830.60009765625,4027.260009765625,26.07949077253554,4923.8613730207235,4.9238613730207215,time_stop
S4_bb_upper_break,20,2023-01-17,2023-02-14,3990.969970703125,4136.1298828125,25.031533846018796,3430.141477997696,3.4301414779976946,time_stop
S4_bb_upper_break,20,2023-04-03,2023-05-02,4124.509765625,4119.580078125,24.2210845838455,-319.0831753317129,-0.3190831753317136,time_stop
S4_bb_upper_break,20,2023-05-19,2023-06-20,4191.97998046875,4388.7099609375,23.83124451107923,4483.831747143228,4.483831747143219,time_stop
S4_bb_upper_break,20,2023-07-14,2023-08-11,4505.419921875,4464.0498046875,22.173316057635077,-1116.1955708562928,-1.1161955708562932,time_stop
S4_bb_upper_break,20,2023-11-15,2023-12-14,4502.8798828125,4719.5498046875,22.185823850513707,4602.39351990271,4.602393519902703,time_stop
S4_bb_upper_break,20,2024-01-22,2024-02-20,4850.43017578125,4975.509765625,20.596131946999773,2373.779380762004,2.373779380761998,time_stop
S4_bb_upper_break,20,2024-02-23,2024-03-22,5088.7998046875,5234.18017578125,19.63136765727704,2651.3612997774894,2.6513612997774993,time_stop
S4_bb_upper_break,20,2024-05-16,2024-06-14,5297.10009765625,5431.60009765625,18.859394396624978,2334.2517579995265,2.334251757999528,time_stop
S4_bb_upper_break,20,2024-06-18,2024-07-18,5487.02978515625,5544.58984375,18.206589687257388,847.1241970215154,0.8471241970215093,time_stop
S4_bb_upper_break,20,2024-10-15,2024-11-12,5815.259765625,5983.990234375,17.178957420032475,2695.914724780067,2.6959147247800574,time_stop
S4_bb_upper_break,20,2024-12-05,2025-01-06,6075.10986328125,5975.3798828125,16.444163504582697,-1838.1363288320188,-1.8381363288320185,time_stop
S4_bb_upper_break,20,2025-01-24,2025-02-24,6101.240234375,5983.25,16.3737364965983,-2129.8092656214844,-2.129809265621485,time_stop
S4_bb_upper_break,20,2025-06-25,2025-07-24,6092.16015625,6363.35009765625,16.398140780591845,4242.763626822483,4.242763626822477,time_stop
S4_bb_upper_break,20,2025-07-28,2025-08-25,6389.77001953125,6439.31982421875,15.63438114278619,574.1056517027697,0.5741056517027721,time_stop
S4_bb_upper_break,20,2025-09-12,2025-10-10,6584.2900390625,6552.509765625,15.172493815950448,-681.5040159976639,-0.6815040159976693,time_stop
S4_bb_upper_break,20,2025-10-28,2025-11-25,6890.89013671875,6765.8798828125,14.497415851657964,-2010.3135107638384,-2.0103135107638392,time_stop
S4_bb_upper_break,20,2026-04-15,2026-05-13,7022.9501953125,7444.25,14.224805405394827,5787.114631471341,5.787114631471346,time_stop
S5_macd_cross,1,2000-01-19,2000-01-20,1455.9000244140625,1445.5699462890625,68.61741755949583,-907.9146606413992,-0.9079146606413957,time_stop
S5_macd_cross,1,2000-02-08,2000-02-09,1441.719970703125,1411.7099609375,69.29230497610348,-2277.183486066703,-2.277183486066703,time_stop
S5_macd_cross,1,2000-03-03,2000-03-06,1409.1700439453125,1391.280029296875,70.89286373162277,-1466.8062960579744,-1.4668062960579764,time_stop
S5_macd_cross,1,2000-05-02,2000-05-03,1446.2900390625,1415.0999755859375,69.07335126559826,-2352.0480081025894,-2.352048008102592,time_stop
S5_macd_cross,1,2000-05-17,2000-05-18,1447.800048828125,1437.2099609375,69.00130993983653,-929.799406694481,-0.9297994066944759,time_stop
S5_macd_cross,1,2000-06-01,2000-06-02,1448.81005859375,1477.260009765625,68.95320701808583,1759.9534576357344,1.7599534576357323,time_stop
S5_macd_cross,1,2000-07-11,2000-07-12,1480.8800048828125,1492.9200439453125,67.45995595234292,611.6080845157244,0.6116080845157246,time_stop
S5_macd_cross,1,2000-08-09,2000-08-10,1472.8699951171875,1460.25,67.82682805087047,-1054.9184643776769,-1.0549184643776743,time_stop
S5_macd_cross,1,2000-10-23,2000-10-24,1395.780029296875,1398.1300048828125,71.57295404951785,-31.773699865029116,-0.0317736998650342,time_stop
S5_macd_cross,1,2000-12-06,2000-12-07,1351.4599609375,1343.550048828125,73.9201328841439,-783.9172522728541,-0.7839172522728588,time_stop
S5_macd_cross,1,2000-12-29,2001-01-02,1320.280029296875,1283.27001953125,75.66584185424848,-2997.39335220422,-2.997393352204225,time_stop
S5_macd_cross,1,2001-01-04,2001-01-05,1333.3399658203125,1298.3499755859375,74.924702222241,-2818.793184270793,-2.818793184270796,time_stop
S5_macd_cross,1,2001-03-09,2001-03-12,1233.4200439453125,1180.1600341796875,80.994386616705,-4509.2482601445345,-4.509248260144538,time_stop
S5_macd_cross,1,2001-03-28,2001-03-29,1153.2900390625,1147.949951171875,86.62183537222596,-661.9058457209755,-0.6619058457209781,time_stop
S5_macd_cross,1,2001-05-18,2001-05-21,1291.9599609375,1312.8299560546875,77.32445503002138,1412.3470381166217,1.4123470381166126,time_stop
S5_macd_cross,1,2001-07-03,2001-07-05,1234.449951171875,1219.239990234375,80.9268126304058,-1429.4629650461354,-1.4294629650461355,time_stop
S5_macd_cross,1,2001-07-18,2001-07-19,1207.7099609375,1215.02001953125,82.71861881684838,404.27307259470007,0.40427307259469636,time_stop
S5_macd_cross,1,2001-07-27,2001-07-30,1205.8199462890625,1204.52001953125,82.8482728350486,-307.3891898103226,-0.30738918981032537,time_stop
S5_macd_cross,1,2001-08-28,2001-08-29,1161.510009765625,1148.56005859375,86.00881530091868,-1312.4963483394197,-1.3124963483394203,time_stop
S5_macd_cross,1,2001-10-02,2001-10-03,1051.3299560546875,1072.280029296875,95.0225943099669,1788.9393803458208,1.788939380345811,time_stop
S5_macd_cross,1,2001-11-02,2001-11-05,1087.199951171875,1102.8399658203125,91.88751323288714,1235.8847311176994,1.235884731117709,time_stop
S5_macd_cross,1,2001-12-07,2001-12-10,1158.31005859375,1139.9300537109375,86.24642353653041,-1783.4246758409997,-1.7834246758409944,time_stop
S5_macd_cross,1,2001-12-31,2002-01-02,1148.0799560546875,1154.6700439453125,87.01493251689631,373.06241722988153,0.37306241722987465,time_stop
S5_macd_cross,1,2002-02-14,2002-02-15,1116.47998046875,1104.1800537109375,89.47773506709652,-1299.2692179926566,-1.2992692179926602,time_stop
S5_macd_cross,1,2002-02-26,2002-02-27,1109.3800048828125,1109.8900146484375,90.05038801889411,-153.91954908952883,-0.15391954908953176,time_stop
S5_macd_cross,1,2002-05-15,2002-05-16,1091.0699462890625,1098.22998046875,91.56159074849347,455.12833538627564,0.45512833538627895,time_stop
S5_macd_cross,1,2002-06-20,2002-06-21,1006.2899780273438,989.1400146484375,99.27565819142576,-1900.671528297555,-1.9006715282975595,time_stop
S5_macd_cross,1,2002-07-09,2002-07-10,952.8300170898438,920.469970703125,104.84566828112447,-3589.218078134878,-3.5892180781348815,time_stop
S5_macd_cross,1,2002-07-30,2002-07-31,902.780029296875,911.6199951171875,110.65829621630701,777.437140929691,0.7774371409296821,time_stop
S5_macd_cross,1,2002-10-14,2002-10-15,841.4400024414062,881.27001953125,118.72516116448416,4524.2961731774885,4.524296173177489,time_stop
S5_macd_cross,1,2002-11-22,2002-11-25,930.5499877929688,932.8699951171875,107.35597357540985,49.01737854839173,0.04901737854838828,time_stop
S5_macd_cross,1,2003-01-06,2003-01-07,929.010009765625,922.9299926757812,107.53393273480786,-852.9545404171654,-0.8529545404171612,time_stop
S5_macd_cross,1,2003-02-19,2003-02-20,845.1300048828125,837.0999755859375,118.20678395385129,-1148.0549341007568,-1.1480549341007618,time_stop
S5_macd_cross,1,2003-03-14,2003-03-17,833.27001953125,862.7899780273438,119.88922865159363,3335.785729069631,3.335785729069629,time_stop
S5_macd_cross,1,2003-04-15,2003-04-16,890.8099975585938,879.9099731445312,112.14523879827573,-1420.9636547814382,-1.4209636547814375,time_stop
S5_macd_cross,1,2003-06-02,2003-06-03,967.0,971.5599975585938,103.30930703216123,270.8188978586291,0.2708188978586268,time_stop
S5_macd_cross,1,2003-08-15,2003-08-18,990.6699829101562,999.739990234375,100.84094766517201,713.9133059701751,0.7139133059701708,time_stop
S5_macd_cross,1,2003-09-17,2003-09-18,1025.969970703125,1039.5799560546875,97.37136831756943,1124.0974737670604,1.1240974737670495,time_stop
S5_macd_cross,1,2003-10-07,2003-10-08,1039.25,1033.780029296875,96.1271108011546,-725.0868671786873,-0.7250868671786925,time_stop
S5_macd_cross,1,2003-11-03,2003-11-04,1059.02001953125,1053.25,94.33258867411998,-743.5567780041403,-0.7435567780041397,time_stop
S5_macd_cross,1,2003-12-01,2003-12-02,1070.1199951171875,1066.6199951171875,93.35411015206756,-526.2128459468895,-0.526212845946894,time_stop
S5_macd_cross,1,2004-02-18,2004-02-19,1151.8199462890625,1147.06005859375,86.73239269901377,-612.2238121444424,-0.6122238121444412,time_stop
S5_macd_cross,1,2004-03-31,2004-04-01,1126.2099609375,1132.1700439453125,88.70468506328898,328.3583990727269,0.3283583990727257,time_stop
S5_macd_cross,1,2004-04-26,2004-04-27,1135.530029296875,1138.1099853515625,87.9766252962579,26.948651476770294,0.02694865147676584,time_stop
S5_macd_cross,1,2004-05-26,2004-05-27,1114.93994140625,1121.280029296875,89.60132845729613,367.71201743827993,0.36771201743828197,time_stop
S5_macd_cross,1,2004-08-03,2004-08-04,1099.68994140625,1098.6300048828125,90.84387893222949,-295.9926562659738,-0.2959926562659754,time_stop
S5_macd_cross,1,2004-08-18,2004-08-19,1095.1700439453125,1091.22998046875,91.21880246122623,-558.8486638814942,-0.5588486638814949,time_stop
S5_macd_cross,1,2004-10-05,2004-10-06,1134.47998046875,1142.050048828125,88.05805445665308,466.1386865384121,0.46613868653841983,time_stop
S5_macd_cross,1,2004-10-29,2004-11-01,1130.199951171875,1130.510009765625,88.39152735453234,-172.42105368190516,-0.17242105368190375,time_stop
S5_macd_cross,1,2004-12-16,2004-12-17,1203.2099609375,1194.199951171875,83.02798609002636,-947.1350823260078,-0.9471350823260116,time_stop
S5_macd_cross,1,2004-12-27,2004-12-28,1204.9200439453125,1213.5400390625,82.9101486045443,514.1701912601407,0.5141701912601437,time_stop
S5_macd_cross,1,2004-12-30,2004-12-31,1213.550048828125,1211.9200439453125,82.32054376048957,-333.8489051972867,-0.33384890519728705,time_stop
S5_macd_cross,1,2005-02-02,2005-02-03,1193.18994140625,1189.8900146484375,83.72522800716985,-475.81103288480364,-0.47581103288479865,time_stop
S5_macd_cross,1,2005-02-28,2005-03-01,1203.5999755859375,1210.4100341796875,83.0010816936636,364.8767876486171,0.36487678764862697,time_stop
S5_macd_cross,1,2005-04-07,2005-04-08,1191.1400146484375,1181.199951171875,83.8693173527423,-1032.6328716841892,-1.0326328716841915,time_stop
S5_macd_cross,1,2005-05-02,2005-05-03,1162.1600341796875,1161.1700439453125,85.96070847558835,-284.8153614690453,-0.2848153614690485,time_stop
S5_macd_cross,1,2005-06-16,2005-06-17,1210.9599609375,1216.9599609375,82.49661683509282,294.6845215093698,0.29468452150938074,time_stop
S5_macd_cross,1,2005-07-12,2005-07-13,1222.2099609375,1223.2900390625,81.73726535780418,-111.60585012221006,-0.11160585012220947,time_stop
S5_macd_cross,1,2005-09-07,2005-09-08,1236.3599853515625,1231.6700439453125,80.80178999944991,-578.3769047571008,-0.5783769047571052,time_stop
S5_macd_cross,1,2005-10-03,2005-10-04,1226.699951171875,1214.469970703125,81.4380890817389,-1194.7904524432818,-1.194790452443284,time_stop
S5_macd_cross,1,2005-10-25,2005-10-26,1196.5400390625,1191.3800048828125,83.49081237463024,-630.1848298976062,-0.6301848298976065,time_stop
S5_macd_cross,1,2006-01-09,2006-01-10,1290.1500244140625,1289.68994140625,77.43293261221366,-235.39015076361764,-0.2353901507636147,time_stop
S5_macd_cross,1,2006-02-16,2006-02-17,1289.3800048828125,1287.239990234375,77.47917566720722,-365.4409641059921,-0.3654409641059897,time_stop
S5_macd_cross,1,2006-03-15,2006-03-16,1303.02001953125,1305.3299560546875,76.66812359186784,-22.87879943077603,-0.022878799430781083,time_stop
S5_macd_cross,1,2006-04-06,2006-04-07,1309.0400390625,1295.5,76.31554186199357,-1232.0823022695506,-1.2320823022695548,time_stop
S5_macd_cross,1,2006-04-21,2006-04-24,1311.280029296875,1308.1099853515625,76.18517606316907,-441.06904554571037,-0.4410690455457056,time_stop
S5_macd_cross,1,2006-06-05,2006-06-06,1265.2900390625,1263.8499755859375,78.95430835298409,-313.38571636080786,-0.31338571636080337,time_stop
S5_macd_cross,1,2006-06-22,2006-06-23,1245.5999755859375,1244.5,80.20239391310707,-287.9326543631056,-0.28793265436311,time_stop
S5_macd_cross,1,2006-07-26,2006-07-27,1268.4000244140625,1263.199951171875,78.76072057492175,-608.9521538816472,-0.6089521538816478,time_stop
S5_macd_cross,1,2006-08-16,2006-08-17,1295.4300537109375,1297.47998046875,77.1173245625438,-41.87341755563256,-0.04187341755563789,time_stop
S5_macd_cross,1,2006-09-15,2006-09-18,1319.6600341796875,1321.1800537109375,75.70139074659384,-84.84767491506774,-0.08484767491506728,time_stop
S5_macd_cross,1,2006-09-26,2006-09-27,1336.3499755859375,1336.5899658203125,74.75594097743564,-181.87744469989258,-0.18187744469989608,time_stop
S5_macd_cross,1,2006-11-16,2006-11-17,1399.760009765625,1401.199951171875,71.36944847911974,-97.13514361789282,-0.097135143617888,time_stop
S5_macd_cross,1,2006-12-06,2006-12-07,1412.9000244140625,1407.2900390625,70.70571036441807,-596.0615412169695,-0.5960615412169745,time_stop
S5_macd_cross,1,2006-12-12,2006-12-13,1411.56005859375,1413.2099609375,70.77282988555528,-83.1487101560946,-0.08314871015610015,time_stop
S5_macd_cross,1,2006-12-15,2006-12-18,1427.0899658203125,1422.47998046875,70.00266436788787,-522.188745849196,-0.5221887458491947,time_stop
S5_macd_cross,1,2007-01-17,2007-01-18,1430.6199951171875,1426.3699951171875,69.82993404332834,-496.2806422646556,-0.49628064226465707,time_stop
S5_macd_cross,1,2007-01-25,2007-01-26,1423.9000244140625,1422.1800537109375,70.15949026421922,-320.3517953330199,-0.32035179533301816,time_stop
S5_macd_cross,1,2007-02-02,2007-02-05,1448.3900146484375,1446.989990234375,68.97320396422941,-296.26780509676524,-0.29626780509676154,time_stop
S5_macd_cross,1,2007-02-15,2007-02-16,1456.81005859375,1455.5400390625,68.57455391029691,-286.8041315902129,-0.28680413159021256,time_stop
S5_macd_cross,1,2007-03-21,2007-03-22,1435.0400390625,1434.5400390625,69.61485197678793,-234.57281836260222,-0.23457281836259947,time_stop
S5_macd_cross,1,2007-05-23,2007-05-24,1522.280029296875,1507.510009765625,65.62531070334195,-1168.1180335120703,-1.1681180335120667,time_stop
S5_macd_cross,1,2007-06-05,2007-06-06,1530.949951171875,1517.3800048828125,65.25366804031103,-1084.4034815010614,-1.0844034815010617,time_stop
S5_macd_cross,1,2007-06-20,2007-06-21,1512.8399658203125,1522.18994140625,66.0348101300528,417.0062388752904,0.41700623887528376,time_stop
S5_macd_cross,1,2007-07-06,2007-07-09,1530.43994140625,1531.8499755859375,65.27541342674732,-107.8516763392572,-0.10785167633925452,time_stop
S5_macd_cross,1,2007-08-23,2007-08-24,1462.5,1479.3699951171875,68.30776061545293,951.3990366604658,0.9513990366604608,time_stop
S5_macd_cross,1,2007-11-30,2007-12-03,1481.1400146484375,1472.4200439453125,67.44811355583566,-787.357628413926,-0.7873576284139316,time_stop
S5_macd_cross,1,2007-12-26,2007-12-27,1497.6600341796875,1476.27001953125,66.70412351279585,-1625.1755766710264,-1.625175576671023,time_stop
S5_macd_cross,1,2008-01-31,2008-02-01,1378.550048828125,1395.4200439453125,72.46751758126068,1021.503941282634,1.021503941282642,time_stop
S5_macd_cross,1,2008-03-24,2008-03-25,1349.8800048828125,1352.989990234375,74.00665210147517,30.1292445496303,0.030129244549637058,time_stop
S5_macd_cross,1,2008-04-18,2008-04-21,1390.3299560546875,1388.1700439453125,71.8535189902579,-354.8422882826885,-0.35484228828268627,time_stop
S5_macd_cross,1,2008-05-16,2008-05-19,1425.3499755859375,1426.6300048828125,70.08811983809987,-110.1750678912852,-0.11017506789128273,time_stop
S5_macd_cross,1,2008-07-18,2008-07-21,1260.6800537109375,1260.0,79.24302411705017,-253.63582290427792,-0.25363582290427455,time_stop
S5_macd_cross,1,2008-08-29,2008-09-02,1282.8299560546875,1277.5799560546875,77.87477945038036,-608.2339493225692,-0.6082339493225675,time_stop
S5_macd_cross,1,2008-10-29,2008-10-30,930.0900268554688,954.0900268554688,107.40906473091758,2375.4395361882835,2.375439536188284,time_stop
S5_macd_cross,1,2008-11-26,2008-11-28,887.6799926757812,896.239990234375,112.54066862424791,762.5843010172229,0.7625843010172328,time_stop
S5_macd_cross,1,2009-02-06,2009-02-09,868.5999755859375,869.8900146484375,115.01278230258941,-51.57758892490741,-0.05157758892491149,time_stop
S5_macd_cross,1,2009-03-13,2009-03-16,756.5499877929688,753.8900146484375,132.04692553301282,-550.6902342601857,-0.5506902342601872,time_stop
S5_macd_cross,1,2009-05-04,2009-05-05,907.239990234375,903.7999877929688,110.11430379550605,-578.2148802165867,-0.5782148802165876,time_stop
S5_macd_cross,1,2009-06-02,2009-06-03,944.739990234375,931.760009765625,105.74348596730438,-1570.9760339707934,-1.5709760339707945,time_stop
S5_macd_cross,1,2009-07-16,2009-07-17,940.739990234375,940.3800048828125,106.19310429783143,-237.9899338223808,-0.2379899338223801,time_stop
S5_macd_cross,1,2009-08-26,2009-08-27,1028.1199951171875,1030.97998046875,97.16774342931932,77.82022472918598,0.07782022472919703,time_stop
S5_macd_cross,1,2009-09-14,2009-09-15,1049.3399658203125,1052.6300048828125,95.20279714306302,113.10750073828655,0.11310750073829645,time_stop
S5_macd_cross,1,2009-10-13,2009-10-14,1073.18994140625,1092.02001953125,93.08706319889305,1551.2836359893236,1.5512836359893312,time_stop
S5_macd_cross,1,2009-11-10,2009-11-11,1093.010009765625,1098.510009765625,91.39907137860665,302.3919978895541,0.3023919978895506,time_stop
S5_macd_cross,1,2009-12-24,2009-12-28,1126.47998046875,1127.780029296875,88.68342237074603,-84.62271325232469,-0.08462271325232473,time_stop
S5_macd_cross,1,2010-02-17,2010-02-18,1099.510009765625,1106.75,90.8587452709002,457.35841224023477,0.45735841224023854,time_stop
S5_macd_cross,1,2010-04-06,2010-04-07,1189.43994140625,1182.449951171875,83.98919224285517,-786.2967497372301,-0.7862967497372253,time_stop
S5_macd_cross,1,2010-04-12,2010-04-13,1196.47998046875,1197.300048828125,83.49500328535511,-131.39706105031814,-0.13139706105032012,time_stop
S5_macd_cross,1,2010-06-04,2010-06-07,1064.8800048828125,1050.469970703125,93.81348080725178,-1550.303809283193,-1.5503038092831933,time_stop
S5_macd_cross,1,2010-06-11,2010-06-14,1091.5999755859375,1089.6300048828125,91.51713277244862,-379.9059841255072,-0.3799059841255059,time_stop
S5_macd_cross,1,2010-07-12,2010-07-13,1078.75,1095.3399658203125,92.60727684829655,1335.0150062676366,1.3350150062676258,time_stop
S5_macd_cross,1,2010-09-03,2010-09-07,1104.510009765625,1091.8399658203125,90.44743734038093,-1344.6272326378796,-1.344627232637885,time_stop
S5_macd_cross,1,2010-11-05,2010-11-08,1225.8499755859375,1223.25,81.4945563402644,-411.4721728148123,-0.4114721728148085,time_stop
S5_macd_cross,1,2010-12-06,2010-12-07,1223.1199951171875,1223.75,81.67645063355248,-148.3950936529737,-0.14839509365297543,time_stop
S5_macd_cross,1,2011-01-04,2011-01-05,1270.199951171875,1276.56005859375,78.64911332104288,299.91639274751185,0.29991639274751236,time_stop
S5_macd_cross,1,2011-01-14,2011-01-18,1293.239990234375,1295.02001953125,77.24792045905951,-62.43414182193146,-0.062434141821932077,time_stop
S5_macd_cross,1,2011-02-07,2011-02-08,1319.050048828125,1324.5699462890625,75.73639831851226,217.83889582594406,0.21783889582593918,time_stop
S5_macd_cross,1,2011-03-25,2011-03-28,1313.800048828125,1310.18994140625,76.03904413704976,-474.0348082740332,-0.47403480827403754,time_stop
S5_macd_cross,1,2011-04-25,2011-04-26,1335.25,1347.239990234375,74.81752473327086,696.3641297209276,0.6963641297209167,time_stop
S5_macd_cross,1,2011-06-22,2011-06-23,1287.1400146484375,1283.5,77.61401150082813,-482.033822448408,-0.4820338224484133,time_stop
S5_macd_cross,1,2011-07-21,2011-07-22,1343.800048828125,1345.02001953125,74.34149149437735,-109.19645259206973,-0.10919645259207522,time_stop
S5_macd_cross,1,2011-08-25,2011-08-26,1159.27001953125,1176.800048828125,86.17500514719983,1309.3395147236868,1.3093395147236953,time_stop
S5_macd_cross,1,2011-10-10,2011-10-11,1194.8900146484375,1195.5400390625,83.60610489283626,-145.50853646452086,-0.14550853646452255,time_stop
S5_macd_cross,1,2011-12-02,2011-12-05,1244.280029296875,1257.0799560546875,80.28747351715677,826.845907008639,0.8268459070086331,time_stop
S5_macd_cross,1,2011-12-23,2011-12-27,1265.3299560546875,1265.4300537109375,78.95181760462663,-191.90521079319396,-0.19190521079319733,time_stop
S5_macd_cross,1,2012-02-06,2012-02-07,1344.3299560546875,1347.050048828125,74.3121876070401,2.1337086435690042,0.002133708643570209,time_stop
S5_macd_cross,1,2012-03-15,2012-03-16,1402.5999755859375,1404.1700439453125,71.22494056679741,-88.08400224347695,-0.08808400224347146,time_stop
S5_macd_cross,1,2012-03-27,2012-03-28,1412.52001953125,1405.5400390625,70.72473205247182,-692.9637909356339,-0.6929637909356301,time_stop
S5_macd_cross,1,2012-04-27,2012-04-30,1403.3599853515625,1397.9100341796875,71.18636767676787,-587.3744655137734,-0.587374465513768,time_stop
S5_macd_cross,1,2012-06-08,2012-06-11,1325.6600341796875,1308.9300537109375,75.35876267245067,-1459.2900768317975,-1.4592900768317985,time_stop
S5_macd_cross,1,2012-07-17,2012-07-18,1363.6700439453125,1372.780029296875,73.25826386203599,466.91412915320257,0.4669141291532064,time_stop
S5_macd_cross,1,2012-07-30,2012-07-31,1385.300048828125,1379.3199462890625,72.11441303608484,-630.6205327157843,-0.6306205327157866,time_stop
S5_macd_cross,1,2012-09-10,2012-09-11,1429.0799560546875,1433.56005859375,69.90518583431658,113.06901834922796,0.11306901834922112,time_stop
S5_macd_cross,1,2012-11-23,2012-11-26,1409.1500244140625,1406.2900390625,70.89387089329917,-402.35287663831974,-0.4023528766383233,time_stop
S5_macd_cross,1,2013-01-03,2013-01-04,1459.3699951171875,1466.469970703125,68.45426467198124,285.73738451625695,0.2857373845162492,time_stop
S5_macd_cross,1,2013-03-06,2013-03-07,1541.4599609375,1544.260009765625,64.80875431843309,-18.513990895199747,-0.018513990895197008,time_stop
S5_macd_cross,1,2013-04-11,2013-04-12,1593.3699951171875,1588.8499755859375,62.6973648344323,-482.91012009611194,-0.4829101200961139,time_stop
S5_macd_cross,1,2013-04-26,2013-04-29,1582.239990234375,1593.6099853515625,63.138399052410406,517.3652058438159,0.5173652058438227,time_stop
S5_macd_cross,1,2013-07-05,2013-07-08,1631.8900146484375,1640.4599609375,61.217422132227256,324.30518980823945,0.3243051898082383,time_stop
S5_macd_cross,1,2013-08-05,2013-08-06,1707.1400146484375,1697.3699951171875,58.51898440836031,-770.960088798171,-0.7709600887981671,time_stop
S5_macd_cross,1,2013-09-09,2013-09-10,1671.7099609375,1683.989990234375,59.75922991095634,533.3110491709857,0.5333110491709814,time_stop
S5_macd_cross,1,2013-10-15,2013-10-16,1698.06005859375,1721.5400390625,58.83190019959145,1180.1902959580439,1.180190295958039,time_stop
S5_macd_cross,1,2013-11-15,2013-11-18,1798.1800537109375,1791.530029296875,55.55622736106667,-568.8810178361788,-0.5688810178361758,time_stop
S5_macd_cross,1,2013-11-25,2013-11-26,1802.47998046875,1802.75,55.42369456670473,-184.84968525318047,-0.18484968525318557,time_stop
S5_macd_cross,1,2013-12-23,2013-12-24,1827.989990234375,1833.3199462890625,54.6502444946601,91.1919183327478,0.09119191833275586,time_stop
S5_macd_cross,1,2014-02-12,2014-02-13,1819.260009765625,1829.8299560546875,54.91249154263003,380.0414643178022,0.38004146431780406,time_stop
S5_macd_cross,1,2014-04-03,2014-04-04,1888.77001953125,1865.0899658203125,52.89161669608291,-1451.024047697524,-1.4510240476975245,time_stop
S5_macd_cross,1,2014-04-22,2014-04-23,1879.550048828125,1875.3900146484375,53.151071961284735,-420.6893655701195,-0.42068936557011494,time_stop
S5_macd_cross,1,2014-05-13,2014-05-14,1897.449951171875,1888.530029296875,52.64966268986493,-668.9614468609445,-0.6689614468609495,time_stop
S5_macd_cross,1,2014-05-27,2014-05-28,1911.9100341796875,1909.780029296875,52.25146482531142,-310.98477913699577,-0.3109847791369913,time_stop
S5_macd_cross,1,2014-06-19,2014-06-20,1959.47998046875,1962.8699951171875,50.98296532542356,-27.14003352549993,-0.027140033525496765,time_stop
S5_macd_cross,1,2014-07-07,2014-07-08,1977.6500244140625,1963.7099609375,50.51454942322177,-903.2720492243998,-0.9032720492244017,time_stop
S5_macd_cross,1,2014-08-18,2014-08-19,1971.739990234375,1981.5999755859375,50.6659602152843,299.26586011980663,0.2992658601198128,time_stop
S5_macd_cross,1,2014-10-23,2014-10-24,1950.8199462890625,1964.5799560546875,51.20928771009051,504.13545888237445,0.504135458882371,time_stop
S5_macd_cross,1,2014-12-23,2014-12-24,2082.169921875,2081.8798828125,47.978841136144915,-213.70202216507,-0.21370202216507428,time_stop
S5_macd_cross,1,2015-01-23,2015-01-26,2051.820068359375,2057.090087890625,48.68852851214167,56.53270691041472,0.05653270691041712,time_stop
S5_macd_cross,1,2015-02-04,2015-02-05,2041.510009765625,2062.52001953125,48.93441590892269,827.2842437653014,0.8272842437653027,time_stop
S5_macd_cross,1,2015-03-23,2015-03-24,2104.419921875,2091.5,47.47156157459806,-812.5157377614295,-0.8125157377614323,time_stop
S5_macd_cross,1,2015-04-10,2015-04-13,2102.06005859375,2092.429931640625,47.524855197016464,-657.0129183873645,-0.6570129183873674,time_stop
S5_macd_cross,1,2015-05-05,2015-05-06,2089.4599609375,2080.14990234375,47.81144495120006,-644.4824263937674,-0.6444824263937665,time_stop
S5_macd_cross,1,2015-05-15,2015-05-18,2122.72998046875,2129.199951171875,47.062085531029034,104.38562449891498,0.10438562449892608,time_stop
S5_macd_cross,1,2015-06-19,2015-06-22,2109.989990234375,2122.85009765625,47.34624351891031,408.46870009756987,0.408468700097564,time_stop
S5_macd_cross,1,2015-07-15,2015-07-16,2107.39990234375,2124.2900390625,47.404434150820535,600.0665067082759,0.6000665067082744,time_stop
S5_macd_cross,1,2015-07-31,2015-08-03,2103.840087890625,2098.0400390625,47.484645090237265,-474.93804664965865,-0.47493804664965333,time_stop
S5_macd_cross,1,2015-08-19,2015-08-20,2079.610107421875,2035.72998046875,48.03789880784318,-2305.6013889514616,-2.3056013889514615,time_stop
S5_macd_cross,1,2015-09-11,2015-09-14,1961.050048828125,1953.030029296875,50.94214701955095,-607.9486568467314,-0.6079486568467352,time_stop
S5_macd_cross,1,2015-10-05,2015-10-06,1987.050048828125,1979.9200439453125,50.275583123342365,-557.9068878027194,-0.5579068878027171,time_stop
S5_macd_cross,1,2015-12-28,2015-12-29,2056.5,2078.360107421875,48.57772910289322,861.0522623233104,0.8610522623233141,time_stop
S5_macd_cross,1,2016-01-29,2016-02-01,1940.239990234375,1939.3800048828125,51.48852740017604,-244.03529975853252,-0.2440352997585271,time_stop
S5_macd_cross,1,2016-02-17,2016-02-18,1926.8199462890625,1917.8299560546875,51.84713812647695,-665.4393599720671,-0.6654393599720643,time_stop
S5_macd_cross,1,2016-04-19,2016-04-20,2100.800048828125,2102.39990234375,47.55335947170532,-123.79786887892199,-0.12379786887891653,time_stop
S5_macd_cross,1,2016-05-26,2016-05-27,2090.10009765625,2099.06005859375,47.796801699652406,228.02901888996607,0.22802901888996363,time_stop
S5_macd_cross,1,2016-07-05,2016-07-06,2088.550048828125,2099.72998046875,47.83227481484265,334.4266012826808,0.3344266012826891,time_stop
S5_macd_cross,1,2016-09-23,2016-09-26,2164.68994140625,2146.10009765625,46.14984251980295,-1056.8606429689053,-1.0568606429689043,time_stop
S5_macd_cross,1,2016-10-25,2016-10-26,2143.159912109375,2139.429931640625,46.613460496176714,-373.4936297345559,-0.3734936297345559,time_stop
S5_macd_cross,1,2016-11-09,2016-11-10,2163.260009765625,2167.47998046875,46.180347923559786,-5.115364217946551,-0.0051153642179446734,time_stop
S5_macd_cross,1,2017-01-27,2017-01-30,2294.68994140625,2280.89990234375,43.53533699584631,-799.5538435742343,-0.79955384357423,time_stop
S5_macd_cross,1,2017-02-10,2017-02-13,2316.10009765625,2328.25,43.13289395445069,323.7361891003567,0.3237361891003543,time_stop
S5_macd_cross,1,2017-04-25,2017-04-26,2388.610107421875,2387.449951171875,41.82352724276386,-248.27350450139642,-0.24827350450139507,time_stop
S5_macd_cross,1,2017-05-26,2017-05-30,2415.820068359375,2412.909912109375,41.35245882278964,-320.0219741796951,-0.32002197417969613,time_stop
S5_macd_cross,1,2017-06-20,2017-06-21,2437.030029296875,2435.610107421875,40.99256008302975,-257.9482263415601,-0.25794822634156445,time_stop
S5_macd_cross,1,2017-07-14,2017-07-17,2459.27001953125,2459.139892578125,40.621850836510184,-205.08091148215533,-0.20508091148215835,time_stop
S5_macd_cross,1,2017-09-01,2017-09-05,2476.550048828125,2457.85009765625,40.33841349072331,-953.372236064996,-0.9533722360649977,time_stop
S5_macd_cross,1,2017-11-09,2017-11-10,2584.6201171875,2582.300048828125,38.651753592635494,-289.38523563427094,-0.2893852356342763,time_stop
S5_macd_cross,1,2017-11-29,2017-11-30,2626.070068359375,2647.580078125,38.04167341296876,617.6582900468676,0.6176582900468741,time_stop
S5_macd_cross,1,2018-01-05,2018-01-08,2743.14990234375,2747.7099609375,36.4180243357263,-33.89794328548843,-0.03389794328548801,time_stop
S5_macd_cross,1,2018-02-26,2018-02-27,2779.60009765625,2744.280029296875,35.94045776021355,-1467.9502053332067,-1.4679502053332016,time_stop
S5_macd_cross,1,2018-03-06,2018-03-07,2728.1201171875,2726.800048828125,36.618658859892825,-248.09099359095205,-0.24809099359095477,time_stop
S5_macd_cross,1,2018-04-11,2018-04-12,2642.18994140625,2663.989990234375,37.80958300330603,623.6263050872918,0.6236263050872992,time_stop
S5_macd_cross,1,2018-05-08,2018-05-09,2671.919921875,2697.7900390625,37.38888245946973,766.4873161652224,0.7664873161652208,time_stop
S5_macd_cross,1,2018-06-05,2018-06-06,2748.800048828125,2772.35009765625,36.34316724590047,655.2272800462674,0.6552272800462777,time_stop
S5_macd_cross,1,2018-07-10,2018-07-11,2793.840087890625,2774.02001953125,35.75727198313824,-907.803063275698,-0.9078030632757028,time_stop
S5_macd_cross,1,2018-08-07,2018-08-08,2858.449951171875,2857.699951171875,34.94904637359279,-225.98577279561104,-0.2259857727956116,time_stop
S5_macd_cross,1,2018-08-27,2018-08-28,2896.739990234375,2897.52001953125,34.48707865976505,-172.92616901365983,-0.1729261690136652,time_stop
S5_macd_cross,1,2018-09-21,2018-09-24,2929.669921875,2919.3701171875,34.099438695866276,-550.666540762478,-0.5506665407624789,time_stop
S5_macd_cross,1,2018-11-05,2018-11-06,2738.31005859375,2755.449951171875,36.4823916074001,424.87876907058626,0.4248787690705802,time_stop
S5_macd_cross,1,2018-11-29,2018-11-30,2737.800048828125,2760.169921875,36.48918771217813,615.6420384081231,0.6156420384081152,time_stop
S5_macd_cross,1,2019-01-03,2019-01-04,2447.889892578125,2531.93994140625,40.81069994324166,3226.9109818163042,3.226910981816311,time_stop
S5_macd_cross,1,2019-03-19,2019-03-20,2832.570068359375,2824.22998046875,35.2683596483677,-493.6472778065213,-0.4936472778065193,time_stop
S5_macd_cross,1,2019-04-03,2019-04-04,2873.39990234375,2879.389892578125,34.76721072434584,8.246797662380937,0.008246797662381233,time_stop
S5_macd_cross,1,2019-04-24,2019-04-25,2927.25,2926.169921875,34.12762828596803,-236.62384406522764,-0.2366238440652313,time_stop
S5_macd_cross,1,2019-06-07,2019-06-10,2873.340087890625,2886.72998046875,34.767934474974915,265.2731690752241,0.2652731690752308,time_stop
S5_macd_cross,1,2019-08-22,2019-08-23,2922.949951171875,2847.110107421875,34.17783457429634,-2789.249791994348,-2.7892497919943526,time_stop
S5_macd_cross,1,2019-08-30,2019-09-03,2926.4599609375,2906.27001953125,34.13684151964157,-888.3318090461271,-0.8883318090461279,time_stop
S5_macd_cross,1,2019-10-16,2019-10-17,2989.68994140625,2997.949951171875,33.41486972161074,75.93094326717714,0.0759309432671662,time_stop
S5_macd_cross,1,2019-11-29,2019-12-02,3140.97998046875,3113.8701171875,31.805392113703043,-1061.177791777416,-1.0611777917774123,time_stop
S5_macd_cross,1,2019-12-16,2019-12-17,3191.449951171875,3192.52001953125,31.30241784409541,-166.33796862019358,-0.16633796862018935,time_stop
S5_macd_cross,1,2020-01-10,2020-01-13,3265.35009765625,3288.1298828125,30.59399357263547,496.42747625549055,0.4964274762554899,time_stop
S5_macd_cross,1,2020-01-14,2020-01-15,3283.14990234375,3289.2900390625,30.428126302970202,-13.154177060149262,-0.013154177060148431,time_stop
S5_macd_cross,1,2020-02-10,2020-02-11,3352.090087890625,3357.75,29.80233146507235,-31.290301630168425,-0.031290301630171324,time_stop
S5_macd_cross,1,2020-03-27,2020-03-30,2541.469970703125,2626.64990234375,39.30799932783053,3145.104243178473,3.145104243178465,time_stop
S5_macd_cross,1,2020-05-21,2020-05-22,2948.510009765625,2955.449951171875,33.88155358782075,35.100660855350235,0.03510066085534724,time_stop
S5_macd_cross,1,2020-07-09,2020-07-10,3152.050048828125,3185.0400390625,31.693690884521633,844.7287784187051,0.8447287784187019,time_stop
S5_macd_cross,1,2020-08-04,2020-08-05,3306.510009765625,3327.77001953125,30.213155140933967,441.8894415730671,0.4418894415730623,time_stop
S5_macd_cross,1,2020-08-25,2020-08-26,3443.6201171875,3478.72998046875,29.010197553872782,817.7253260084581,0.817725326008456,time_stop
S5_macd_cross,1,2020-10-02,2020-10-05,3348.419921875,3408.60009765625,29.83499747073518,1593.879717029579,1.5938797170295782,time_stop
S5_macd_cross,1,2020-11-06,2020-11-09,3509.43994140625,3550.5,28.466108999736704,967.8510835616081,0.9678510835616105,time_stop
S5_macd_cross,1,2021-01-08,2021-01-11,3824.679931640625,3799.610107421875,26.11985883410825,-853.9656491202576,-0.8539656491202585,time_stop
S5_macd_cross,1,2021-01-21,2021-01-22,3853.070068359375,3841.469970703125,25.927402857388746,-500.2598445137208,-0.5002598445137174,time_stop
S5_macd_cross,1,2021-02-08,2021-02-09,3915.590087890625,3911.22998046875,25.513421389294937,-310.9302164991164,-0.3109302164991168,time_stop
S5_macd_cross,1,2021-03-12,2021-03-15,3943.340087890625,3968.93994140625,25.333878811740675,448.0948431763999,0.44809484317640536,time_stop
S5_macd_cross,1,2021-03-29,2021-03-30,3971.090087890625,3958.550048828125,25.156845523281778,-514.9525575258795,-0.5149525575258829,time_stop
S5_macd_cross,1,2021-05-28,2021-06-01,4204.10986328125,4202.0400390625,23.762485555534283,-248.93518373264033,-0.2489351837326348,time_stop
S5_macd_cross,1,2021-06-28,2021-06-29,4290.60986328125,4291.7998046875,23.2834266184484,-172.12199230094154,-0.17212199230094427,time_stop
S5_macd_cross,1,2021-07-27,2021-07-28,4401.4599609375,4400.64013671875,22.697037071040725,-218.3891729042144,-0.21838917290420978,time_stop
S5_macd_cross,1,2021-08-09,2021-08-10,4432.35009765625,4436.75,22.53885584374875,-100.73060391249244,-0.10073060391249111,time_stop
S5_macd_cross,1,2021-08-13,2021-08-16,4468.0,4479.7099609375,22.35901967325423,61.76122392742502,0.06176122392742567,time_stop
S5_macd_cross,1,2021-08-26,2021-08-27,4470.0,4509.3701171875,22.349015637606247,679.2032815129706,0.6792032815129634,time_stop
S5_macd_cross,1,2021-08-30,2021-08-31,4528.7900390625,4522.68017578125,22.058894106024866,-334.4422500964431,-0.334442250096445,time_stop
S5_macd_cross,1,2021-10-11,2021-10-12,4361.18994140625,4350.64990234375,22.906615222515967,-440.99538241591165,-0.44099538241590963,time_stop
S5_macd_cross,1,2021-12-13,2021-12-14,4668.97021484375,4634.08984375,21.39660252757537,-945.3753146711848,-0.9453753146711819,time_stop
S5_macd_cross,1,2021-12-16,2021-12-17,4668.669921875,4620.64013671875,21.39797877592912,-1226.5127828626794,-1.2265127828626765,time_stop
S5_macd_cross,1,2021-12-27,2021-12-28,4791.18994140625,4786.35009765625,20.850790956281415,-300.61385552221464,-0.30061385552221376,time_stop
S5_macd_cross,1,2022-02-03,2022-02-04,4477.43994140625,4500.52978515625,22.311879379162335,314.8624310248796,0.314862431024876,time_stop
S5_macd_cross,1,2022-03-03,2022-03-04,4363.490234375,4328.8701171875,22.89453958510096,-991.6192315468617,-0.9916192315468586,time_stop
S5_macd_cross,1,2022-03-17,2022-03-18,4411.669921875,4463.1201171875,22.644509147148852,964.0991541579217,0.9640991541579158,time_stop
S5_macd_cross,1,2022-05-26,2022-05-27,4057.840087890625,4158.240234375,24.619033213807764,2269.4825866288375,2.269482586628846,time_stop
S5_macd_cross,1,2022-06-28,2022-06-29,3821.550048828125,3818.830078125,26.141251226248936,-270.83253384113397,-0.2708325338411366,time_stop
S5_macd_cross,1,2022-10-06,2022-10-07,3744.52001953125,3639.659912109375,26.679013432703105,-2994.566850048617,-2.994566850048619,time_stop
S5_macd_cross,1,2022-10-14,2022-10-17,3583.070068359375,3677.949951171875,27.88114605468556,2442.9143106762267,2.442914310676225,time_stop
S5_macd_cross,1,2023-01-10,2023-01-11,3919.25,3969.610107421875,25.48959619827771,1082.57494408261,1.082574944082615,time_stop
S5_macd_cross,1,2023-03-22,2023-03-23,3936.969970703125,3948.719970703125,25.374869669696313,98.05636410012254,0.09805636410011864,time_stop
S5_macd_cross,1,2023-05-19,2023-05-22,4191.97998046875,4192.6298828125,23.83124451107923,-184.3277061196091,-0.18432770611961358,time_stop
S5_macd_cross,1,2023-05-30,2023-05-31,4205.52001953125,4179.830078125,23.75451773767441,-809.4421164459527,-0.8094421164459575,time_stop
S5_macd_cross,1,2023-07-05,2023-07-06,4446.81982421875,4411.58984375,22.46551554799077,-990.4684141023384,-0.9904684141023412,time_stop
S5_macd_cross,1,2023-07-14,2023-07-17,4505.419921875,4522.7900390625,22.173316057635077,184.9677454580381,0.1849677454580423,time_stop
S5_macd_cross,1,2023-08-30,2023-08-31,4514.8701171875,4507.66015625,22.12690449716233,-359.1747827754308,-0.3591747827754288,time_stop
S5_macd_cross,1,2023-10-10,2023-10-11,4358.240234375,4376.9501953125,22.922118682708696,228.64287341286143,0.22864287341286538,time_stop
S5_macd_cross,1,2023-11-03,2023-11-06,4358.33984375,4365.97998046875,22.921594800221897,-24.851205832797092,-0.02485120583279876,time_stop
S5_macd_cross,1,2023-12-13,2023-12-14,4707.08984375,4719.5498046875,21.223325497546153,64.37716505641544,0.06437716505640623,time_stop
S5_macd_cross,1,2024-01-23,2024-01-24,4864.60009765625,4868.5498046875,20.53613820141793,-118.76958208077177,-0.11876958208076882,time_stop
S5_macd_cross,1,2024-02-16,2024-02-20,5005.56982421875,4975.509765625,19.957787706156296,-799.1325353810344,-0.7991325353810308,time_stop
S5_macd_cross,1,2024-02-26,2024-02-27,5069.52978515625,5078.18017578125,19.705989339013392,-29.506158871062915,-0.029506158871062116,time_stop
S5_macd_cross,1,2024-03-01,2024-03-04,5137.080078125,5130.9501953125,19.446864440657656,-318.88799289190376,-0.31888799289190306,time_stop
S5_macd_cross,1,2024-03-22,2024-03-25,5234.18017578125,5218.18994140625,19.086102607308298,-504.6862625423438,-0.5046862625423421,time_stop
S5_macd_cross,1,2024-03-28,2024-04-01,5254.35009765625,5243.77001953125,19.012836610309094,-400.7563392184015,-0.4007563392183999,time_stop
S5_macd_cross,1,2024-05-06,2024-05-07,5180.740234375,5187.7001953125,19.28297798782644,-65.72563501980603,-0.06572563501980877,time_stop
S5_macd_cross,1,2024-06-07,2024-06-10,5346.990234375,5360.7900390625,18.68342666082633,57.769611373638355,0.05776961137364811,time_stop
S5_macd_cross,1,2024-07-08,2024-07-09,5572.85009765625,5576.97998046875,17.92621336470444,-125.84107249255058,-0.1258410724925496,time_stop
S5_macd_cross,1,2024-08-15,2024-08-16,5543.22021484375,5554.25,18.0220334080514,-1.2198223871938245,-0.0012198223871884295,time_stop
S5_macd_cross,1,2024-09-16,2024-09-17,5633.08984375,5634.580078125,17.73451208326468,-173.3980488493728,-0.17339804884937138,time_stop
S5_macd_cross,1,2024-10-11,2024-10-14,5815.02978515625,5859.85009765625,17.17963683610188,569.4264951387898,0.5694264951387806,time_stop
S5_macd_cross,1,2024-11-08,2024-11-11,5995.5400390625,6001.35009765625,16.662402260551147,-103.08747588720449,-0.10308747588720912,time_stop
S5_macd_cross,1,2024-11-26,2024-11-27,6021.6298828125,5998.740234375,16.59020926962717,-579.1645134288208,-0.5791645134288204,time_stop
S5_macd_cross,1,2025-01-21,2025-01-22,6049.240234375,6086.3701171875,16.514487114003906,412.7675904800665,0.4127675904800565,time_stop
S5_macd_cross,1,2025-02-14,2025-02-18,6114.6298828125,6129.580078125,16.337881738501828,44.210068659953905,0.04421006865995558,time_stop
S5_macd_cross,1,2025-03-24,2025-03-25,5767.56982421875,5776.64990234375,17.321003983446694,-42.68140649643221,-0.04268140649643648,time_stop
S5_macd_cross,1,2025-04-16,2025-04-17,5275.7001953125,5282.7001953125,18.935894042815757,-67.38149275879182,-0.06738149275878902,time_stop
S5_macd_cross,1,2025-04-23,2025-04-24,5375.85986328125,5484.77001953125,18.58309227560931,1822.0633960612477,1.8220633960612576,time_stop
S5_macd_cross,1,2025-06-27,2025-06-30,6173.06982421875,6204.9501953125,16.18321236350879,315.6106890217964,0.3156106890217947,time_stop
S5_macd_cross,1,2025-07-29,2025-07-30,6370.85986328125,6362.89990234375,15.68078753009132,-324.49383755274255,-0.32449383755274175,time_stop
S5_macd_cross,1,2025-08-14,2025-08-15,6468.5400390625,6449.7998046875,15.443994981374292,-488.9348613518248,-0.4889348613518196,time_stop
S5_macd_cross,1,2025-09-11,2025-09-12,6587.47021484375,6584.2900390625,15.165169122889077,-247.97987545979942,-0.24797987545980282,time_stop
S5_macd_cross,1,2025-10-02,2025-10-03,6715.35009765625,6715.7900390625,14.876380002133683,-193.26200899767358,-0.19326200899767443,time_stop
S5_macd_cross,1,2025-10-27,2025-10-28,6875.16015625,6890.89013671875,14.530585125247411,28.53705459924943,0.028537054599242495,time_stop
S5_macd_cross,1,2025-12-01,2025-12-02,6812.6298828125,6829.3701171875,14.66395527403252,45.43237030347266,0.045432370303477576,time_stop
S5_macd_cross,1,2025-12-24,2025-12-26,6932.0498046875,6929.93994140625,14.411336143682462,-230.17574281453318,-0.23017574281453124,time_stop
S5_macd_cross,1,2026-01-07,2026-01-08,6920.93017578125,6921.4599609375,14.434490359357364,-192.16066824849483,-0.19216066824849776,time_stop
S5_macd_cross,1,2026-01-29,2026-01-30,6969.009765625,6939.02978515625,14.334905999538458,-629.1306414858232,-0.62913064148582,time_stop
S5_macd_cross,1,2026-02-26,2026-02-27,6908.85986328125,6878.8798828125,14.459708530352792,-632.8684773446654,-0.6328684773446613,time_stop
S5_macd_cross,1,2026-04-06,2026-04-07,6611.830078125,6616.85009765625,15.109296324873164,-124.02708610854226,-0.12402708610854685,time_stop
S5_macd_cross,1,2026-07-07,2026-07-08,7503.85009765625,7482.7099609375,13.313179048086619,-480.9611826126967,-0.4809611826126936,time_stop
S5_macd_cross,5,2000-01-19,2000-01-26,1455.9000244140625,1404.0899658203125,68.61741755949583,-3751.3175516851697,-3.751317551685174,time_stop
S5_macd_cross,5,2000-02-08,2000-02-15,1441.719970703125,1402.050048828125,69.29230497610348,-2945.871704415949,-2.9458717044159477,time_stop
S5_macd_cross,5,2000-03-03,2000-03-10,1409.1700439453125,1395.0699462890625,70.89286373162277,-1198.3969052455477,-1.1983969052455468,time_stop
S5_macd_cross,5,2000-05-02,2000-05-09,1446.2900390625,1412.1400146484375,69.07335126559826,-2556.2979752494107,-2.556297975249411,time_stop
S5_macd_cross,5,2000-05-17,2000-05-24,1447.800048828125,1399.050048828125,69.00130993983653,-3560.2502455076456,-3.5602502455076457,time_stop
S5_macd_cross,5,2000-06-01,2000-06-08,1448.81005859375,1461.6700439453125,68.95320701808583,686.0502951634531,0.6860502951634428,time_stop
S5_macd_cross,5,2000-07-11,2000-07-18,1480.8800048828125,1493.739990234375,67.45995595234292,666.8663115186228,0.6668663115186213,time_stop
S5_macd_cross,5,2000-08-09,2000-08-16,1472.8699951171875,1479.8499755859375,67.82682805087047,273.15630531710354,0.27315630531710156,time_stop
S5_macd_cross,5,2000-10-23,2000-10-30,1395.780029296875,1398.6600341796875,71.57295404951785,6.124126882591819,0.0061241268825895645,time_stop
S5_macd_cross,5,2000-12-06,2000-12-13,1351.4599609375,1359.989990234375,73.9201328841439,430.11015843131975,0.4301101584313294,time_stop
S5_macd_cross,5,2000-12-29,2001-01-08,1320.280029296875,1295.8599853515625,75.66584185424848,-2045.7156198567716,-2.0457156198567694,time_stop
S5_macd_cross,5,2001-03-09,2001-03-16,1233.4200439453125,1150.530029296875,80.994386616705,-6906.712467006989,-6.906712467006992,time_stop
S5_macd_cross,5,2001-03-28,2001-04-04,1153.2900390625,1103.25,86.62183537222596,-4530.025665466113,-4.530025665466109,time_stop
S5_macd_cross,5,2001-05-18,2001-05-25,1291.9599609375,1277.8900146484375,77.32445503002138,-1286.6631779745182,-1.286663177974523,time_stop
S5_macd_cross,5,2001-07-03,2001-07-11,1234.449951171875,1180.1800537109375,80.9268126304058,-4587.298133269515,-4.587298133269513,time_stop
S5_macd_cross,5,2001-07-18,2001-07-25,1207.7099609375,1190.489990234375,82.71861881684838,-1622.7879802366595,-1.6227879802366618,time_stop
S5_macd_cross,5,2001-07-27,2001-08-03,1205.8199462890625,1214.3499755859375,82.8482728350486,506.191296483783,0.5061912964837934,time_stop
S5_macd_cross,5,2001-08-28,2001-09-05,1161.510009765625,1131.739990234375,86.00881530091868,-2757.72382705685,-2.757723827056846,time_stop
S5_macd_cross,5,2001-10-02,2001-10-09,1051.3299560546875,1056.75,95.0225943099669,314.7114105204775,0.3147114105204851,time_stop
S5_macd_cross,5,2001-11-02,2001-11-09,1087.199951171875,1120.31005859375,91.88751323288714,2839.5628286358024,2.8395628286358,time_stop
S5_macd_cross,5,2001-12-07,2001-12-14,1158.31005859375,1123.0899658203125,86.24642353653041,-3234.3696310956343,-3.234369631095635,time_stop
S5_macd_cross,5,2001-12-31,2002-01-08,1148.0799560546875,1160.7099609375,87.01493251689631,898.0998237432462,0.898099823743248,time_stop
S5_macd_cross,5,2002-02-14,2002-02-22,1116.47998046875,1089.8399658203125,89.47773506709652,-2581.104684523769,-2.5811046845237717,time_stop
S5_macd_cross,5,2002-02-26,2002-03-05,1109.3800048828125,1146.1400146484375,90.05038801889411,3107.1426900297083,3.1071426900297183,time_stop
S5_macd_cross,5,2002-05-15,2002-05-22,1091.0699462890625,1086.02001953125,91.56159074849347,-661.7171475817951,-0.6617171475817973,time_stop
S5_macd_cross,5,2002-06-20,2002-06-27,1006.2899780273438,990.6400146484375,99.27565819142576,-1751.9069544976999,-1.751906954497695,time_stop
S5_macd_cross,5,2002-07-09,2002-07-16,952.8300170898438,900.9400024414062,104.84566828112447,-5634.80301947002,-5.634803019470025,time_stop
S5_macd_cross,5,2002-07-30,2002-08-06,902.780029296875,859.5700073242188,110.65829621630701,-4976.566063352556,-4.976566063352561,time_stop
S5_macd_cross,5,2002-10-14,2002-10-21,841.4400024414062,899.719970703125,118.72516116448416,6712.579126108853,6.712579126108853,time_stop
S5_macd_cross,5,2002-11-22,2002-12-02,930.5499877929688,934.530029296875,107.35597357540985,227.05374949167836,0.2270537494916791,time_stop
S5_macd_cross,5,2003-01-06,2003-01-13,929.010009765625,926.260009765625,107.53393273480786,-495.2227965058943,-0.49522279650588974,time_stop
S5_macd_cross,5,2003-02-19,2003-02-26,845.1300048828125,827.5499877929688,118.20678395385129,-2275.799404562324,-2.2757994045623287,time_stop
S5_macd_cross,5,2003-03-14,2003-03-21,833.27001953125,895.7899780273438,119.88922865159363,7288.173930026716,7.28817393002672,time_stop
S5_macd_cross,5,2003-04-15,2003-04-23,890.8099975585938,919.02001953125,112.14523879827573,2960.6558311773324,2.960655831177328,time_stop
S5_macd_cross,5,2003-06-02,2003-06-09,967.0,975.9299926757812,103.30930703216123,721.8286039819118,0.7218286039819111,time_stop
S5_macd_cross,5,2003-08-15,2003-08-22,990.6699829101562,993.0599975585938,100.84094766517201,40.970130939809785,0.040970130939799176,time_stop
S5_macd_cross,5,2003-09-17,2003-09-24,1025.969970703125,1009.3800048828125,97.37136831756943,-1813.5724843934631,-1.8135724843934664,time_stop
S5_macd_cross,5,2003-10-07,2003-10-14,1039.25,1049.47998046875,96.1271108011546,782.5948877469856,0.7825948877469902,time_stop
S5_macd_cross,5,2003-11-03,2003-11-10,1059.02001953125,1047.1099853515625,94.33258867411998,-1322.181050811997,-1.322181050811999,time_stop
S5_macd_cross,5,2003-12-01,2003-12-08,1070.1199951171875,1069.300048828125,93.35411015206756,-276.2690106319178,-0.2762690106319132,time_stop
S5_macd_cross,5,2004-02-18,2004-02-25,1151.8199462890625,1143.6700439453125,86.73239269901377,-905.953869806392,-0.9059538698063974,time_stop
S5_macd_cross,5,2004-03-31,2004-04-07,1126.2099609375,1140.530029296875,88.70468506328898,1069.18669694905,1.0691866969490427,time_stop
S5_macd_cross,5,2004-04-26,2004-05-03,1135.530029296875,1117.489990234375,87.9766252962579,-1785.3148549746688,-1.7853148549746733,time_stop
S5_macd_cross,5,2004-05-26,2004-06-03,1114.93994140625,1116.6400146484375,89.60132845729613,-47.623707646473285,-0.04762370764647139,time_stop
S5_macd_cross,5,2004-08-03,2004-08-10,1099.68994140625,1079.0400390625,90.84387893222949,-2073.8415110496826,-2.073841511049679,time_stop
S5_macd_cross,5,2004-08-18,2004-08-25,1095.1700439453125,1104.9599609375,91.21880246122623,692.3312799177334,0.6923312799177239,time_stop
S5_macd_cross,5,2004-10-05,2004-10-12,1134.47998046875,1121.8399658203125,88.05805445665308,-1311.7422429469373,-1.3117422429469339,time_stop
S5_macd_cross,5,2004-10-29,2004-11-05,1130.199951171875,1166.1700439453125,88.39152735453234,2976.4717880888397,2.9764717880888414,time_stop
S5_macd_cross,5,2004-12-16,2004-12-23,1203.2099609375,1210.1300048828125,83.02798609002636,374.18255532116024,0.3741825553211564,time_stop
S5_macd_cross,5,2004-12-27,2005-01-03,1204.9200439453125,1202.0799560546875,82.9101486045443,-435.03683675279865,-0.43503683675280014,time_stop
S5_macd_cross,5,2005-02-02,2005-02-09,1193.18994140625,1191.989990234375,83.72522800716985,-300.1659190774359,-0.30016591907743306,time_stop
S5_macd_cross,5,2005-02-28,2005-03-07,1203.5999755859375,1225.31005859375,83.0010816936636,1600.3582131341645,1.6003582131341565,time_stop
S5_macd_cross,5,2005-04-07,2005-04-14,1191.1400146484375,1162.050048828125,83.8693173527423,-2637.116019389238,-2.6371160193892407,time_stop
S5_macd_cross,5,2005-05-02,2005-05-09,1162.1600341796875,1178.8399658203125,85.96070847558835,1232.5847226111644,1.232584722611163,time_stop
S5_macd_cross,5,2005-06-16,2005-06-23,1210.9599609375,1200.72998046875,82.49661683509282,-1042.895039982184,-1.0428950399821835,time_stop
S5_macd_cross,5,2005-07-12,2005-07-19,1222.2099609375,1229.3499755859375,81.73726535780418,383.22146690577165,0.38322146690576986,time_stop
S5_macd_cross,5,2005-09-07,2005-09-14,1236.3599853515625,1227.1600341796875,80.80178999944991,-942.4293498726183,-0.94242934987262,time_stop
S5_macd_cross,5,2005-10-03,2005-10-10,1226.699951171875,1187.3299560546875,81.4380890817389,-3402.8111521318306,-3.402811152131835,time_stop
S5_macd_cross,5,2005-10-25,2005-11-01,1196.5400390625,1202.760009765625,83.49081237463024,318.9908967431788,0.3189908967431876,time_stop
S5_macd_cross,5,2006-01-09,2006-01-17,1290.1500244140625,1282.9300537109375,77.43293261221366,-758.3046412125024,-0.7583046412125038,time_stop
S5_macd_cross,5,2006-02-16,2006-02-24,1289.3800048828125,1289.4300537109375,77.47917566720722,-195.9263355958912,-0.19592633559588624,time_stop
S5_macd_cross,5,2006-03-15,2006-03-22,1303.02001953125,1305.0400390625,76.66812359186784,-45.08396382740145,-0.04508396382739699,time_stop
S5_macd_cross,5,2006-04-06,2006-04-13,1309.0400390625,1289.1199951171875,76.31554186199357,-1718.4889384538492,-1.7184889384538438,time_stop
S5_macd_cross,5,2006-04-21,2006-04-28,1311.280029296875,1310.6099853515625,76.18517606316907,-250.79656832794979,-0.25079656832794894,time_stop
S5_macd_cross,5,2006-06-05,2006-06-12,1265.2900390625,1237.43994140625,78.95430835298409,-2396.48651261447,-2.3964865126144708,time_stop
S5_macd_cross,5,2006-06-22,2006-06-29,1245.5999755859375,1272.8699951171875,80.20239391310707,1985.1335278147924,1.9851335278147975,time_stop
S5_macd_cross,5,2006-07-26,2006-08-02,1268.4000244140625,1277.4100341796875,78.76072057492175,509.1250268659921,0.5091250268659975,time_stop
S5_macd_cross,5,2006-08-16,2006-08-23,1295.4300537109375,1292.989990234375,77.1173245625438,-387.78319570839784,-0.38778319570840214,time_stop
S5_macd_cross,5,2006-09-15,2006-09-22,1319.6600341796875,1314.780029296875,75.70139074659384,-568.8539331227837,-0.5688539331227815,time_stop
S5_macd_cross,5,2006-09-26,2006-10-03,1336.3499755859375,1334.1099853515625,74.75594097743564,-367.08532497339996,-0.36708532497340407,time_stop
S5_macd_cross,5,2006-11-16,2006-11-24,1399.760009765625,1400.949951171875,71.36944847911974,-114.95966337554934,-0.11495966337554675,time_stop
S5_macd_cross,5,2006-12-06,2006-12-13,1412.9000244140625,1413.2099609375,70.70571036441807,-177.9078320247209,-0.17790783202472626,time_stop
S5_macd_cross,5,2006-12-15,2006-12-22,1427.0899658203125,1410.760009765625,70.00266436788787,-1341.7974922060039,-1.3417974922059983,time_stop
S5_macd_cross,5,2007-01-17,2007-01-24,1430.6199951171875,1440.1300048828125,69.82993404332834,463.6190715301301,0.46361907153011916,time_stop
S5_macd_cross,5,2007-01-25,2007-02-01,1423.9000244140625,1445.93994140625,70.15949026421922,1344.9628324957546,1.344962832495744,time_stop
S5_macd_cross,5,2007-02-02,2007-02-09,1448.3900146484375,1438.06005859375,68.97320396422941,-911.577875535775,-0.911577875535774,time_stop
S5_macd_cross,5,2007-02-15,2007-02-23,1456.81005859375,1451.18994140625,68.57455391029691,-584.8118318275417,-0.5848118318275364,time_stop
S5_macd_cross,5,2007-03-21,2007-03-28,1435.0400390625,1417.22998046875,69.61485197678793,-1438.4049479093248,-1.438404947909322,time_stop
S5_macd_cross,5,2007-05-23,2007-05-31,1522.280029296875,1530.6199951171875,65.62531070334195,346.9653355648556,0.34696533556486386,time_stop
S5_macd_cross,5,2007-06-05,2007-06-12,1530.949951171875,1493.0,65.25366804031103,-2673.6973421998196,-2.673697342199821,time_stop
S5_macd_cross,5,2007-06-20,2007-06-27,1512.8399658203125,1506.3399658203125,66.0348101300528,-628.5972393796937,-0.6285972393796913,time_stop
S5_macd_cross,5,2007-07-06,2007-07-13,1530.43994140625,1552.5,65.27541342674732,1238.73926568019,1.2387392656801888,time_stop
S5_macd_cross,5,2007-08-23,2007-08-30,1462.5,1457.6400146484375,68.30776061545293,-531.4429410733383,-0.5314429410733346,time_stop
S5_macd_cross,5,2007-11-30,2007-12-07,1481.1400146484375,1504.6600341796875,67.44811355583566,1384.9943674308543,1.3849943674308474,time_stop
S5_macd_cross,5,2007-12-26,2008-01-03,1497.6600341796875,1447.1600341796875,66.70412351279585,-3564.989878958979,-3.5649898789589796,time_stop
S5_macd_cross,5,2008-01-31,2008-02-07,1378.550048828125,1336.9100341796875,72.46751758126068,-3214.3311449261655,-3.2143311449261636,time_stop
S5_macd_cross,5,2008-03-24,2008-03-31,1349.8800048828125,1322.699951171875,74.00665210147517,-2209.293474105862,-2.2092934741058667,time_stop
S5_macd_cross,5,2008-04-18,2008-04-25,1390.3299560546875,1397.8399658203125,71.8535189902579,339.28080888185445,0.33928080888185885,time_stop
S5_macd_cross,5,2008-05-16,2008-05-23,1425.3499755859375,1375.9300537109375,70.08811983809987,-3660.0858571579615,-3.6600858571579575,time_stop
S5_macd_cross,5,2008-07-18,2008-07-25,1260.6800537109375,1257.760009765625,79.24302411705017,-430.96191946865196,-0.43096191946865314,time_stop
S5_macd_cross,5,2008-08-29,2008-09-08,1282.8299560546875,1267.7900390625,77.87477945038036,-1369.8591883000886,-1.3698591883000932,time_stop
S5_macd_cross,5,2008-10-29,2008-11-05,930.0900268554688,952.77001953125,107.40906473091758,2233.8005648081207,2.2338005648081305,time_stop
S5_macd_cross,5,2008-11-26,2008-12-04,887.6799926757812,845.219970703125,112.54066862424791,-4973.5009831405805,-4.973500983140577,time_stop
S5_macd_cross,5,2009-02-06,2009-02-13,868.5999755859375,826.8400268554688,115.01278230258941,-4997.92516421259,-4.997925164212591,time_stop
S5_macd_cross,5,2009-03-13,2009-03-20,756.5499877929688,768.5399780273438,132.04692553301282,1381.8579064722542,1.3818579064722503,time_stop
S5_macd_cross,5,2009-05-04,2009-05-11,907.239990234375,909.239990234375,110.11430379550605,20.20817918322998,0.02020817918322315,time_stop
S5_macd_cross,5,2009-06-02,2009-06-09,944.739990234375,942.4299926757812,105.74348596730438,-443.8231270274387,-0.44382312702744287,time_stop
S5_macd_cross,5,2009-07-16,2009-07-23,940.739990234375,976.2899780273438,106.19310429783143,3571.5881981236857,3.5715881981236874,time_stop
S5_macd_cross,5,2009-08-26,2009-09-02,1028.1199951171875,994.75,97.16774342931932,-3439.044836460915,-3.439044836460914,time_stop
S5_macd_cross,5,2009-09-14,2009-09-21,1049.3399658203125,1064.6600341796875,95.20279714306302,1257.254647074998,1.2572546470750012,time_stop
S5_macd_cross,5,2009-10-13,2009-10-20,1073.18994140625,1091.06005859375,93.08706319889305,1462.0130514762507,1.4620130514762408,time_stop
S5_macd_cross,5,2009-11-10,2009-11-17,1093.010009765625,1110.3199462890625,91.39907137860665,1380.7298119407549,1.3807298119407507,time_stop
S5_macd_cross,5,2009-12-24,2010-01-04,1126.47998046875,1132.989990234375,88.68342237074603,376.9524159367236,0.37695241593671547,time_stop
S5_macd_cross,5,2010-02-17,2010-02-24,1099.510009765625,1105.239990234375,90.8587452709002,320.2980171813836,0.3202980171813863,time_stop
S5_macd_cross,5,2010-04-06,2010-04-13,1189.43994140625,1197.300048828125,83.98919224285517,459.70370943186003,0.459703709431869,time_stop
S5_macd_cross,5,2010-06-04,2010-06-11,1064.8800048828125,1091.5999755859375,93.81348080725178,2304.3865654690235,2.30438656546903,time_stop
S5_macd_cross,5,2010-07-12,2010-07-19,1078.75,1071.25,92.60727684829655,-893.660221586049,-0.8936602215860456,time_stop
S5_macd_cross,5,2010-09-03,2010-09-13,1104.510009765625,1121.9000244140625,90.44743734038093,1371.5091782023928,1.3715091782023903,time_stop
S5_macd_cross,5,2010-11-05,2010-11-12,1225.8499755859375,1199.2099609375,81.4945563402644,-2368.6453582980675,-2.3686453582980715,time_stop
S5_macd_cross,5,2010-12-06,2010-12-13,1223.1199951171875,1240.4599609375,81.67645063355248,1215.050395647751,1.2150503956477543,time_stop
S5_macd_cross,5,2011-01-04,2011-01-11,1270.199951171875,1274.47998046875,78.64911332104288,136.4836888779435,0.13648368887795304,time_stop
S5_macd_cross,5,2011-01-14,2011-01-24,1293.239990234375,1290.8399658203125,77.24792045905951,-385.01169794246175,-0.38501169794246115,time_stop
S5_macd_cross,5,2011-02-07,2011-02-14,1319.050048828125,1332.3199462890625,75.73639831851226,804.2090257074466,0.8042090257074364,time_stop
S5_macd_cross,5,2011-03-25,2011-04-01,1313.800048828125,1332.4100341796875,76.03904413704976,1213.870212239586,1.2138702122395761,time_stop
S5_macd_cross,5,2011-04-25,2011-05-02,1335.25,1361.219970703125,74.81752473327086,1741.265716677781,1.7412657166777867,time_stop
S5_macd_cross,5,2011-06-22,2011-06-29,1287.1400146484375,1307.4100341796875,77.61401150082813,1371.86409169125,1.371864091691255,time_stop
S5_macd_cross,5,2011-07-21,2011-07-28,1343.800048828125,1300.6700439453125,74.34149149437735,-3402.9427420570923,-3.4029427420570912,time_stop
S5_macd_cross,5,2011-08-25,2011-09-01,1159.27001953125,1204.4200439453125,86.17500514719983,3687.112582891581,3.687112582891583,time_stop
S5_macd_cross,5,2011-10-10,2011-10-17,1194.8900146484375,1200.8599853515625,83.60610489283626,298.82667101562345,0.29882667101561733,time_stop
S5_macd_cross,5,2011-12-02,2011-12-09,1244.280029296875,1255.18994140625,80.28747351715677,675.2531504761993,0.6752531504762072,time_stop
S5_macd_cross,5,2011-12-23,2012-01-03,1265.3299560546875,1277.06005859375,78.95181760462663,725.3866034312864,0.7253866034312884,time_stop
S5_macd_cross,5,2012-02-06,2012-02-13,1344.3299560546875,1351.77001953125,74.3121876070401,352.53430568554325,0.3525343056855368,time_stop
S5_macd_cross,5,2012-03-15,2012-03-22,1402.5999755859375,1392.780029296875,71.22494056679741,-898.5258655169996,-0.898525865516997,time_stop
S5_macd_cross,5,2012-03-27,2012-04-03,1412.52001953125,1413.3800048828125,70.72473205247182,-139.03878847543388,-0.13903878847543183,time_stop
S5_macd_cross,5,2012-04-27,2012-05-04,1403.3599853515625,1369.0999755859375,71.18636767676787,-2636.207005933842,-2.636207005933844,time_stop
S5_macd_cross,5,2012-06-08,2012-06-15,1325.6600341796875,1342.8399658203125,75.35876267245067,1093.5635330433684,1.0935635330433735,time_stop
S5_macd_cross,5,2012-07-17,2012-07-24,1363.6700439453125,1338.31005859375,73.25826386203599,-2055.770869723905,-2.055770869723905,time_stop
S5_macd_cross,5,2012-07-30,2012-08-06,1385.300048828125,1394.22998046875,72.11441303608484,443.5326021371332,0.4435326021371422,time_stop
S5_macd_cross,5,2012-09-10,2012-09-17,1429.0799560546875,1461.18994140625,69.90518583431658,2042.6096388448377,2.042609638844839,time_stop
S5_macd_cross,5,2012-11-23,2012-11-30,1409.1500244140625,1416.1800537109375,70.89387089329917,298.08740355923203,0.2980874035592329,time_stop
S5_macd_cross,5,2013-01-03,2013-01-10,1459.3699951171875,1472.1199951171875,68.45426467198124,672.1188828930024,0.6721188828930025,time_stop
S5_macd_cross,5,2013-03-06,2013-03-13,1541.4599609375,1554.52001953125,64.80875431843309,645.7595228577042,0.6457595228577029,time_stop
S5_macd_cross,5,2013-04-11,2013-04-18,1593.3699951171875,1541.6099853515625,62.6973648344323,-3441.771199693253,-3.4417711996932554,time_stop
S5_macd_cross,5,2013-04-26,2013-05-03,1582.239990234375,1614.4200439453125,63.138399052410406,1829.9650758562514,1.8299650758562436,time_stop
S5_macd_cross,5,2013-07-05,2013-07-12,1631.8900146484375,1680.18994140625,61.217422132227256,2754.040008483189,2.754040008483183,time_stop
S5_macd_cross,5,2013-08-05,2013-08-12,1707.1400146484375,1689.469970703125,58.51898440836031,-1232.7991929048467,-1.2327991929048432,time_stop
S5_macd_cross,5,2013-09-09,2013-09-16,1671.7099609375,1697.5999755859375,59.75922991095634,1345.819970636043,1.345819970636053,time_stop
S5_macd_cross,5,2013-10-15,2013-10-22,1698.06005859375,1754.6700439453125,58.83190019959145,3127.3423356947783,3.1273423356947827,time_stop
S5_macd_cross,5,2013-11-15,2013-11-22,1798.1800537109375,1804.760009765625,55.55622736106667,165.3917772652577,0.16539177726526688,time_stop
S5_macd_cross,5,2013-11-25,2013-12-03,1802.47998046875,1795.1500244140625,55.42369456670473,-605.6471921170065,-0.6056471921170092,time_stop
S5_macd_cross,5,2013-12-23,2013-12-31,1827.989990234375,1848.3599853515625,54.6502444946601,912.3117884956326,0.9123117884956233,time_stop
S5_macd_cross,5,2014-02-12,2014-02-20,1819.260009765625,1839.780029296875,54.91249154263003,925.8783937652129,0.9258783937652115,time_stop
S5_macd_cross,5,2014-04-03,2014-04-10,1888.77001953125,1833.0799560546875,52.89161669608291,-3142.3921534918723,-3.1423921534918686,time_stop
S5_macd_cross,5,2014-04-22,2014-04-29,1879.550048828125,1878.3299560546875,53.151071961284735,-264.5845893618033,-0.26458458936180484,time_stop
S5_macd_cross,5,2014-05-13,2014-05-20,1897.449951171875,1872.8299560546875,52.64966268986493,-1494.7384037078818,-1.4947384037078848,time_stop
S5_macd_cross,5,2014-05-27,2014-06-03,1911.9100341796875,1924.239990234375,52.25146482531142,443.81380702385997,0.44381380702385176,time_stop
S5_macd_cross,5,2014-06-19,2014-06-26,1959.47998046875,1957.219970703125,50.98296532542356,-314.90697731665404,-0.3149069773166535,time_stop
S5_macd_cross,5,2014-07-07,2014-07-14,1977.6500244140625,1977.0999755859375,50.51454942322177,-227.5578830449856,-0.22755788304498203,time_stop
S5_macd_cross,5,2014-08-18,2014-08-25,1971.739990234375,1997.9200439453125,50.6659602152843,1125.3109223924243,1.1253109223924307,time_stop
S5_macd_cross,5,2014-10-23,2014-10-30,1950.8199462890625,1994.6500244140625,51.20928771009051,2042.462374177616,2.0424623741776227,time_stop
S5_macd_cross,5,2014-12-23,2014-12-31,2082.169921875,2058.89990234375,47.978841136144915,-1315.1523015547155,-1.3151523015547117,time_stop
S5_macd_cross,5,2015-01-23,2015-01-30,2051.820068359375,1994.989990234375,48.68852851214167,-2964.0061060573557,-2.9640061060573597,time_stop
S5_macd_cross,5,2015-02-04,2015-02-11,2041.510009765625,2068.530029296875,48.93441590892269,1121.0864649356101,1.1210864649356056,time_stop
S5_macd_cross,5,2015-03-23,2015-03-30,2104.419921875,2086.239990234375,47.47156157459806,-1061.9669143558128,-1.0619669143558164,time_stop
S5_macd_cross,5,2015-04-10,2015-04-17,2102.06005859375,2081.179931640625,47.524855197016464,-1191.1328847328323,-1.1911328847328373,time_stop
S5_macd_cross,5,2015-05-05,2015-05-12,2089.4599609375,2099.1201171875,47.81144495120006,261.60396293791445,0.26160396293790633,time_stop
S5_macd_cross,5,2015-05-15,2015-05-22,2122.72998046875,2126.06005859375,47.062085531029034,-43.236498677982034,-0.04323649867797874,time_stop
S5_macd_cross,5,2015-06-19,2015-06-26,2109.989990234375,2101.489990234375,47.34624351891031,-601.8408266410167,-0.6018408266410202,time_stop
S5_macd_cross,5,2015-07-15,2015-07-22,2107.39990234375,2114.14990234375,47.404434150820535,119.85975078733831,0.11985975078734334,time_stop
S5_macd_cross,5,2015-07-31,2015-08-07,2103.840087890625,2077.570068359375,47.484645090237265,-1445.9753312012506,-1.4459753312012547,time_stop
S5_macd_cross,5,2015-08-19,2015-08-26,2079.610107421875,1940.510009765625,48.03789880784318,-6875.194538756853,-6.8751945387568565,time_stop
S5_macd_cross,5,2015-09-11,2015-09-18,1961.050048828125,1958.030029296875,50.94214701955095,-353.49263248408,-0.3534926324840759,time_stop
S5_macd_cross,5,2015-10-05,2015-10-12,1987.050048828125,2017.4599609375,50.275583123342365,1327.5469881641986,1.3275469881641966,time_stop
S5_macd_cross,5,2015-12-28,2016-01-05,2056.5,2016.7099609375,48.57772910289322,-2130.777028633279,-2.1307770286332794,time_stop
S5_macd_cross,5,2016-01-29,2016-02-05,1940.239990234375,1880.050048828125,51.48852740017604,-3295.7925556635687,-3.295792555663568,time_stop
S5_macd_cross,5,2016-02-17,2016-02-24,1926.8199462890625,1929.800048828125,51.84713812647695,-45.444921614322936,-0.045444921614323786,time_stop
S5_macd_cross,5,2016-04-19,2016-04-26,2100.800048828125,2091.699951171875,47.55335947170532,-632.1076746603875,-0.6321076746603871,time_stop
S5_macd_cross,5,2016-05-26,2016-06-03,2090.10009765625,2099.1298828125,47.796801699652406,231.3630558530519,0.23136305585305106,time_stop
S5_macd_cross,5,2016-07-05,2016-07-12,2088.550048828125,2152.139892578125,47.83227481484265,2838.8050350010385,2.8388050350010463,time_stop
S5_macd_cross,5,2016-09-23,2016-09-30,2164.68994140625,2168.27001953125,46.14984251980295,-34.74537816450955,-0.03474537816451351,time_stop
S5_macd_cross,5,2016-10-25,2016-11-01,2143.159912109375,2111.719970703125,46.613460496176714,-1663.8591420758012,-1.6638591420757964,time_stop
S5_macd_cross,5,2016-11-09,2016-11-16,2163.260009765625,2176.93994140625,46.180347923559786,431.3120589316549,0.43131205893165436,time_stop
S5_macd_cross,5,2017-01-27,2017-02-03,2294.68994140625,2297.419921875,43.53533699584631,-81.06843072078557,-0.08106843072078762,time_stop
S5_macd_cross,5,2017-02-10,2017-02-17,2316.10009765625,2351.159912109375,43.13289395445069,1310.9188278102981,1.3109188278102923,time_stop
S5_macd_cross,5,2017-04-25,2017-05-02,2388.610107421875,2391.169921875,41.82352724276386,-92.84679075302527,-0.0928467907530206,time_stop
S5_macd_cross,5,2017-05-26,2017-06-05,2415.820068359375,2436.10009765625,41.35245882278964,637.9902475473688,0.6379902475473598,time_stop
S5_macd_cross,5,2017-06-20,2017-06-27,2437.030029296875,2419.3798828125,40.99256008302975,-922.6013653449692,-0.9226013653449661,time_stop
S5_macd_cross,5,2017-07-14,2017-07-21,2459.27001953125,2472.5400390625,40.621850836510184,338.71350144183555,0.3387135014418341,time_stop
S5_macd_cross,5,2017-09-01,2017-09-11,2476.550048828125,2488.110107421875,40.33841349072331,266.04790930794866,0.26604790930795374,time_stop
S5_macd_cross,5,2017-11-09,2017-11-16,2584.6201171875,2585.639892578125,38.651753592635494,-160.42350878902732,-0.16042350878903155,time_stop
S5_macd_cross,5,2017-11-29,2017-12-06,2626.070068359375,2629.27001953125,38.04167341296876,-78.19043387969924,-0.07819043387969904,time_stop
S5_macd_cross,5,2018-01-05,2018-01-12,2743.14990234375,2786.239990234375,36.4180243357263,1367.8864137597616,1.3678864137597557,time_stop
S5_macd_cross,5,2018-02-26,2018-03-05,2779.60009765625,2720.93994140625,35.94045776021355,-2305.964794842935,-2.3059647948429407,time_stop
S5_macd_cross,5,2018-03-06,2018-03-13,2728.1201171875,2765.31005859375,36.618658859892825,1160.6837317972982,1.1606837317972962,time_stop
S5_macd_cross,5,2018-04-11,2018-04-18,2642.18994140625,2708.639892578125,37.80958300330603,2310.1322996540607,2.3101322996540663,time_stop
S5_macd_cross,5,2018-05-08,2018-05-15,2671.919921875,2711.449951171875,37.38888245946973,1276.7054355810726,1.2767054355810714,time_stop
S5_macd_cross,5,2018-06-05,2018-06-12,2748.800048828125,2786.85009765625,36.34316724590047,1181.676229186767,1.1816762291867677,time_stop
S5_macd_cross,5,2018-07-10,2018-07-17,2793.840087890625,2809.550048828125,35.75727198313824,361.3834009403984,0.3613834009404071,time_stop
S5_macd_cross,5,2018-08-07,2018-08-14,2858.449951171875,2839.9599609375,34.94904637359279,-845.3615184224925,-0.8453615184224939,time_stop
S5_macd_cross,5,2018-08-27,2018-09-04,2896.739990234375,2896.719970703125,34.48707865976505,-200.48992453398645,-0.2004899245339864,time_stop
S5_macd_cross,5,2018-09-21,2018-09-28,2929.669921875,2913.97998046875,34.099438695866276,-734.2833767292302,-0.7342833767292278,time_stop
S5_macd_cross,5,2018-11-05,2018-11-12,2738.31005859375,2726.219970703125,36.4823916074001,-640.4344454728554,-0.6404344454728594,time_stop
S5_macd_cross,5,2018-11-29,2018-12-07,2737.800048828125,2633.080078125,36.48918771217813,-4017.125721332122,-4.0171257213321265,time_stop
S5_macd_cross,5,2019-01-03,2019-01-10,2447.889892578125,2596.639892578125,40.81069994324166,5864.7208251404645,5.864720825140468,time_stop
S5_macd_cross,5,2019-03-19,2019-03-26,2832.570068359375,2818.4599609375,35.2683596483677,-696.9429026887494,-0.6969429026887464,time_stop
S5_macd_cross,5,2019-04-03,2019-04-10,2873.39990234375,2888.2099609375,34.76721072434584,314.5893237406505,0.31458932374064386,time_stop
S5_macd_cross,5,2019-04-24,2019-05-01,2927.25,2923.72998046875,34.12762828596803,-319.8099880039104,-0.31980998800390514,time_stop
S5_macd_cross,5,2019-06-07,2019-06-14,2873.340087890625,2886.97998046875,34.767934474974915,273.9564607103473,0.2739564607103562,time_stop
S5_macd_cross,5,2019-08-22,2019-08-29,2922.949951171875,2924.580078125,34.17783457429634,-144.14170467052315,-0.14414170467051957,time_stop
S5_macd_cross,5,2019-08-30,2019-09-09,2926.4599609375,2978.429931640625,34.13684151964157,1572.5163632191245,1.5725163632191341,time_stop
S5_macd_cross,5,2019-10-16,2019-10-23,2989.68994140625,3004.52001953125,33.41486972161074,295.24938357947644,0.2952493835794767,time_stop
S5_macd_cross,5,2019-11-29,2019-12-06,3140.97998046875,3145.909912109375,31.805392113703043,-43.158589285278104,-0.04315858928527483,time_stop
S5_macd_cross,5,2019-12-16,2019-12-23,3191.449951171875,3224.010009765625,31.30241784409541,818.3891507704808,0.8183891507704821,time_stop
S5_macd_cross,5,2020-01-10,2020-01-17,3265.35009765625,3329.6201171875,30.59399357263547,1764.510088087583,1.7645100880875786,time_stop
S5_macd_cross,5,2020-02-10,2020-02-18,3352.090087890625,3370.2900390625,29.80233146507235,342.05837669468565,0.3420583766946761,time_stop
S5_macd_cross,5,2020-03-27,2020-04-03,2541.469970703125,2488.64990234375,39.30799932783053,-2273.9751601549024,-2.2739751601549063,time_stop
S5_macd_cross,5,2020-05-21,2020-05-29,2948.510009765625,3044.31005859375,33.88155358782075,3042.8084337976757,3.0428084337976724,time_stop
S5_macd_cross,5,2020-07-09,2020-07-16,3152.050048828125,3215.570068359375,31.693690884521633,1811.3704803380276,1.811370480338037,time_stop
S5_macd_cross,5,2020-08-04,2020-08-11,3306.510009765625,3333.68994140625,30.213155140933967,620.5701000866216,0.6205701000866259,time_stop
S5_macd_cross,5,2020-08-25,2020-09-01,3443.6201171875,3526.64990234375,29.010197553872782,2206.5015599680028,2.2065015599679993,time_stop
S5_macd_cross,5,2020-10-02,2020-10-09,3348.419921875,3477.139892578125,29.83499747073518,3636.719440560288,3.6367194405602987,time_stop
S5_macd_cross,5,2020-11-06,2020-11-13,3509.43994140625,3585.14990234375,28.466108999736704,1953.2126326120742,1.953212632612078,time_stop
S5_macd_cross,5,2021-01-08,2021-01-15,3824.679931640625,3768.25,26.11985883410825,-1672.268106423225,-1.6722681064232248,time_stop
S5_macd_cross,5,2021-01-21,2021-01-28,3853.070068359375,3787.3798828125,25.927402857388746,-1901.272928346192,-1.901272928346187,time_stop
S5_macd_cross,5,2021-02-08,2021-02-16,3915.590087890625,3932.590087890625,25.513421389294937,233.49423565420946,0.23349423565421912,time_stop
S5_macd_cross,5,2021-03-12,2021-03-19,3943.340087890625,3913.10009765625,25.333878811740675,-965.1303514182019,-0.9651303514181975,time_stop
S5_macd_cross,5,2021-03-29,2021-04-06,3971.090087890625,4073.93994140625,25.156845523281778,2384.990299307553,2.3849902993075434,time_stop
S5_macd_cross,5,2021-05-28,2021-06-07,4204.10986328125,4226.52001953125,23.762485555534283,332.18829337350707,0.3321882933735143,time_stop
S5_macd_cross,5,2021-06-28,2021-07-06,4290.60986328125,4343.5400390625,23.2834266184484,1031.3632680404041,1.0313632680404083,time_stop
S5_macd_cross,5,2021-07-27,2021-08-03,4401.4599609375,4423.14990234375,22.697037071040725,292.0049069620019,0.29200490696199566,time_stop
S5_macd_cross,5,2021-08-09,2021-08-16,4432.35009765625,4479.7099609375,22.53885584374875,866.5694943442655,0.8665694943442714,time_stop
S5_macd_cross,5,2021-08-26,2021-09-02,4470.0,4536.9501953125,22.349015637606247,1294.9744912176834,1.294974491217693,time_stop
S5_macd_cross,5,2021-10-11,2021-10-18,4361.18994140625,4486.4599609375,22.906615222515967,2666.842424382908,2.666842424382909,time_stop
S5_macd_cross,5,2021-12-13,2021-12-20,4668.97021484375,4568.02001953125,21.39660252757537,-2357.631412778669,-2.3576314127786713,time_stop
S5_macd_cross,5,2021-12-27,2022-01-03,4791.18994140625,4796.56005859375,20.850790956281415,-87.94098010378423,-0.08794098010378448,time_stop
S5_macd_cross,5,2022-02-03,2022-02-10,4477.43994140625,4504.080078125,22.311879379162335,393.9969257958414,0.39399692579584755,time_stop
S5_macd_cross,5,2022-03-03,2022-03-10,4363.490234375,4259.52001953125,22.89453958510096,-2577.7700490124616,-2.577770049012462,time_stop
S5_macd_cross,5,2022-03-17,2022-03-24,4411.669921875,4520.16015625,22.644509147148852,2254.4511967761264,2.2544511967761194,time_stop
S5_macd_cross,5,2022-05-26,2022-06-03,4057.840087890625,4108.5400390625,24.619033213807764,1047.1353982568019,1.0471353982568044,time_stop
S5_macd_cross,5,2022-06-28,2022-07-06,3821.550048828125,3845.080078125,26.141251226248936,414.68910300320255,0.4146891030031963,time_stop
S5_macd_cross,5,2022-10-06,2022-10-13,3744.52001953125,3669.909912109375,26.679013432703105,-2188.333733865682,-2.188333733865677,time_stop
S5_macd_cross,5,2022-10-14,2022-10-21,3583.070068359375,3752.75,27.88114605468556,4526.33988586451,4.526339885864505,time_stop
S5_macd_cross,5,2023-01-10,2023-01-18,3919.25,3928.860107421875,25.48959619827771,44.91260004787623,0.04491260004788611,time_stop
S5_macd_cross,5,2023-03-22,2023-03-29,3936.969970703125,4027.81005859375,25.374869669696313,2102.9501358171706,2.102950135817161,time_stop
S5_macd_cross,5,2023-05-19,2023-05-26,4191.97998046875,4205.4501953125,23.83124451107923,120.89077177442894,0.12089077177441787,time_stop
S5_macd_cross,5,2023-05-30,2023-06-06,4205.52001953125,4283.85009765625,23.75451773767441,1659.0323371833376,1.6590323371833415,time_stop
S5_macd_cross,5,2023-07-05,2023-07-12,4446.81982421875,4472.16015625,22.46551554799077,368.91413981587164,0.36891413981587906,time_stop
S5_macd_cross,5,2023-07-14,2023-07-21,4505.419921875,4536.33984375,22.173316057635077,485.11140321134576,0.4851114032113468,time_stop
S5_macd_cross,5,2023-08-30,2023-09-07,4514.8701171875,4451.14013671875,22.12690449716233,-1608.5372440468182,-1.6085372440468149,time_stop
S5_macd_cross,5,2023-10-10,2023-10-17,4358.240234375,4373.2001953125,22.922118682708696,142.77088629778152,0.14277088629777168,time_stop
S5_macd_cross,5,2023-11-03,2023-11-10,4358.33984375,4415.240234375,22.921594800221897,1103.1432503825206,1.1031432503825211,time_stop
S5_macd_cross,5,2023-12-13,2023-12-20,4707.08984375,4698.35009765625,21.223325497546153,-385.1011894376502,-0.38510118943765326,time_stop
S5_macd_cross,5,2024-01-23,2024-01-30,4864.60009765625,4924.97021484375,20.53613820141793,1038.7291009283067,1.038729100928304,time_stop
S5_macd_cross,5,2024-02-16,2024-02-26,5005.56982421875,5069.52978515625,19.957787706156296,1075.4226229623944,1.0754226229623853,time_stop
S5_macd_cross,5,2024-03-01,2024-03-08,5137.080078125,5123.68994140625,19.446864440657656,-459.9359772379748,-0.45993597723797963,time_stop
S5_macd_cross,5,2024-03-22,2024-04-01,5234.18017578125,5243.77001953125,19.086102607308298,-16.950490741430517,-0.016950490741429736,time_stop
S5_macd_cross,5,2024-05-06,2024-05-13,5180.740234375,5221.419921875,19.28297798782644,583.8408932953458,0.5838408932953509,time_stop
S5_macd_cross,5,2024-06-07,2024-06-14,5346.990234375,5431.60009765625,18.68342666082633,1379.4211734222022,1.3794211734222017,time_stop
S5_macd_cross,5,2024-07-08,2024-07-15,5572.85009765625,5631.22021484375,17.92621336470444,845.5086198509115,0.8455086198509099,time_stop
S5_macd_cross,5,2024-08-15,2024-08-22,5543.22021484375,5570.64013671875,18.0220334080514,293.8683855291425,0.2938683855291391,time_stop
S5_macd_cross,5,2024-09-16,2024-09-23,5633.08984375,5718.56982421875,17.73451208326468,1314.6296009535995,1.3146296009536096,time_stop
S5_macd_cross,5,2024-10-11,2024-10-18,5815.02978515625,5864.669921875,17.17963683610188,652.1465220010612,0.6521465220010514,time_stop
S5_macd_cross,5,2024-11-08,2024-11-15,5995.5400390625,5870.6201171875,16.662402260551147,-2279.184722449417,-2.279184722449412,time_stop
S5_macd_cross,5,2024-11-26,2024-12-04,6021.6298828125,6086.490234375,16.59020926962717,875.1705591175588,0.8751705591175662,time_stop
S5_macd_cross,5,2025-01-21,2025-01-28,6049.240234375,6067.7001953125,16.514487114003906,104.75173044013997,0.10475173044013353,time_stop
S5_macd_cross,5,2025-02-14,2025-02-24,6114.6298828125,5983.25,16.337881738501828,-2344.1227190208347,-2.344122719020836,time_stop
S5_macd_cross,5,2025-03-24,2025-03-31,5767.56982421875,5611.85009765625,17.321003983446694,-2894.324981886395,-2.894324981886398,time_stop
S5_macd_cross,5,2025-04-16,2025-04-24,5275.7001953125,5484.77001953125,18.935894042815757,3755.1649151172096,3.755164915117204,time_stop
S5_macd_cross,5,2025-06-27,2025-07-07,6173.06982421875,6229.97998046875,16.18321236350879,720.267955289794,0.7202679552897884,time_stop
S5_macd_cross,5,2025-07-29,2025-08-05,6370.85986328125,6299.18994140625,15.68078753009132,-1322.5171762030855,-1.3225171762030863,time_stop
S5_macd_cross,5,2025-08-14,2025-08-21,6468.5400390625,6370.169921875,15.443994981374292,-1717.5085683649852,-1.7175085683649893,time_stop
S5_macd_cross,5,2025-09-11,2025-09-18,6587.47021484375,6631.9599609375,15.165169122889077,474.21962942217226,0.474219629422179,time_stop
S5_macd_cross,5,2025-10-02,2025-10-09,6715.35009765625,6735.10986328125,14.876380002133683,93.85962860821226,0.09385962860821717,time_stop
S5_macd_cross,5,2025-10-27,2025-11-03,6875.16015625,6851.97021484375,14.530585125247411,-536.4266540355534,-0.5364266540355489,time_stop
S5_macd_cross,5,2025-12-01,2025-12-08,6812.6298828125,6846.509765625,14.66395527403252,296.5160733655142,0.2965160733655159,time_stop
S5_macd_cross,5,2025-12-24,2026-01-02,6932.0498046875,6858.47021484375,14.411336143682462,-1259.1200221501954,-1.2591200221501953,time_stop
S5_macd_cross,5,2026-01-07,2026-01-14,6920.93017578125,6926.60009765625,14.434490359357364,-118.03960958982353,-0.11803960958982618,time_stop
S5_macd_cross,5,2026-01-29,2026-02-05,6969.009765625,6798.39990234375,14.334905999538458,-2643.030876178278,-2.643030876178276,time_stop
S5_macd_cross,5,2026-02-26,2026-03-05,6908.85986328125,6830.7099609375,14.459708530352792,-1328.694984556783,-1.3286949845567775,time_stop
S5_macd_cross,5,2026-04-06,2026-04-13,6611.830078125,6886.240234375,15.109296324873164,3942.1980211704704,3.942198021170462,time_stop
S5_macd_cross,5,2026-07-07,2026-07-14,7503.85009765625,7543.58984375,13.313179048086619,328.73309291633745,0.32873309291634456,time_stop
S5_macd_cross,10,2000-01-19,2000-02-02,1455.9000244140625,1409.1199951171875,68.61741755949583,-3406.5150787056027,-3.4065150787056075,time_stop
S5_macd_cross,10,2000-02-08,2000-02-23,1441.719970703125,1360.68994140625,69.29230497610348,-5808.942944559586,-5.808942944559581,time_stop
S5_macd_cross,10,2000-03-03,2000-03-17,1409.1700439453125,1464.469970703125,70.89286373162277,3716.6496020381337,3.7166496020381246,time_stop
S5_macd_cross,10,2000-05-02,2000-05-16,1446.2900390625,1466.0400390625,69.07335126559826,1163.0342890078687,1.1630342890078582,time_stop
S5_macd_cross,10,2000-05-17,2000-06-01,1447.800048828125,1448.81005859375,69.00130993983653,-130.17789491692207,-0.13017789491692744,time_stop
S5_macd_cross,10,2000-07-11,2000-07-25,1480.8800048828125,1474.469970703125,67.45995595234292,-631.788402591516,-0.6317884025915155,time_stop
S5_macd_cross,10,2000-08-09,2000-08-23,1472.8699951171875,1505.969970703125,67.82682805087047,2043.0210864026565,2.0430210864026632,time_stop
S5_macd_cross,10,2000-10-23,2000-11-06,1395.780029296875,1432.18994140625,71.57295404951785,2403.5588015847416,2.4035588015847376,time_stop
S5_macd_cross,10,2000-12-06,2000-12-20,1351.4599609375,1264.739990234375,73.9201328841439,-6603.741606126166,-6.603741606126167,time_stop
S5_macd_cross,10,2000-12-29,2001-01-16,1320.280029296875,1326.6500244140625,75.66584185424848,281.7088523061074,0.2817088523061173,time_stop
S5_macd_cross,10,2001-03-09,2001-03-23,1233.4200439453125,1139.8299560546875,80.994386616705,-7772.491690142767,-7.772491690142768,time_stop
S5_macd_cross,10,2001-03-28,2001-04-11,1153.2900390625,1165.8900146484375,86.62183537222596,890.5413780880529,0.8905413780880611,time_stop
S5_macd_cross,10,2001-05-18,2001-06-04,1291.9599609375,1267.1099853515625,77.32445503002138,-2119.3895086724488,-2.1193895086724535,time_stop
S5_macd_cross,10,2001-07-03,2001-07-18,1234.449951171875,1207.7099609375,80.9268126304058,-2361.6183970568977,-2.361618397056897,time_stop
S5_macd_cross,10,2001-07-27,2001-08-10,1205.8199462890625,1190.1600341796875,82.8482728350486,-1495.8994741395593,-1.4958994741395615,time_stop
S5_macd_cross,10,2001-08-28,2001-09-18,1161.510009765625,1032.739990234375,86.00881530091868,-11264.081669133015,-11.26408166913302,time_stop
S5_macd_cross,10,2001-10-02,2001-10-16,1051.3299560546875,1097.5400390625,95.0225943099669,4186.810768910386,4.186810768910387,time_stop
S5_macd_cross,10,2001-11-02,2001-11-16,1087.199951171875,1138.6500244140625,91.88751323288714,4523.091466788456,4.523091466788465,time_stop
S5_macd_cross,10,2001-12-07,2001-12-21,1158.31005859375,1144.8900146484375,86.24642353653041,-1356.073562992461,-1.3560735629924658,time_stop
S5_macd_cross,10,2001-12-31,2002-01-15,1148.0799560546875,1146.18994140625,87.01493251689631,-364.0952373928247,-0.36409523739282523,time_stop
S5_macd_cross,10,2002-02-14,2002-03-01,1116.47998046875,1131.780029296875,89.47773506709652,1167.84450204086,1.16784450204086,time_stop
S5_macd_cross,10,2002-05-15,2002-05-30,1091.0699462890625,1064.6600341796875,91.56159074849347,-2615.5156304982156,-2.615515630498211,time_stop
S5_macd_cross,10,2002-06-20,2002-07-05,1006.2899780273438,989.030029296875,99.27565819142576,-1911.579477597163,-1.9115794775971584,time_stop
S5_macd_cross,10,2002-07-09,2002-07-23,952.8300170898438,797.7000122070312,104.84566828112447,-16448.244523160378,-16.448244523160373,time_stop
S5_macd_cross,10,2002-07-30,2002-08-13,902.780029296875,884.2100219726562,110.65829621630701,-2252.6706456513534,-2.2526706456513557,time_stop
S5_macd_cross,10,2002-10-14,2002-10-28,841.4400024414062,890.22998046875,118.72516116448416,5587.005206703321,5.587005206703322,time_stop
S5_macd_cross,10,2002-11-22,2002-12-09,930.5499877929688,892.0,107.35597357540985,-4334.233099163691,-4.334233099163686,time_stop
S5_macd_cross,10,2003-01-06,2003-01-21,929.010009765625,887.6199951171875,107.53393273480786,-4646.180419846887,-4.646180419846891,time_stop
S5_macd_cross,10,2003-02-19,2003-03-05,845.1300048828125,829.8499755859375,118.20678395385129,-2004.1971185825132,-2.004197118582518,time_stop
S5_macd_cross,10,2003-03-14,2003-03-28,833.27001953125,863.5,119.88922865159363,3420.824591710435,3.420824591710425,time_stop
S5_macd_cross,10,2003-04-15,2003-04-30,890.8099975585938,916.9199829101562,112.14523879827573,2725.3822319280052,2.7253822319279974,time_stop
S5_macd_cross,10,2003-06-02,2003-06-16,967.0,1010.739990234375,103.30930703216123,4314.42913282589,4.314429132825892,time_stop
S5_macd_cross,10,2003-08-15,2003-08-29,990.6699829101562,1008.010009765625,100.84094766517201,1547.03595610417,1.5470359561041702,time_stop
S5_macd_cross,10,2003-09-17,2003-10-01,1025.969970703125,1018.219970703125,97.37136831756943,-953.6736761568985,-0.9536736761568965,time_stop
S5_macd_cross,10,2003-10-07,2003-10-21,1039.25,1046.030029296875,96.1271108011546,451.29268302814296,0.4512926830281483,time_stop
S5_macd_cross,10,2003-11-03,2003-11-17,1059.02001953125,1043.6300048828125,94.33258867411998,-1650.1283413983942,-1.6501283413983936,time_stop
S5_macd_cross,10,2003-12-01,2003-12-15,1070.1199951171875,1068.0400390625,93.35411015206756,-393.7784739942949,-0.39377847399429955,time_stop
S5_macd_cross,10,2004-02-18,2004-03-03,1151.8199462890625,1151.030029296875,86.73239269901377,-268.24307917545076,-0.2682430791754453,time_stop
S5_macd_cross,10,2004-03-31,2004-04-15,1126.2099609375,1128.8399658203125,88.70468506328898,33.26026128976106,0.03326026128975812,time_stop
S5_macd_cross,10,2004-04-26,2004-05-10,1135.530029296875,1087.1199951171875,87.9766252962579,-4454.492685967989,-4.454492685967992,time_stop
S5_macd_cross,10,2004-05-26,2004-06-10,1114.93994140625,1136.469970703125,89.60132845729613,1727.3899076975933,1.7273899076975852,time_stop
S5_macd_cross,10,2004-08-03,2004-08-17,1099.68994140625,1081.7099609375,90.84387893222949,-1831.5379975382575,-1.8315379975382573,time_stop
S5_macd_cross,10,2004-08-18,2004-09-01,1095.1700439453125,1105.9100341796875,91.21880246122623,778.9091587771309,0.7789091587771413,time_stop
S5_macd_cross,10,2004-10-05,2004-10-19,1134.47998046875,1103.22998046875,88.05805445665308,-2948.8625873688216,-2.948862587368817,time_stop
S5_macd_cross,10,2004-10-29,2004-11-12,1130.199951171875,1184.1700439453125,88.39152735453234,4565.928232978038,4.565928232978034,time_stop
S5_macd_cross,10,2004-12-16,2004-12-31,1203.2099609375,1211.9200439453125,83.02798609002636,522.6572703646241,0.5226572703646237,time_stop
S5_macd_cross,10,2005-02-02,2005-02-16,1193.18994140625,1210.3399658203125,83.72522800716985,1234.6536148913146,1.2346536148913234,time_stop
S5_macd_cross,10,2005-02-28,2005-03-14,1203.5999755859375,1206.8299560546875,83.0010816936636,68.0235810827144,0.06802358108271012,time_stop
S5_macd_cross,10,2005-04-07,2005-04-21,1191.1400146484375,1159.949951171875,83.8693173527423,-2813.0736424362167,-2.8130736424362146,time_stop
S5_macd_cross,10,2005-05-02,2005-05-16,1162.1600341796875,1165.68994140625,85.96070847558835,103.32969292216859,0.10332969292217165,time_stop
S5_macd_cross,10,2005-06-16,2005-06-30,1210.9599609375,1191.3299560546875,82.49661683509282,-1817.5897820972802,-1.8175897820972842,time_stop
S5_macd_cross,10,2005-07-12,2005-07-26,1222.2099609375,1231.1600341796875,81.73726535780418,531.0227572567013,0.5310227572566939,time_stop
S5_macd_cross,10,2005-09-07,2005-09-21,1236.3599853515625,1210.199951171875,80.80178999944991,-2311.4640103775623,-2.311464010377562,time_stop
S5_macd_cross,10,2005-10-03,2005-10-17,1226.699951171875,1190.0999755859375,81.4380890817389,-3177.4516398850783,-3.177451639885076,time_stop
S5_macd_cross,10,2005-10-25,2005-11-08,1196.5400390625,1218.5899658203125,83.49081237463024,1639.3251317128788,1.6393251317128765,time_stop
S5_macd_cross,10,2006-01-09,2006-01-24,1290.1500244140625,1266.8599853515625,77.43293261221366,-2001.4128090373113,-2.0014128090373062,time_stop
S5_macd_cross,10,2006-02-16,2006-03-03,1289.3800048828125,1287.22998046875,77.47917566720722,-366.21573694684605,-0.36621573694685106,time_stop
S5_macd_cross,10,2006-03-15,2006-03-29,1303.02001953125,1302.8900146484375,76.66812359186784,-209.75746299277654,-0.20975746299277676,time_stop
S5_macd_cross,10,2006-04-06,2006-04-21,1309.0400390625,1311.280029296875,76.31554186199357,-29.025077366786725,-0.02902507736678439,time_stop
S5_macd_cross,10,2006-06-05,2006-06-19,1265.2900390625,1240.1300048828125,78.95430835298409,-2184.3068034980583,-2.1843068034980595,time_stop
S5_macd_cross,10,2006-06-22,2006-07-07,1245.5999755859375,1265.47998046875,80.20239391310707,1393.0293588230236,1.393029358823017,time_stop
S5_macd_cross,10,2006-07-26,2006-08-09,1268.4000244140625,1265.949951171875,78.76072057492175,-392.57676428220174,-0.3925767642822042,time_stop
S5_macd_cross,10,2006-08-16,2006-08-30,1295.4300537109375,1305.3699951171875,77.1173245625438,565.9749460707023,0.5659749460707131,time_stop
S5_macd_cross,10,2006-09-15,2006-09-29,1319.6600341796875,1335.8499755859375,75.70139074659384,1024.5752796782392,1.0245752796782304,time_stop
S5_macd_cross,10,2006-11-16,2006-12-01,1399.760009765625,1396.7099609375,71.36944847911974,-417.2628221951529,-0.4172628221951524,time_stop
S5_macd_cross,10,2006-12-06,2006-12-20,1412.9000244140625,1423.530029296875,70.70571036441807,551.050244569889,0.551050244569895,time_stop
S5_macd_cross,10,2007-01-17,2007-01-31,1430.6199951171875,1438.239990234375,69.82993404332834,331.77145288704855,0.331771452887053,time_stop
S5_macd_cross,10,2007-02-02,2007-02-16,1448.3900146484375,1455.5400390625,68.97320396422941,292.86673236789943,0.2928667323679024,time_stop
S5_macd_cross,10,2007-03-21,2007-04-04,1435.0400390625,1439.3699951171875,69.61485197678793,101.32762076305892,0.10132762076306978,time_stop
S5_macd_cross,10,2007-05-23,2007-06-07,1522.280029296875,1490.719970703125,65.62531070334195,-2268.867712179685,-2.2688677121796896,time_stop
S5_macd_cross,10,2007-06-20,2007-07-05,1512.8399658203125,1525.4000244140625,66.0348101300528,628.771483575973,0.6287714835759628,time_stop
S5_macd_cross,10,2007-07-06,2007-07-20,1530.43994140625,1534.0999755859375,65.27541342674732,38.87113419071385,0.03887113419072108,time_stop
S5_macd_cross,10,2007-08-23,2007-09-07,1462.5,1453.550048828125,68.30776061545293,-810.5399708464585,-0.8105399708464578,time_stop
S5_macd_cross,10,2007-11-30,2007-12-14,1481.1400146484375,1467.949951171875,67.44811355583566,-1088.555454076879,-1.0885554540768783,time_stop
S5_macd_cross,10,2007-12-26,2008-01-10,1497.6600341796875,1420.3299560546875,66.70412351279585,-5352.8770472218375,-5.352877047221838,time_stop
S5_macd_cross,10,2008-01-31,2008-02-14,1378.550048828125,1348.8599853515625,72.46751758126068,-2349.213831579745,-2.349213831579744,time_stop
S5_macd_cross,10,2008-03-24,2008-04-07,1349.8800048828125,1372.5400390625,74.00665210147517,1475.516073077347,1.4755160730773431,time_stop
S5_macd_cross,10,2008-04-18,2008-05-02,1390.3299560546875,1413.9000244140625,71.8535189902579,1492.09856230738,1.4920985623073868,time_stop
S5_macd_cross,10,2008-05-16,2008-06-02,1425.3499755859375,1385.6700439453125,70.08811983809987,-2978.1109119919256,-2.978110911991927,time_stop
S5_macd_cross,10,2008-07-18,2008-08-01,1260.6800537109375,1260.31005859375,79.24302411705017,-229.09041226267962,-0.229090412262678,time_stop
S5_macd_cross,10,2008-08-29,2008-09-15,1282.8299560546875,1192.699951171875,77.87477945038036,-7211.635597658793,-7.211635597658795,time_stop
S5_macd_cross,10,2008-10-29,2008-11-12,930.0900268554688,852.2999877929688,107.40906473091758,-8546.80018554378,-8.546800185543779,time_stop
S5_macd_cross,10,2008-11-26,2008-12-11,887.6799926757812,873.5900268554688,112.54066862424791,-1783.908679936645,-1.783908679936641,time_stop
S5_macd_cross,10,2009-02-06,2009-02-23,868.5999755859375,743.3300170898438,115.01278230258941,-14593.039018900274,-14.593039018900278,time_stop
S5_macd_cross,10,2009-03-13,2009-03-27,756.5499877929688,815.9400024414062,132.04692553301282,7634.626373044888,7.634626373044884,time_stop
S5_macd_cross,10,2009-05-04,2009-05-18,907.239990234375,909.7100219726562,110.11430379550605,71.9136395882426,0.07191363958825026,time_stop
S5_macd_cross,10,2009-06-02,2009-06-16,944.739990234375,911.969970703125,105.74348596730438,-3661.5510841507685,-3.6615510841507715,time_stop
S5_macd_cross,10,2009-07-16,2009-07-30,940.739990234375,986.75,106.19310429783143,4681.259620219277,4.68125962021928,time_stop
S5_macd_cross,10,2009-08-26,2009-09-10,1028.1199951171875,1044.1400146484375,97.16774342931932,1355.2723185974403,1.3552723185974447,time_stop
S5_macd_cross,10,2009-09-14,2009-09-28,1049.3399658203125,1062.97998046875,95.20279714306302,1097.4687802558,1.0974687802558059,time_stop
S5_macd_cross,10,2009-10-13,2009-10-27,1073.18994140625,1063.4100341796875,93.08706319889305,-1109.2726590364425,-1.1092726590364421,time_stop
S5_macd_cross,10,2009-11-10,2009-11-24,1093.010009765625,1105.6500244140625,91.39907137860665,954.3301156779098,0.9543301156779149,time_stop
S5_macd_cross,10,2009-12-24,2010-01-11,1126.47998046875,1146.97998046875,88.68342237074603,1616.3919486414898,1.6163919486414935,time_stop
S5_macd_cross,10,2010-02-17,2010-03-03,1099.510009765625,1118.7900390625,90.8587452709002,1550.2073116293664,1.550207311629359,time_stop
S5_macd_cross,10,2010-04-06,2010-04-20,1189.43994140625,1207.1700439453125,83.98919224285517,1287.8476538480247,1.2878476538480177,time_stop
S5_macd_cross,10,2010-06-04,2010-06-18,1064.8800048828125,1117.510009765625,93.81348080725178,4732.666349206133,4.732666349206127,time_stop
S5_macd_cross,10,2010-07-12,2010-07-26,1078.75,1115.010009765625,92.60727684829655,3154.7826223240877,3.1547826223240927,time_stop
S5_macd_cross,10,2010-09-03,2010-09-20,1104.510009765625,1142.7099609375,90.44743734038093,3251.8324025335537,3.25183240253355,time_stop
S5_macd_cross,10,2010-11-05,2010-11-19,1225.8499755859375,1199.72998046875,81.4945563402644,-2326.3089760715616,-2.326308976071567,time_stop
S5_macd_cross,10,2010-12-06,2010-12-20,1223.1199951171875,1247.0799560546875,81.67645063355248,1755.2074023266848,1.7552074023266862,time_stop
S5_macd_cross,10,2011-01-04,2011-01-19,1270.199951171875,1281.9200439453125,78.64911332104288,721.0529299663667,0.7210529299663593,time_stop
S5_macd_cross,10,2011-02-07,2011-02-22,1319.050048828125,1315.43994140625,75.73639831851226,-472.94331694225434,-0.47294331694225367,time_stop
S5_macd_cross,10,2011-03-25,2011-04-08,1313.800048828125,1328.1700439453125,76.03904413704976,891.7878124718507,0.8917878124718559,time_stop
S5_macd_cross,10,2011-04-25,2011-05-09,1335.25,1346.2900390625,74.81752473327086,625.3622074190641,0.6253622074190668,time_stop
S5_macd_cross,10,2011-06-22,2011-07-07,1287.1400146484375,1353.219970703125,77.61401150082813,4923.801538933349,4.923801538933348,time_stop
S5_macd_cross,10,2011-07-21,2011-08-04,1343.800048828125,1200.0699462890625,74.34149149437735,-10874.225284998483,-10.874225284998484,time_stop
S5_macd_cross,10,2011-08-25,2011-09-09,1159.27001953125,1154.22998046875,86.17500514719983,-633.6912665610508,-0.6336912665610539,time_stop
S5_macd_cross,10,2011-10-10,2011-10-24,1194.8900146484375,1254.18994140625,83.60610489283626,4753.077860954349,4.753077860954358,time_stop
S5_macd_cross,10,2011-12-02,2011-12-16,1244.280029296875,1219.6600341796875,80.28747351715677,-2174.500728557948,-2.1745007285579487,time_stop
S5_macd_cross,10,2011-12-23,2012-01-10,1265.3299560546875,1292.0799560546875,78.95181760462663,1910.0489600026463,1.9100489600026416,time_stop
S5_macd_cross,10,2012-02-06,2012-02-21,1344.3299560546875,1362.2099609375,74.3121876070401,1127.5733751889097,1.1275733751889172,time_stop
S5_macd_cross,10,2012-03-15,2012-03-29,1402.5999755859375,1403.280029296875,71.22494056679741,-151.4118514415848,-0.1514118514415852,time_stop
S5_macd_cross,10,2012-04-27,2012-05-11,1403.3599853515625,1353.3900146484375,71.18636767676787,-3753.4237263629057,-3.7534237263629033,time_stop
S5_macd_cross,10,2012-06-08,2012-06-22,1325.6600341796875,1335.02001953125,75.35876267245067,504.8513580111112,0.5048513580111047,time_stop
S5_macd_cross,10,2012-07-17,2012-07-31,1363.6700439453125,1379.3199462890625,73.25826386203599,945.5379908380277,0.9455379908380301,time_stop
S5_macd_cross,10,2012-09-10,2012-09-24,1429.0799560546875,1456.8900146484375,69.90518583431658,1742.32304694508,1.7423230469450823,time_stop
S5_macd_cross,10,2012-11-23,2012-12-07,1409.1500244140625,1418.0699462890625,70.89387089329917,431.9352221945876,0.43193522219457936,time_stop
S5_macd_cross,10,2013-01-03,2013-01-17,1459.3699951171875,1480.93994140625,68.45426467198124,1275.2780576194928,1.2752780576194889,time_stop
S5_macd_cross,10,2013-03-06,2013-03-20,1541.4599609375,1558.7099609375,64.80875431843309,917.0328611807913,0.9170328611807887,time_stop
S5_macd_cross,10,2013-04-11,2013-04-25,1593.3699951171875,1585.1600341796875,62.6973648344323,-714.0283730588801,-0.7140283730588837,time_stop
S5_macd_cross,10,2013-04-26,2013-05-10,1582.239990234375,1633.699951171875,63.138399052410406,3046.0502495442443,3.046050249544252,time_stop
S5_macd_cross,10,2013-07-05,2013-07-19,1631.8900146484375,1692.0899658203125,61.217422132227256,3481.8003376047286,3.4818003376047235,time_stop
S5_macd_cross,10,2013-08-05,2013-08-19,1707.1400146484375,1646.06005859375,58.51898440836031,-3770.562858831757,-3.770562858831761,time_stop
S5_macd_cross,10,2013-09-09,2013-09-23,1671.7099609375,1701.8399658203125,59.75922991095634,1598.9451433210377,1.59894514332104,time_stop
S5_macd_cross,10,2013-10-15,2013-10-29,1698.06005859375,1771.949951171875,58.83190019959145,4142.935503328691,4.142935503328693,time_stop
S5_macd_cross,10,2013-11-15,2013-12-02,1798.1800537109375,1800.9000244140625,55.55622736106667,-48.84000031272541,-0.048840000312722065,time_stop
S5_macd_cross,10,2013-12-23,2014-01-08,1827.989990234375,1837.489990234375,54.6502444946601,318.85794557638604,0.3188579455763785,time_stop
S5_macd_cross,10,2014-02-12,2014-02-27,1819.260009765625,1854.2900390625,54.91249154263003,1721.8624015150338,1.7218624015150397,time_stop
S5_macd_cross,10,2014-04-03,2014-04-17,1888.77001953125,1864.8499755859375,52.89161669608291,-1463.7048257134022,-1.4637048257133967,time_stop
S5_macd_cross,10,2014-04-22,2014-05-06,1879.550048828125,1867.719970703125,53.151071961284735,-827.9527521959533,-0.8279527521959484,time_stop
S5_macd_cross,10,2014-05-13,2014-05-28,1897.449951171875,1909.780029296875,52.64966268986493,448.72507996652513,0.44872507996651656,time_stop
S5_macd_cross,10,2014-06-19,2014-07-03,1959.47998046875,1985.43994140625,50.98296532542356,1122.3920727373984,1.1223920727373882,time_stop
S5_macd_cross,10,2014-07-07,2014-07-21,1977.6500244140625,1973.6300048828125,50.51454942322177,-402.6666056185393,-0.4026666056185402,time_stop
S5_macd_cross,10,2014-08-18,2014-09-02,1971.739990234375,2002.280029296875,50.6659602152843,1345.9928639095497,1.3459928639095509,time_stop
S5_macd_cross,10,2014-10-23,2014-11-06,1950.8199462890625,2031.2099609375,51.20928771009051,3912.798473960883,3.912798473960888,time_stop
S5_macd_cross,10,2014-12-23,2015-01-08,2082.169921875,2062.139892578125,47.978841136144915,-1159.8567757937108,-1.1598567757937106,time_stop
S5_macd_cross,10,2015-01-23,2015-02-06,2051.820068359375,2055.469970703125,48.68852851214167,-22.269533844313912,-0.022269533844310185,time_stop
S5_macd_cross,10,2015-03-23,2015-04-07,2104.419921875,2076.330078125,47.47156157459806,-1531.9354782519638,-1.5319354782519667,time_stop
S5_macd_cross,10,2015-04-10,2015-04-24,2102.06005859375,2117.68994140625,47.524855197016464,542.2649096928006,0.5422649096928023,time_stop
S5_macd_cross,10,2015-05-05,2015-05-19,2089.4599609375,2127.830078125,47.81144495120006,1632.8960151353756,1.6328960151353655,time_stop
S5_macd_cross,10,2015-06-19,2015-07-06,2109.989990234375,2068.760009765625,47.34624351891031,-2149.9328106580015,-2.1499328106580062,time_stop
S5_macd_cross,10,2015-07-15,2015-07-29,2107.39990234375,2108.570068359375,47.404434150820535,-144.38461302478697,-0.1443846130247839,time_stop
S5_macd_cross,10,2015-07-31,2015-08-14,2103.840087890625,2091.5400390625,47.484645090237265,-783.2795895431162,-0.7832795895431177,time_stop
S5_macd_cross,10,2015-08-19,2015-09-02,2079.610107421875,1948.8599853515625,48.03789880784318,-6474.480371793877,-6.474480371793878,time_stop
S5_macd_cross,10,2015-09-11,2015-09-25,1961.050048828125,1931.3399658203125,50.94214701955095,-1711.7821209306926,-1.7117821209306938,time_stop
S5_macd_cross,10,2015-10-05,2015-10-19,1987.050048828125,2033.6600341796875,50.275583123342365,2141.2006489271325,2.141200648927133,time_stop
S5_macd_cross,10,2015-12-28,2016-01-12,2056.5,1938.6800537109375,48.57772910289322,-5917.502208113941,-5.917502208113945,time_stop
S5_macd_cross,10,2016-01-29,2016-02-12,1940.239990234375,1864.780029296875,51.48852740017604,-4081.237143880532,-4.081237143880534,time_stop
S5_macd_cross,10,2016-02-17,2016-03-02,1926.8199462890625,1986.449951171875,51.84713812647695,2888.7532547418496,2.8887532547418493,time_stop
S5_macd_cross,10,2016-04-19,2016-05-03,2100.800048828125,2063.3701171875,47.55335947170532,-1977.9392751138635,-1.9779392751138603,time_stop
S5_macd_cross,10,2016-05-26,2016-06-10,2090.10009765625,2096.070068359375,47.796801699652406,85.25996054395755,0.08525996054395968,time_stop
S5_macd_cross,10,2016-07-05,2016-07-19,2088.550048828125,2163.780029296875,47.83227481484265,3395.0224791962014,3.395022479196208,time_stop
S5_macd_cross,10,2016-09-23,2016-10-07,2164.68994140625,2153.739990234375,46.14984251980295,-704.6333834595694,-0.7046333834595742,time_stop
S5_macd_cross,10,2016-10-25,2016-11-08,2143.159912109375,2139.56005859375,46.613460496176714,-367.4340278131628,-0.3674340278131627,time_stop
S5_macd_cross,10,2016-11-09,2016-11-23,2163.260009765625,2204.719970703125,46.180347923559786,1712.9205857697646,1.7129205857697727,time_stop
S5_macd_cross,10,2017-01-27,2017-02-10,2294.68994140625,2316.10009765625,43.53533699584631,731.3660693098166,0.7313660693098134,time_stop
S5_macd_cross,10,2017-04-25,2017-05-09,2388.610107421875,2396.919921875,41.82352724276386,147.39800561122908,0.14739800561123229,time_stop
S5_macd_cross,10,2017-05-26,2017-06-12,2415.820068359375,2429.389892578125,41.35245882278964,360.78425184092913,0.3607842518409399,time_stop
S5_macd_cross,10,2017-06-20,2017-07-05,2437.030029296875,2432.5400390625,40.99256008302975,-383.6723380605751,-0.38367233806057,time_stop
S5_macd_cross,10,2017-07-14,2017-07-28,2459.27001953125,2472.10009765625,40.621850836510184,320.86013849453565,0.32086013849452755,time_stop
S5_macd_cross,10,2017-09-01,2017-09-18,2476.550048828125,2503.8701171875,40.33841349072331,901.1459660610299,0.9011459660610344,time_stop
S5_macd_cross,10,2017-11-09,2017-11-24,2584.6201171875,2602.419921875,38.651753592635494,487.505471313324,0.487505471313332,time_stop
S5_macd_cross,10,2017-11-29,2017-12-13,2626.070068359375,2662.85009765625,38.04167341296876,1197.974488968316,1.197974488968323,time_stop
S5_macd_cross,10,2018-01-05,2018-01-22,2743.14990234375,2832.969970703125,36.4180243357263,3067.9981661127827,3.067998166112784,time_stop
S5_macd_cross,10,2018-02-26,2018-03-12,2779.60009765625,2783.02001953125,35.94045776021355,-77.00955566621215,-0.0770095556662076,time_stop
S5_macd_cross,10,2018-04-11,2018-04-25,2642.18994140625,2639.39990234375,37.80958300330603,-305.18492310273496,-0.3051849231027304,time_stop
S5_macd_cross,10,2018-05-08,2018-05-22,2671.919921875,2724.43994140625,37.38888245946973,1761.9009723857528,1.7619009723857548,time_stop
S5_macd_cross,10,2018-06-05,2018-06-19,2748.800048828125,2762.590087890625,36.34316724590047,300.8723224797696,0.3008723224797727,time_stop
S5_macd_cross,10,2018-07-10,2018-07-24,2793.840087890625,2820.39990234375,35.75727198313824,748.9566029126617,0.7489566029126538,time_stop
S5_macd_cross,10,2018-08-07,2018-08-21,2858.449951171875,2862.9599609375,34.94904637359279,-42.33727989645571,-0.04233727989645386,time_stop
S5_macd_cross,10,2018-08-27,2018-09-11,2896.739990234375,2887.889892578125,34.48707865976505,-504.7089998038668,-0.5047089998038712,time_stop
S5_macd_cross,10,2018-09-21,2018-10-05,2929.669921875,2885.570068359375,34.099438695866276,-1702.0766710014789,-1.7020766710014734,time_stop
S5_macd_cross,10,2018-11-05,2018-11-19,2738.31005859375,2690.72998046875,36.4823916074001,-1933.899407624268,-1.9338994076242733,time_stop
S5_macd_cross,10,2018-11-29,2018-12-14,2737.800048828125,2599.949951171875,36.48918771217813,-5224.80825123166,-5.224808251231661,time_stop
S5_macd_cross,10,2019-01-03,2019-01-17,2447.889892578125,2635.9599609375,40.81069994324166,7467.79565719109,7.46779565719109,time_stop
S5_macd_cross,10,2019-03-19,2019-04-02,2832.570068359375,2867.239990234375,35.2683596483677,1021.7283225944564,1.0217283225944618,time_stop
S5_macd_cross,10,2019-04-03,2019-04-17,2873.39990234375,2900.449951171875,34.76721072434584,739.7140931633608,0.7397140931633572,time_stop
S5_macd_cross,10,2019-04-24,2019-05-08,2927.25,2879.419921875,34.12762828596803,-1830.4949998118648,-1.8304949998118603,time_stop
S5_macd_cross,10,2019-06-07,2019-06-21,2873.340087890625,2950.4599609375,34.767934474974915,2478.817194319121,2.4788171943191273,time_stop
S5_macd_cross,10,2019-08-22,2019-09-06,2922.949951171875,2978.7099609375,34.17783457429634,1704.0504334408568,1.7040504334408624,time_stop
S5_macd_cross,10,2019-10-16,2019-10-30,2989.68994140625,3046.77001953125,33.41486972161074,1705.6158510717933,1.7056158510717845,time_stop
S5_macd_cross,10,2019-11-29,2019-12-13,3140.97998046875,3168.800048828125,31.805392113703043,684.1431548169658,0.6841431548169741,time_stop
S5_macd_cross,10,2019-12-16,2019-12-31,3191.449951171875,3230.780029296875,31.30241784409541,1030.0952129701718,1.0300952129701724,time_stop
S5_macd_cross,10,2020-01-10,2020-01-27,3265.35009765625,3243.6298828125,30.59399357263547,-863.6438050128064,-0.8636438050128037,time_stop
S5_macd_cross,10,2020-02-10,2020-02-25,3352.090087890625,3128.2099609375,29.80233146507235,-6865.277801947798,-6.8652778019478,time_stop
S5_macd_cross,10,2020-03-27,2020-04-13,2541.469970703125,2761.6298828125,39.30799932783053,8445.591431733135,8.445591431733135,time_stop
S5_macd_cross,10,2020-05-21,2020-06-05,2948.510009765625,3193.929931640625,33.88155358782075,8107.092826491879,8.10709282649189,time_stop
S5_macd_cross,10,2020-07-09,2020-07-23,3152.050048828125,3235.659912109375,31.693690884521633,2447.455056771131,2.4474550567711306,time_stop
S5_macd_cross,10,2020-08-04,2020-08-18,3306.510009765625,3389.780029296875,30.213155140933967,2313.5339688673807,2.313533968867376,time_stop
S5_macd_cross,10,2020-08-25,2020-09-09,3443.6201171875,3398.9599609375,29.010197553872782,-1494.1045554439177,-1.4941045554439203,time_stop
S5_macd_cross,10,2020-10-02,2020-10-16,3348.419921875,3483.81005859375,29.83499747073518,3835.524822379635,3.8355248223796323,time_stop
S5_macd_cross,10,2020-11-06,2020-11-20,3509.43994140625,3557.5400390625,28.466108999736704,1168.0532003578144,1.1680532003578215,time_stop
S5_macd_cross,10,2021-01-08,2021-01-25,3824.679931640625,3855.360107421875,26.11985883410825,600.7602987512761,0.6007602987512684,time_stop
S5_macd_cross,10,2021-02-08,2021-02-23,3915.590087890625,3881.3701171875,25.513421389294937,-1071.9956637458622,-1.0719956637458616,time_stop
S5_macd_cross,10,2021-03-12,2021-03-26,3943.340087890625,3974.5400390625,25.333878811740675,589.8251663383983,0.5898251663384091,time_stop
S5_macd_cross,10,2021-03-29,2021-04-13,3971.090087890625,4141.58984375,25.156845523281778,4085.146584091451,4.085146584091448,time_stop
S5_macd_cross,10,2021-05-28,2021-06-14,4204.10986328125,4255.14990234375,23.762485555534283,1011.8251529853934,1.0118251529853906,time_stop
S5_macd_cross,10,2021-06-28,2021-07-13,4290.60986328125,4369.2099609375,23.2834266184484,1628.449326575985,1.6284493265759759,time_stop
S5_macd_cross,10,2021-07-27,2021-08-10,4401.4599609375,4436.75,22.697037071040725,600.3781457150072,0.6003781457150081,time_stop
S5_macd_cross,10,2021-08-13,2021-08-27,4468.0,4509.3701171875,22.35901967325423,724.2700690158747,0.7242700690158754,time_stop
S5_macd_cross,10,2021-08-30,2021-09-14,4528.7900390625,4443.0498046875,22.058894106024866,-2089.243615753371,-2.0892436157533667,time_stop
S5_macd_cross,10,2021-10-11,2021-10-25,4361.18994140625,4566.47998046875,22.906615222515967,4497.997234085953,4.497997234085949,time_stop
S5_macd_cross,10,2021-12-13,2021-12-28,4668.97021484375,4786.35009765625,21.39660252757537,2309.218966774973,2.309218966774984,time_stop
S5_macd_cross,10,2022-02-03,2022-02-17,4477.43994140625,4380.259765625,22.311879379162335,-2365.9042875171467,-2.365904287517151,time_stop
S5_macd_cross,10,2022-03-03,2022-03-17,4363.490234375,4411.669921875,22.89453958510096,902.1485111036887,0.9021485111036842,time_stop
S5_macd_cross,10,2022-05-26,2022-06-10,4057.840087890625,3900.860107421875,24.619033213807764,-4060.6308575101825,-4.0606308575101835,time_stop
S5_macd_cross,10,2022-06-28,2022-07-13,3821.550048828125,3801.780029296875,26.141251226248936,-716.096434067129,-0.7160964340671261,time_stop
S5_macd_cross,10,2022-10-06,2022-10-20,3744.52001953125,3665.780029296875,26.679013432703105,-2298.404751696834,-2.2984047516968364,time_stop
S5_macd_cross,10,2023-01-10,2023-01-25,3919.25,4016.219970703125,25.48959619827771,2269.453471384703,2.269453471384697,time_stop
S5_macd_cross,10,2023-03-22,2023-04-05,3936.969970703125,4090.3798828125,25.374869669696313,3689.063569488951,3.6890635694889484,time_stop
S5_macd_cross,10,2023-05-19,2023-06-05,4191.97998046875,4273.7900390625,23.83124451107923,1747.8856745033847,1.747885674503391,time_stop
S5_macd_cross,10,2023-07-05,2023-07-19,4446.81982421875,4565.72021484375,22.46551554799077,2468.687215873665,2.468687215873655,time_stop
S5_macd_cross,10,2023-08-30,2023-09-14,4514.8701171875,4505.10009765625,22.12690449716233,-415.76430861447807,-0.41576430861447466,time_stop
S5_macd_cross,10,2023-10-10,2023-10-24,4358.240234375,4247.68017578125,22.922118682708696,-2731.536713668699,-2.731536713668703,time_stop
S5_macd_cross,10,2023-11-03,2023-11-17,4358.33984375,4514.02001953125,22.921594800221897,3365.069269977263,3.365069269977261,time_stop
S5_macd_cross,10,2023-12-13,2023-12-28,4707.08984375,4783.35009765625,21.223325497546153,1417.0774951864805,1.4170774951864695,time_stop
S5_macd_cross,10,2024-01-23,2024-02-06,4864.60009765625,4954.22998046875,20.53613820141793,1639.0108089537825,1.6390108089537891,time_stop
S5_macd_cross,10,2024-02-16,2024-03-04,5005.56982421875,5130.9501953125,19.957787706156296,2300.012314179147,2.300012314179156,time_stop
S5_macd_cross,10,2024-03-22,2024-04-08,5234.18017578125,5202.39013671875,19.086102607308298,-805.9413992899496,-0.8059413992899445,time_stop
S5_macd_cross,10,2024-05-06,2024-05-20,5180.740234375,5308.1298828125,19.28297798782644,2254.1951351103617,2.2541951351103595,time_stop
S5_macd_cross,10,2024-06-07,2024-06-24,5346.990234375,5447.8701171875,18.68342666082633,1683.0969103878372,1.683096910387838,time_stop
S5_macd_cross,10,2024-07-08,2024-07-22,5572.85009765625,5564.41015625,17.92621336470444,-350.9450940438003,-0.3509450940437975,time_stop
S5_macd_cross,10,2024-08-15,2024-08-29,5543.22021484375,5591.9599609375,18.0220334080514,677.7107432689086,0.6777107432689,time_stop
S5_macd_cross,10,2024-09-16,2024-09-30,5633.08984375,5762.47998046875,17.73451208326468,2092.57607235066,2.0925760723506492,time_stop
S5_macd_cross,10,2024-10-11,2024-10-25,5815.02978515625,5808.1201171875,17.17963683610188,-318.38708057498707,-0.3183870805749889,time_stop
S5_macd_cross,10,2024-11-08,2024-11-22,5995.5400390625,5969.33984375,16.662402260551147,-635.9218352084721,-0.635921835208475,time_stop
S5_macd_cross,10,2024-11-26,2024-12-11,6021.6298828125,6084.18994140625,16.59020926962717,837.0463797262709,0.8370463797262806,time_stop
S5_macd_cross,10,2025-01-21,2025-02-04,6049.240234375,6037.8798828125,16.514487114003906,-387.22296891015776,-0.3872229689101614,time_stop
S5_macd_cross,10,2025-02-14,2025-03-03,6114.6298828125,5849.72021484375,16.337881738501828,-4523.534963632749,-4.523534963632747,time_stop
S5_macd_cross,10,2025-03-24,2025-04-07,5767.56982421875,5062.25,17.321003983446694,-12404.430837212185,-12.404430837212189,time_stop
S5_macd_cross,10,2025-04-16,2025-05-01,5275.7001953125,5604.14013671875,18.935894042815757,6013.28442616728,6.013284426167287,time_stop
S5_macd_cross,10,2025-06-27,2025-07-14,6173.06982421875,6268.56005859375,16.18321236350879,1343.9932029901306,1.3439932029901236,time_stop
S5_macd_cross,10,2025-07-29,2025-08-12,6370.85986328125,6445.759765625,15.68078753009132,973.514765422078,0.9735147654220677,time_stop
S5_macd_cross,10,2025-08-14,2025-08-28,6468.5400390625,6501.85986328125,15.443994981374292,314.2764070164432,0.314276407016445,time_stop
S5_macd_cross,10,2025-09-11,2025-09-25,6587.47021484375,6604.72021484375,15.165169122889077,61.537368402276186,0.06153736840228685,time_stop
S5_macd_cross,10,2025-10-02,2025-10-16,6715.35009765625,6629.06982421875,14.876380002133683,-1482.054796010103,-1.4820547960101016,time_stop
S5_macd_cross,10,2025-10-27,2025-11-10,6875.16015625,6832.43017578125,14.530585125247411,-820.0709267829133,-0.820070926782912,time_stop
S5_macd_cross,10,2025-12-01,2025-12-15,6812.6298828125,6816.509765625,14.66395527403252,-142.96266619723082,-0.14296266619723275,time_stop
S5_macd_cross,10,2025-12-24,2026-01-09,6932.0498046875,6966.27978515625,14.411336143682462,293.0062551719339,0.2930062551719237,time_stop
S5_macd_cross,10,2026-01-29,2026-02-12,6969.009765625,6832.759765625,14.334905999538458,-2150.978011294866,-2.1509780112948684,time_stop
S5_macd_cross,10,2026-02-26,2026-03-12,6908.85986328125,6672.6201171875,14.459708530352792,-3612.3421137285695,-3.6123421137285727,time_stop
S5_macd_cross,10,2026-04-06,2026-04-20,6611.830078125,7109.14013671875,15.109296324873164,7306.690835792184,7.3066908357921845,time_stop
S5_macd_cross,10,2026-07-07,2026-07-21,7503.85009765625,7509.2001953125,13.313179048086619,-128.644618585805,-0.12864461858580478,time_stop
S5_macd_cross,20,2000-01-19,2000-02-16,1455.9000244140625,1387.6700439453125,68.61741755949583,-4876.883494640752,-4.876883494640749,time_stop
S5_macd_cross,20,2000-03-03,2000-03-31,1409.1700439453125,1498.5799560546875,70.89286373162277,6132.385990910675,6.132385990910683,time_stop
S5_macd_cross,20,2000-05-02,2000-05-31,1446.2900390625,1420.5999755859375,69.07335126559826,-1972.5244795737585,-1.9725244795737562,time_stop
S5_macd_cross,20,2000-06-01,2000-06-29,1448.81005859375,1442.3900146484375,68.95320701808583,-642.0401364073081,-0.642040136407307,time_stop
S5_macd_cross,20,2000-07-11,2000-08-08,1480.8800048828125,1482.800048828125,67.45995595234292,-70.4036459028193,-0.07040364590281678,time_stop
S5_macd_cross,20,2000-08-09,2000-09-07,1472.8699951171875,1502.510009765625,67.82682805087047,1808.5775890076748,1.808577589007676,time_stop
S5_macd_cross,20,2000-10-23,2000-11-20,1395.780029296875,1342.6199951171875,71.57295404951785,-4000.8160627301518,-4.00081606273015,time_stop
S5_macd_cross,20,2000-12-06,2001-01-05,1351.4599609375,1298.3499755859375,73.9201328841439,-4121.771477287963,-4.121771477287961,time_stop
S5_macd_cross,20,2001-03-09,2001-04-06,1233.4200439453125,1128.4300537109375,80.994386616705,-8694.89645986731,-8.694896459867307,time_stop
S5_macd_cross,20,2001-05-18,2001-06-18,1291.9599609375,1208.4300537109375,77.32445503002138,-6652.245850247391,-6.652245850247396,time_stop
S5_macd_cross,20,2001-07-03,2001-08-01,1234.449951171875,1215.9300537109375,80.9268126304058,-1697.0577152840458,-1.697057715284045,time_stop
S5_macd_cross,20,2001-08-28,2001-10-02,1161.510009765625,1051.3299560546875,86.00881530091868,-9666.779633380043,-9.66677963338004,time_stop
S5_macd_cross,20,2001-11-02,2001-12-03,1087.199951171875,1129.9000244140625,91.88751323288714,3719.879741741478,3.719879741741483,time_stop
S5_macd_cross,20,2001-12-07,2002-01-08,1158.31005859375,1160.7099609375,86.24642353653041,6.975811191203874,0.006975811191201053,time_stop
S5_macd_cross,20,2002-02-14,2002-03-15,1116.47998046875,1166.1600341796875,89.47773506709652,4241.013225582124,4.241013225582124,time_stop
S5_macd_cross,20,2002-05-15,2002-06-13,1091.0699462890625,1009.5599975585938,91.56159074849347,-7655.517586822469,-7.655517586822469,time_stop
S5_macd_cross,20,2002-06-20,2002-07-19,1006.2899780273438,847.75,99.27565819142576,-15923.221707450599,-15.923221707450598,time_stop
S5_macd_cross,20,2002-07-30,2002-08-27,902.780029296875,934.8200073242188,110.65829621630701,3342.1436901342713,3.3421436901342805,time_stop
S5_macd_cross,20,2002-10-14,2002-11-11,841.4400024414062,876.1900024414062,118.72516116448416,3921.77345131517,3.921773451315169,time_stop
S5_macd_cross,20,2002-11-22,2002-12-23,930.5499877929688,897.3800048828125,107.35597357540985,-3757.235012790929,-3.757235012790927,time_stop
S5_macd_cross,20,2003-01-06,2003-02-04,929.010009765625,848.2000122070312,107.53393273480786,-8880.927224724232,-8.880927224724234,time_stop
S5_macd_cross,20,2003-02-19,2003-03-19,845.1300048828125,874.02001953125,118.20678395385129,3211.7805244512824,3.21178052445128,time_stop
S5_macd_cross,20,2003-04-15,2003-05-14,890.8099975585938,939.280029296875,112.14523879827573,5230.447400765515,5.2304474007655255,time_stop
S5_macd_cross,20,2003-06-02,2003-06-30,967.0,974.5,103.30930703216123,574.244783138278,0.574244783138278,time_stop
S5_macd_cross,20,2003-08-15,2003-09-15,990.6699829101562,1014.8099975585938,100.84094766517201,2232.0674520455837,2.232067452045583,time_stop
S5_macd_cross,20,2003-09-17,2003-10-15,1025.969970703125,1046.760009765625,97.37136831756943,1822.5299965402578,1.8225299965402675,time_stop
S5_macd_cross,20,2003-11-03,2003-12-02,1059.02001953125,1066.6199951171875,94.33258867411998,516.4082457105279,0.5164082457105312,time_stop
S5_macd_cross,20,2004-02-18,2004-03-17,1151.8199462890625,1123.75,86.73239269901377,-2631.9392307787953,-2.6319392307787903,time_stop
S5_macd_cross,20,2004-03-31,2004-04-29,1126.2099609375,1113.8900146484375,88.70468506328898,-1291.5443184125388,-1.2915443184125408,time_stop
S5_macd_cross,20,2004-05-26,2004-06-25,1114.93994140625,1134.4300537109375,89.60132845729613,1544.7934145274153,1.5447934145274234,time_stop
S5_macd_cross,20,2004-08-03,2004-08-31,1099.68994140625,1104.239990234375,90.84387893222949,213.13054099285745,0.21313054099285633,time_stop
S5_macd_cross,20,2004-10-05,2004-11-02,1134.47998046875,1130.56005859375,88.05805445665308,-544.635713040827,-0.5446357130408308,time_stop
S5_macd_cross,20,2004-12-16,2005-01-14,1203.2099609375,1184.52001953125,83.02798609002636,-1750.036606706612,-1.7500366067066175,time_stop
S5_macd_cross,20,2005-02-02,2005-03-03,1193.18994140625,1210.469970703125,83.72522800716985,1245.5274186583865,1.2455274186583765,time_stop
S5_macd_cross,20,2005-04-07,2005-05-05,1191.1400146484375,1172.6300048828125,83.8693173527423,-1750.6696611525142,-1.7506696611525152,time_stop
S5_macd_cross,20,2005-06-16,2005-07-15,1210.9599609375,1227.9200439453125,82.49661683509282,1197.9501201173114,1.1979501201173193,time_stop
S5_macd_cross,20,2005-09-07,2005-10-05,1236.3599853515625,1196.3900146484375,80.80178999944991,-3426.21573365921,-3.4262157336592103,time_stop
S5_macd_cross,20,2005-10-25,2005-11-22,1196.5400390625,1261.22998046875,83.49081237463024,5195.814544914395,5.195814544914401,time_stop
S5_macd_cross,20,2006-01-09,2006-02-07,1290.1500244140625,1254.780029296875,77.43293261221366,-2935.863845755283,-2.935863845755282,time_stop
S5_macd_cross,20,2006-02-16,2006-03-17,1289.3800048828125,1307.25,77.47917566720722,1183.3677385656633,1.183367738565666,time_stop
S5_macd_cross,20,2006-04-06,2006-05-05,1309.0400390625,1325.760009765625,76.31554186199357,1074.9174307013197,1.0749174307013165,time_stop
S5_macd_cross,20,2006-06-05,2006-07-03,1265.2900390625,1280.18994140625,78.95430835298409,975.4348727935221,0.9754348727935236,time_stop
S5_macd_cross,20,2006-07-26,2006-08-23,1268.4000244140625,1292.989990234375,78.76072057492175,1734.9865036933923,1.734986503693392,time_stop
S5_macd_cross,20,2006-09-15,2006-10-13,1319.6600341796875,1365.6199951171875,75.70139074659384,3275.953528866056,3.275953528866049,time_stop
S5_macd_cross,20,2006-11-16,2006-12-15,1399.760009765625,1427.0899658203125,71.36944847911974,1748.7731668908473,1.748773166890838,time_stop
S5_macd_cross,20,2007-01-17,2007-02-14,1430.6199951171875,1455.300048828125,69.82993404332834,1521.8829164975584,1.5218829164975523,time_stop
S5_macd_cross,20,2007-02-15,2007-03-16,1456.81005859375,1386.949951171875,68.57455391029691,-4985.635276678107,-4.985635276678102,time_stop
S5_macd_cross,20,2007-03-21,2007-04-19,1435.0400390625,1470.72998046875,69.61485197678793,2282.2652382680726,2.2822652382680664,time_stop
S5_macd_cross,20,2007-05-23,2007-06-21,1522.280029296875,1522.18994140625,65.62531070334195,-205.7063335672497,-0.205706333567246,time_stop
S5_macd_cross,20,2007-07-06,2007-08-03,1530.43994140625,1433.06005859375,65.27541342674732,-6549.9557977242985,-6.549955797724294,time_stop
S5_macd_cross,20,2007-08-23,2007-09-21,1462.5,1525.75,68.30776061545293,4116.345193268279,4.116345193268289,time_stop
S5_macd_cross,20,2007-11-30,2007-12-31,1481.1400146484375,1468.3599853515625,67.44811355583566,-1060.9270781954497,-1.0609270781954505,time_stop
S5_macd_cross,20,2008-01-31,2008-02-29,1378.550048828125,1330.6300048828125,72.46751758126068,-3668.974180274801,-3.6689741802747977,time_stop
S5_macd_cross,20,2008-03-24,2008-04-21,1349.8800048828125,1388.1700439453125,74.00665210147517,2631.083682450293,2.631083682450286,time_stop
S5_macd_cross,20,2008-05-16,2008-06-16,1425.3499755859375,1360.1400146484375,70.08811983809987,-4765.67331306868,-4.765673313068675,time_stop
S5_macd_cross,20,2008-07-18,2008-08-15,1260.6800537109375,1298.199951171875,79.24302411705017,2770.416749426765,2.770416749426774,time_stop
S5_macd_cross,20,2008-08-29,2008-09-29,1282.8299560546875,1106.4200439453125,77.87477945038036,-13923.945315180361,-13.923945315180363,time_stop
S5_macd_cross,20,2008-10-29,2008-11-26,930.0900268554688,887.6799926757812,107.40906473091758,-4750.467084140226,-4.750467084140231,time_stop
S5_macd_cross,20,2009-02-06,2009-03-09,868.5999755859375,676.530029296875,115.01278230258941,-22268.20862029476,-22.26820862029476,time_stop
S5_macd_cross,20,2009-03-13,2009-04-13,756.5499877929688,858.72998046875,132.04692553301282,13279.261130138664,13.279261130138664,time_stop
S5_macd_cross,20,2009-05-04,2009-06-02,907.239990234375,944.739990234375,110.11430379550605,3925.356906138959,3.925356906138955,time_stop
S5_macd_cross,20,2009-07-16,2009-08-13,940.739990234375,1012.72998046875,106.19310429783143,7437.3955010172995,7.4373955010172965,time_stop
S5_macd_cross,20,2009-08-26,2009-09-24,1028.1199951171875,1050.780029296875,97.16774342931932,1999.8223630840162,1.999822363084025,time_stop
S5_macd_cross,20,2009-10-13,2009-11-10,1073.18994140625,1093.010009765625,93.08706319889305,1643.3467642193693,1.6433467642193778,time_stop
S5_macd_cross,20,2009-12-24,2010-01-26,1126.47998046875,1092.1700439453125,88.68342237074603,-3239.4800694294704,-3.239480069429468,time_stop
S5_macd_cross,20,2010-02-17,2010-03-17,1099.510009765625,1166.2099609375,90.8587452709002,5854.413399433576,5.854413399433578,time_stop
S5_macd_cross,20,2010-04-06,2010-05-04,1189.43994140625,1173.5999755859375,83.98919224285517,-1528.8557482682604,-1.5288557482682652,time_stop
S5_macd_cross,20,2010-06-04,2010-07-02,1064.8800048828125,1022.5800170898438,93.81348080725178,-4164.140983669887,-4.164140983669884,time_stop
S5_macd_cross,20,2010-07-12,2010-08-09,1078.75,1127.7900390625,92.60727684829655,4337.122809837905,4.337122809837912,time_stop
S5_macd_cross,20,2010-09-03,2010-10-04,1104.510009765625,1137.030029296875,90.44743734038093,2738.610876631633,2.738610876631631,time_stop
S5_macd_cross,20,2010-11-05,2010-12-06,1225.8499755859375,1223.1199951171875,81.4945563402644,-422.05626837144337,-0.42205626837144017,time_stop
S5_macd_cross,20,2011-01-04,2011-02-02,1270.199951171875,1304.030029296875,78.64911332104288,2458.244742664562,2.4582447426645615,time_stop
S5_macd_cross,20,2011-02-07,2011-03-08,1319.050048828125,1321.8199462890625,75.73639831851226,9.772075545419247,0.009772075545422254,time_stop
S5_macd_cross,20,2011-03-25,2011-04-25,1313.800048828125,1335.25,76.03904413704976,1429.6025503116769,1.4296025503116816,time_stop
S5_macd_cross,20,2011-06-22,2011-07-21,1287.1400146484375,1343.800048828125,77.61401150082813,4193.414732114936,4.193414732114942,time_stop
S5_macd_cross,20,2011-08-25,2011-09-23,1159.27001953125,1136.4300537109375,86.17500514719983,-2166.0661377553506,-2.1660661377553514,time_stop
S5_macd_cross,20,2011-10-10,2011-11-07,1194.8900146484375,1261.1199951171875,83.60610489283626,5331.893263626493,5.331893263626486,time_stop
S5_macd_cross,20,2011-12-02,2012-01-03,1244.280029296875,1277.06005859375,80.28747351715677,2429.3937085302105,2.429393708530214,time_stop
S5_macd_cross,20,2012-02-06,2012-03-06,1344.3299560546875,1343.3599853515625,74.3121876070401,-271.8087640192754,-0.2718087640192768,time_stop
S5_macd_cross,20,2012-03-15,2012-04-13,1402.5999755859375,1370.260009765625,71.22494056679741,-2500.908931140728,-2.500908931140733,time_stop
S5_macd_cross,20,2012-04-27,2012-05-25,1403.3599853515625,1317.8199462890625,71.18636767676787,-6282.995586916619,-6.282995586916618,time_stop
S5_macd_cross,20,2012-06-08,2012-07-09,1325.6600341796875,1352.4599609375,75.35876267245067,1817.789511060689,1.8177895110606856,time_stop
S5_macd_cross,20,2012-07-17,2012-08-14,1363.6700439453125,1403.9300537109375,73.25826386203599,2746.628840279623,2.74662884027963,time_stop
S5_macd_cross,20,2012-09-10,2012-10-08,1429.0799560546875,1455.8800048828125,69.90518583431658,1671.7887315049522,1.6717887315049529,time_stop
S5_macd_cross,20,2012-11-23,2012-12-21,1409.1500244140625,1430.1500244140625,70.89387089329917,1287.4823176703226,1.2874823176703298,time_stop
S5_macd_cross,20,2013-01-03,2013-02-01,1459.3699951171875,1513.1700439453125,68.45426467198124,3479.359739263949,3.479359739263943,time_stop
S5_macd_cross,20,2013-03-06,2013-04-04,1541.4599609375,1559.97998046875,64.80875431843309,999.2589365773956,0.9992589365773963,time_stop
S5_macd_cross,20,2013-04-11,2013-05-09,1593.3699951171875,1626.6700439453125,62.6973648344323,1885.937285270796,1.8859372852708,time_stop
S5_macd_cross,20,2013-07-05,2013-08-02,1631.8900146484375,1709.6700439453125,61.217422132227256,4556.931194236687,4.55693119423668,time_stop
S5_macd_cross,20,2013-08-05,2013-09-03,1707.1400146484375,1639.77001953125,58.51898440836031,-4138.281469960339,-4.1382814699603365,time_stop
S5_macd_cross,20,2013-09-09,2013-10-07,1671.7099609375,1676.1199951171875,59.75922991095634,63.47650641247267,0.06347650641247427,time_stop
S5_macd_cross,20,2013-10-15,2013-11-12,1698.06005859375,1767.68994140625,58.83190019959145,3892.561658417537,3.892561658417537,time_stop
S5_macd_cross,20,2013-11-15,2013-12-16,1798.1800537109375,1786.5400390625,55.55622736106667,-845.8288247946248,-0.8458288247946255,time_stop
S5_macd_cross,20,2013-12-23,2014-01-23,1827.989990234375,1828.4599609375,54.6502444946601,-174.14186998291174,-0.17414186998291337,time_stop
S5_macd_cross,20,2014-02-12,2014-03-13,1819.260009765625,1846.3399658203125,54.91249154263003,1285.7406301698006,1.285740630169796,time_stop
S5_macd_cross,20,2014-04-03,2014-05-02,1888.77001953125,1881.1400146484375,52.89161669608291,-602.9599301574974,-0.6029599301574984,time_stop
S5_macd_cross,20,2014-05-13,2014-06-11,1897.449951171875,1943.8900146484375,52.64966268986493,2242.8084238594115,2.2428084238594215,time_stop
S5_macd_cross,20,2014-06-19,2014-07-18,1959.47998046875,1978.219970703125,50.98296532542356,754.6646522454089,0.754664652245407,time_stop
S5_macd_cross,20,2014-08-18,2014-09-16,1971.739990234375,1998.97998046875,50.6659602152843,1178.959921417907,1.1789599214178992,time_stop
S5_macd_cross,20,2014-10-23,2014-11-20,1950.8199462890625,2052.75,51.20928771009051,5014.745481541406,5.014745481541416,time_stop
S5_macd_cross,20,2014-12-23,2015-01-23,2082.169921875,2051.820068359375,47.978841136144915,-1654.4948493313186,-1.6544948493313227,time_stop
S5_macd_cross,20,2015-02-04,2015-03-05,2041.510009765625,2101.0400390625,48.93441590892269,2710.353945670764,2.7103539456707626,time_stop
S5_macd_cross,20,2015-03-23,2015-04-21,2104.419921875,2097.2900390625,47.47156157459806,-537.9284040825077,-0.5379284040825105,time_stop
S5_macd_cross,20,2015-05-05,2015-06-03,2089.4599609375,2114.070068359375,47.81144495120006,975.6679516476528,0.9756679516476519,time_stop
S5_macd_cross,20,2015-06-19,2015-07-20,2109.989990234375,2128.280029296875,47.34624351891031,665.2984789798847,0.6652984789798921,time_stop
S5_macd_cross,20,2015-07-31,2015-08-28,2103.840087890625,1988.8699951171875,47.484645090237265,-5653.654937087197,-5.653654937087193,time_stop
S5_macd_cross,20,2015-09-11,2015-10-09,1961.050048828125,2014.8900146484375,50.94214701955095,2540.18053109142,2.5401805310914183,time_stop
S5_macd_cross,20,2015-12-28,2016-01-27,2056.5,1882.949951171875,48.57772910289322,-8622.036790308966,-8.622036790308963,time_stop
S5_macd_cross,20,2016-01-29,2016-02-29,1940.239990234375,1932.22998046875,51.48852740017604,-611.8113834859569,-0.6118113834859606,time_stop
S5_macd_cross,20,2016-04-19,2016-05-17,2100.800048828125,2047.2099609375,47.55335947170532,-2745.640524669777,-2.745640524669779,time_stop
S5_macd_cross,20,2016-05-26,2016-06-24,2090.10009765625,2037.4100341796875,47.796801699652406,-2715.6982988160084,-2.715698298816005,time_stop
S5_macd_cross,20,2016-07-05,2016-08-02,2088.550048828125,2157.030029296875,47.83227481484265,3072.4774920510145,3.072477492051018,time_stop
S5_macd_cross,20,2016-09-23,2016-10-21,2164.68994140625,2141.159912109375,46.14984251980295,-1284.621439190772,-1.2846214391907695,time_stop
S5_macd_cross,20,2016-10-25,2016-11-22,2143.159912109375,2202.93994140625,46.613460496176714,2583.9672802558794,2.583967280255872,time_stop
S5_macd_cross,20,2017-01-27,2017-02-27,2294.68994140625,2369.75,43.53533699584631,3064.696981060888,3.064696981060888,time_stop
S5_macd_cross,20,2017-04-25,2017-05-23,2388.610107421875,2398.419921875,41.82352724276386,210.07056118451698,0.2100705611845166,time_stop
S5_macd_cross,20,2017-05-26,2017-06-26,2415.820068359375,2439.070068359375,41.35245882278964,760.6830231620401,0.7606830231620343,time_stop
S5_macd_cross,20,2017-07-14,2017-08-11,2459.27001953125,2441.320068359375,40.621850836510184,-928.2312785877003,-0.9282312785876989,time_stop
S5_macd_cross,20,2017-09-01,2017-10-02,2476.550048828125,2529.1201171875,40.33841349072331,1918.672361761147,1.9186723617611534,time_stop
S5_macd_cross,20,2017-11-09,2017-12-08,2584.6201171875,2651.5,38.651753592635494,2382.6395262221317,2.38263952622213,time_stop
S5_macd_cross,20,2018-01-05,2018-02-05,2743.14990234375,2648.93994140625,36.4180243357263,-3627.309909239793,-3.6273099092397953,time_stop
S5_macd_cross,20,2018-02-26,2018-03-26,2779.60009765625,2658.550048828125,35.94045776021355,-4546.043772412424,-4.546043772412423,time_stop
S5_macd_cross,20,2018-04-11,2018-05-09,2642.18994140625,2697.7900390625,37.80958300330603,1900.3140910183952,1.9003140910183847,time_stop
S5_macd_cross,20,2018-06-05,2018-07-03,2748.800048828125,2713.219970703125,36.34316724590047,-1491.599836989347,-1.4915998369893435,time_stop
S5_macd_cross,20,2018-07-10,2018-08-07,2793.840087890625,2858.449951171875,35.75727198313824,2108.161981886714,2.1081619818867248,time_stop
S5_macd_cross,20,2018-08-27,2018-09-25,2896.739990234375,2915.56005859375,34.48707865976505,448.599928913846,0.4485999289138398,time_stop
S5_macd_cross,20,2018-11-05,2018-12-04,2738.31005859375,2700.06005859375,36.4823916074001,-1593.8562273042646,-1.593856227304269,time_stop
S5_macd_cross,20,2019-01-03,2019-02-01,2447.889892578125,2706.530029296875,40.81069994324166,10344.92952809481,10.344929528094804,time_stop
S5_macd_cross,20,2019-03-19,2019-04-16,2832.570068359375,2907.06005859375,35.2683596483677,2424.7124262233588,2.424712426223352,time_stop
S5_macd_cross,20,2019-04-24,2019-05-22,2927.25,2856.27001953125,34.12762828596803,-2619.756210593776,-2.619756210593771,time_stop
S5_macd_cross,20,2019-06-07,2019-07-08,2873.340087890625,2975.949951171875,34.767934474974915,3364.1652702453875,3.3641652702453895,time_stop
S5_macd_cross,20,2019-08-22,2019-09-20,2922.949951171875,2992.070068359375,34.17783457429634,2160.2133552591754,2.1602133552591773,time_stop
S5_macd_cross,20,2019-10-16,2019-11-13,2989.68994140625,3094.0400390625,33.41486972161074,3283.557873902142,3.283557873902132,time_stop
S5_macd_cross,20,2019-11-29,2019-12-30,3140.97998046875,3221.2900390625,31.805392113703043,2351.9384115442585,2.351938411544263,time_stop
S5_macd_cross,20,2020-01-10,2020-02-10,3265.35009765625,3352.090087890625,30.59399357263547,2451.2687812170243,2.4512687812170197,time_stop
S5_macd_cross,20,2020-03-27,2020-04-27,2541.469970703125,2878.47998046875,39.30799932783053,13034.141848301806,13.034141848301806,time_stop
S5_macd_cross,20,2020-05-21,2020-06-19,2948.510009765625,3097.739990234375,33.88155358782075,4851.28723678104,4.851287236781032,time_stop
S5_macd_cross,20,2020-07-09,2020-08-06,3152.050048828125,3349.159912109375,31.693690884521633,6041.091738248945,6.041091738248938,time_stop
S5_macd_cross,20,2020-08-25,2020-09-23,3443.6201171875,3236.919921875,29.010197553872782,-6190.217286739465,-6.190217286739463,time_stop
S5_macd_cross,20,2020-10-02,2020-10-30,3348.419921875,3269.9599609375,29.83499747073518,-2538.3120831883525,-2.5383120831883543,time_stop
S5_macd_cross,20,2020-11-06,2020-12-07,3509.43994140625,3691.9599609375,28.466108999736704,4990.638936039834,4.990638936039837,time_stop
S5_macd_cross,20,2021-01-08,2021-02-08,3824.679931640625,3915.590087890625,26.11985883410825,2172.385687588701,2.172385687588707,time_stop
S5_macd_cross,20,2021-03-12,2021-04-12,3943.340087890625,4127.990234375,25.333878811740675,4473.426329371528,4.473426329371533,time_stop
S5_macd_cross,20,2021-05-28,2021-06-28,4204.10986328125,4290.60986328125,23.762485555534283,1853.5993457529755,1.8535993457529765,time_stop
S5_macd_cross,20,2021-07-27,2021-08-24,4401.4599609375,4486.22998046875,22.697037071040725,1722.3040477376135,1.7223040477376106,time_stop
S5_macd_cross,20,2021-08-26,2021-09-24,4470.0,4455.47998046875,22.349015637606247,-523.9838352188859,-0.5239838352188886,time_stop
S5_macd_cross,20,2021-10-11,2021-11-08,4361.18994140625,4701.7001953125,22.906615222515967,7592.337228385946,7.592337228385948,time_stop
S5_macd_cross,20,2021-12-13,2022-01-11,4668.97021484375,4713.06982421875,21.39660252757537,742.8380318045977,0.7428380318045935,time_stop
S5_macd_cross,20,2022-02-03,2022-03-04,4477.43994140625,4328.8701171875,22.311879379162335,-3511.357325154937,-3.51135732515494,time_stop
S5_macd_cross,20,2022-03-17,2022-04-14,4411.669921875,4392.58984375,22.644509147148852,-631.4271444264454,-0.6314271444264441,time_stop
S5_macd_cross,20,2022-05-26,2022-06-27,4057.840087890625,3900.110107421875,24.619033213807764,-4079.076668145624,-4.07907666814562,time_stop
S5_macd_cross,20,2022-06-28,2022-07-27,3821.550048828125,4023.610107421875,26.141251226248936,5077.020451935118,5.077020451935121,time_stop
S5_macd_cross,20,2022-10-06,2022-11-03,3744.52001953125,3719.889892578125,26.679013432703105,-856.2505801439562,-0.8562505801439579,time_stop
S5_macd_cross,20,2023-01-10,2023-02-08,3919.25,4117.85986328125,25.48959619827771,4857.622531017982,4.85762253101798,time_stop
S5_macd_cross,20,2023-03-22,2023-04-20,3936.969970703125,4129.7900390625,25.374869669696313,4688.0911204165595,4.688091120416549,time_stop
S5_macd_cross,20,2023-05-19,2023-06-20,4191.97998046875,4388.7099609375,23.83124451107923,4483.831747143228,4.483831747143219,time_stop
S5_macd_cross,20,2023-07-05,2023-08-02,4446.81982421875,4513.39013671875,22.46551554799077,1294.2406543126535,1.2942406543126506,time_stop
S5_macd_cross,20,2023-08-30,2023-09-28,4514.8701171875,4299.7001953125,22.12690449716233,-4956.083467478216,-4.956083467478212,time_stop
S5_macd_cross,20,2023-10-10,2023-11-07,4358.240234375,4378.3798828125,22.922118682708696,261.3815685004994,0.2613815685005072,time_stop
S5_macd_cross,20,2023-12-13,2024-01-12,4707.08984375,4783.830078125,21.223325497546153,1427.2540901255154,1.4272540901255182,time_stop
S5_macd_cross,20,2024-01-23,2024-02-21,4864.60009765625,4981.7998046875,20.53613820141793,2204.6223515784914,2.2046223515785,time_stop
S5_macd_cross,20,2024-02-26,2024-03-25,5069.52978515625,5218.18994140625,19.705989339013392,2726.7657589441847,2.726765758944194,time_stop
S5_macd_cross,20,2024-03-28,2024-04-26,5254.35009765625,5099.9599609375,19.012836610309094,-3132.259249033385,-3.1322592490333867,time_stop
S5_macd_cross,20,2024-05-06,2024-06-04,5180.740234375,5291.33984375,19.28297798782644,1930.7569434070847,1.9307569434070748,time_stop
S5_macd_cross,20,2024-06-07,2024-07-09,5346.990234375,5576.97998046875,18.68342666082633,4092.8993575305867,4.092899357530588,time_stop
S5_macd_cross,20,2024-08-15,2024-09-13,5543.22021484375,5626.02001953125,18.0220334080514,1290.9284256118117,1.2909284256118037,time_stop
S5_macd_cross,20,2024-09-16,2024-10-14,5633.08984375,5859.85009765625,17.73451208326468,3817.6607806414754,3.817660780641474,time_stop
S5_macd_cross,20,2024-11-08,2024-12-09,5995.5400390625,6052.85009765625,16.662402260551147,754.1681268147682,0.7541681268147693,time_stop
S5_macd_cross,20,2025-01-21,2025-02-19,6049.240234375,6144.14990234375,16.514487114003906,1366.0169043754538,1.3660169043754555,time_stop
S5_macd_cross,20,2025-03-24,2025-04-22,5767.56982421875,5287.759765625,17.321003983446694,-8502.281344064131,-8.502281344064134,time_stop
S5_macd_cross,20,2025-04-23,2025-05-21,5375.85986328125,5844.60986328125,18.58309227560931,8502.31347988749,8.50231347988748,time_stop
S5_macd_cross,20,2025-06-27,2025-07-28,6173.06982421875,6389.77001953125,16.18321236350879,3303.598174875875,3.303598174875866,time_stop
S5_macd_cross,20,2025-07-29,2025-08-26,6370.85986328125,6465.93994140625,15.68078753009132,1289.6393731190087,1.2896393731190114,time_stop
S5_macd_cross,20,2025-09-11,2025-10-09,6587.47021484375,6735.10986328125,15.165169122889077,2036.9410577605797,2.0369410577605773,time_stop
S5_macd_cross,20,2025-10-27,2025-11-24,6875.16015625,6705.1201171875,14.530585125247411,-2668.1106808359323,-2.6681106808359334,time_stop
S5_macd_cross,20,2025-12-01,2025-12-30,6812.6298828125,6896.240234375,14.66395527403252,1025.0321975026845,1.0250321975026955,time_stop
S5_macd_cross,20,2026-01-07,2026-02-05,6920.93017578125,6798.39990234375,14.434490359357364,-1966.693588412533,-1.966693588412538,time_stop
S5_macd_cross,20,2026-02-26,2026-03-26,6908.85986328125,6477.16015625,14.459708530352792,-6435.809884174444,-6.435809884174448,time_stop
S5_macd_cross,20,2026-04-06,2026-05-04,6611.830078125,7200.75,15.109296324873164,8689.467245819105,8.689467245819117,time_stop
