date,quintile,pre_vol,is_signal,in_analysis_period
1990-01-02,,,False,False
1990-01-03,,,False,False
1990-01-04,,,False,False
1990-01-05,,,False,False
1990-01-08,,,False,False
1990-01-09,,,False,False
1990-01-10,,,False,False
1990-01-11,,,False,False
1990-01-12,,,False,False
1990-01-15,,,False,False
1990-01-16,,,False,False
1990-01-17,,,False,False
1990-01-18,,,False,False
1990-01-19,,,False,False
1990-01-22,,0.010733966991949076,True,False
1990-01-23,,0.011019773365783952,False,False
1990-01-24,,0.010990793942635114,False,False
1990-01-25,,0.011110686190947423,False,False
1990-01-26,,0.01082791874740232,False,False
1990-01-29,,0.010733573870509976,False,False
1990-01-30,,0.01073604271410815,False,False
1990-01-31,,0.012333291378330164,False,False
1990-02-01,,0.010778204830667635,False,False
1990-02-02,,0.010857794801645181,False,False
1990-02-05,,0.01034650699273999,False,False
1990-02-06,,0.01018839037541394,False,False
1990-02-07,,0.010820231025079185,False,False
1990-02-08,,0.01076971190997413,False,False
1990-02-09,,0.00805173948933938,False,False
1990-02-12,,0.008539774548416585,False,False
1990-02-13,,0.008506365737324608,False,False
1990-02-14,,0.007668654986328311,False,False
1990-02-15,,0.00788122413404268,False,False
1990-02-16,,0.008148158302828109,False,False
1990-02-20,,0.008951138002528806,False,False
1990-02-21,,0.007380210810180094,False,False
1990-02-22,,0.007537665417302077,False,False
1990-02-23,,0.007314482421543888,False,False
1990-02-26,,0.008335772129839752,False,False
1990-02-27,,0.008270159203949157,False,False
1990-02-28,,0.00764273760463742,False,False
1990-03-01,,0.007658449875736977,False,False
1990-03-02,,0.007973287453508485,False,False
1990-03-05,,0.007520512782751382,False,False
1990-03-06,,0.008138370060489241,False,False
1990-03-07,,0.008206248651185582,False,False
1990-03-08,,0.008294701742338128,False,False
1990-03-09,,0.008323660923126605,False,False
1990-03-12,,0.007040327850130168,False,False
1990-03-13,,0.0075160394640455515,False,False
1990-03-14,,0.0071709907541790295,False,False
1990-03-15,,0.006868696296917069,False,False
1990-03-16,,0.0065867060153328005,False,False
1990-03-19,,0.006584437925609917,False,False
1990-03-20,,0.006927791288953945,False,False
1990-03-21,,0.007202131358300964,False,False
1990-03-22,,0.007740316975907251,False,False
1990-03-23,,0.007660770612346768,False,False
1990-03-26,,0.006885763591089264,False,False
1990-03-27,,0.007468099334837062,False,False
1990-03-28,,0.007027762403013294,False,False
1990-03-29,,0.006814969360610745,False,False
1990-03-30,,0.006846075921036077,False,False
1990-04-02,,0.006542317460551615,False,False
1990-04-03,,0.007522785522641553,False,False
1990-04-04,,0.00785034215750934,False,False
1990-04-05,,0.007229778338174087,False,False
1990-04-06,,0.007094881853914729,False,False
1990-04-09,,0.007034168104802272,False,False
1990-04-10,,0.0068795054640724725,False,False
1990-04-11,,0.0058888120383888765,False,False
1990-04-12,,0.0060309928567830445,False,False
1990-04-16,,0.00603120173992426,False,False
1990-04-17,,0.005319794584068776,False,False
1990-04-18,,0.006229098078728737,False,False
1990-04-19,,0.006494911053904816,False,False
1990-04-20,,0.006849816847626764,False,False
1990-04-23,,0.007458621698456889,False,False
1990-04-24,,0.005845587313917538,False,False
1990-04-25,,0.006034210173253205,False,False
1990-04-26,,0.00615669638597623,False,False
1990-04-27,,0.00669797076503199,False,False
1990-04-30,,0.006800713798829568,False,False
1990-05-01,,0.006940636487469789,False,False
1990-05-02,,0.0073213536957214345,False,False
1990-05-03,,0.007042192437927183,False,False
1990-05-04,,0.007525545058495783,False,False
1990-05-07,,0.007796246574655813,False,False
1990-05-08,,0.007258417078366793,False,False
1990-05-09,,0.006894900669033258,False,False
1990-05-10,,0.006294568268325422,False,False
1990-05-11,,0.007320140382482069,False,False
1990-05-14,,0.007121700748393296,False,False
1990-05-15,,0.00732528898459441,False,False
1990-05-16,,0.007454008498316199,False,False
1990-05-17,,0.00599501717199024,False,False
1990-05-18,,0.0061325738289112796,False,False
1990-05-21,,0.006242603491292119,False,False
1990-05-22,,0.00632263794059552,False,False
1990-05-23,,0.006344329799307224,False,False
1990-05-24,,0.006542487927209098,False,False
1990-05-25,,0.0076024370931609304,False,False
1990-05-29,,0.008486518717985454,False,False
1990-05-30,,0.008524162530910998,False,False
1990-05-31,,0.008550990839504122,False,False
1990-06-01,,0.006389847920734648,False,False
1990-06-04,,0.006718886842330866,False,False
1990-06-05,,0.006754393253812411,False,False
1990-06-06,,0.006967760015783942,False,False
1990-06-07,,0.00722552031308647,False,False
1990-06-08,,0.008144426902039176,False,False
1990-06-11,,0.00804387883384353,False,False
1990-06-12,,0.008659632540271963,False,False
1990-06-13,,0.008765668266155473,False,False
1990-06-14,,0.008897484224756969,False,False
1990-06-15,,0.008256833382707088,False,False
1990-06-18,,0.008364436582338902,False,False
1990-06-19,,0.008474783265377098,False,False
1990-06-20,,0.00848697711973654,False,False
1990-06-21,,0.008417150407733588,False,False
1990-06-22,,0.008367212618912013,False,False
1990-06-25,,0.008541345947549022,False,False
1990-06-26,,0.008543367369377445,False,False
1990-06-27,,0.009016993327368784,False,False
1990-06-28,,0.008723739593639113,False,False
1990-06-29,,0.008404510470636537,False,False
1990-07-02,,0.0076350940853545735,False,False
1990-07-03,,0.0076428594745087414,False,False
1990-07-05,,0.008176917860602638,False,False
1990-07-06,,0.008529912304046027,False,False
1990-07-09,,0.00724151058380065,False,False
1990-07-10,,0.007520603896340189,False,False
1990-07-11,,0.008349822401583282,False,False
1990-07-12,,0.008837083654232105,False,False
1990-07-13,,0.007741982516910096,False,False
1990-07-16,,0.00705140960338087,False,False
1990-07-17,,0.007238634716262484,False,False
1990-07-18,,0.00771138767709149,False,False
1990-07-19,,0.007577931850688669,False,False
1990-07-20,,0.008202950154592601,False,False
1990-07-23,,0.00945762971070397,False,False
1990-07-24,,0.009450363013685245,False,False
1990-07-25,,0.008888955576296336,False,False
1990-07-26,,0.008668379093967747,False,False
1990-07-27,,0.008764827567394752,False,False
1990-07-30,,0.008694669453512023,False,False
1990-07-31,,0.007831430206636632,False,False
1990-08-01,,0.006941552352792881,False,False
1990-08-02,,0.007051715738270418,False,False
1990-08-03,,0.007850044020928183,False,False
1990-08-06,,0.010447645485472076,True,False
1990-08-07,,0.010631224070957306,False,False
1990-08-08,,0.01128330683642169,False,False
1990-08-09,,0.01150320085916834,False,False
1990-08-10,,0.01116578851467533,False,False
1990-08-13,,0.011702423200905827,False,False
1990-08-14,,0.011619680984037933,False,False
1990-08-15,,0.011716270470202395,False,False
1990-08-16,,0.012816372550224745,False,False
1990-08-17,,0.012677879059605492,True,False
1990-08-20,,0.01269581635136122,False,False
1990-08-21,,0.013214147122753194,False,False
1990-08-22,,0.013416926675277403,False,False
1990-08-23,,0.014478013558511143,False,False
1990-08-24,,0.014119057981509257,False,False
1990-08-27,,0.0171325616487688,False,False
1990-08-28,,0.016722801267968792,False,False
1990-08-29,,0.01691781275308822,False,False
1990-08-30,,0.0171243307790521,False,False
1990-08-31,,0.017264724720769776,False,False
1990-09-04,,0.01726517957028056,False,False
1990-09-05,,0.017323682412855382,False,False
1990-09-06,,0.016625063356034947,False,False
1990-09-07,,0.016566632131574412,False,False
1990-09-10,,0.016582988028642505,False,False
1990-09-11,,0.015668723479476357,False,False
1990-09-12,,0.014966552705669283,False,False
1990-09-13,,0.012587475140008743,False,False
1990-09-14,,0.012288624278197244,False,False
1990-09-17,,0.008763143661707164,False,False
1990-09-18,,0.008810804897280245,False,False
1990-09-19,,0.008485410964027537,False,False
1990-09-20,,0.00838353242421138,False,False
1990-09-21,,0.007429276909221622,False,False
1990-09-24,,0.00891830959799347,True,False
1990-09-25,,0.009702616455964598,False,False
1990-09-26,,0.009594500735292144,False,False
1990-09-27,,0.00919740593222309,True,False
1990-09-28,,0.010893461223418013,False,False
1990-10-01,,0.013892480119551787,False,False
1990-10-02,,0.013802335689890236,False,False
1990-10-03,,0.013803912337765265,False,False
1990-10-04,,0.013831075329619765,False,False
1990-10-05,,0.013802548232573347,False,False
1990-10-08,,0.013921752779457761,False,False
1990-10-09,,0.015529373974201321,False,False
1990-10-10,,0.015480090069951382,False,False
1990-10-11,,0.015902113907611187,False,False
1990-10-12,,0.01574899757026691,False,False
1990-10-15,,0.01566580367409529,False,False
1990-10-16,,0.01587517376289781,False,False
1990-10-17,,0.015491978828847173,False,False
1990-10-18,,0.016117409661698116,False,False
1990-10-19,,0.01526255361601372,False,False
1990-10-22,,0.01540393742179515,False,False
1990-10-23,,0.015177985985567178,False,False
1990-10-24,,0.015137820215578274,False,False
1990-10-25,,0.015251876662625353,False,False
1990-10-26,,0.015794660288053798,False,False
1990-10-29,,0.01426525966861666,False,False
1990-10-30,,0.013735698116534209,False,False
1990-10-31,,0.012804552152808067,False,False
1990-11-01,,0.012445782887518544,False,False
1990-11-02,,0.01278981422579958,False,False
1990-11-05,,0.011986436523023362,False,False
1990-11-06,,0.012456293875629004,False,False
1990-11-07,,0.012217750778899665,False,False
1990-11-08,,0.010650760301051972,False,False
1990-11-09,,0.01185836050671232,False,False
1990-11-12,,0.012596253735345089,False,False
1990-11-13,,0.012746457011978995,False,False
1990-11-14,,0.012611768976192513,False,False
1990-11-15,,0.011858027447332832,False,False
1990-11-16,,0.01136722015878125,False,False
1990-11-19,,0.01136191199526956,False,False
1990-11-20,,0.012139801566221504,False,False
1990-11-21,,0.011957970733565127,False,False
1990-11-23,,0.011354497366421263,False,False
1990-11-26,,0.011178490664390662,False,False
1990-11-27,,0.010855630927772052,False,False
1990-11-28,,0.009314108306889522,False,False
1990-11-29,,0.009493116080954062,False,False
1990-11-30,,0.009274800159610803,False,False
1990-12-03,,0.008131184551078722,False,False
1990-12-04,,0.00802836423158632,False,False
1990-12-05,,0.008198155518662483,False,False
1990-12-06,,0.0074922370926313285,False,False
1990-12-07,,0.0076839127638063465,False,False
1990-12-10,,0.007578155718061496,False,False
1990-12-11,,0.0068906407441226385,False,False
1990-12-12,,0.007291954837919358,False,False
1990-12-13,,0.007268898732635644,False,False
1990-12-14,,0.007805815866760084,False,False
1990-12-17,,0.007860268319205568,False,False
1990-12-18,,0.00830873214894837,False,False
1990-12-19,,0.008058638206603732,False,False
1990-12-20,,0.0068064306279697895,False,False
1990-12-21,,0.0067692942821145395,False,False
1990-12-24,,0.006847950008655094,False,False
1990-12-26,,0.006246976338437682,False,False
1990-12-27,,0.006570139927675384,False,False
1990-12-28,,0.006483730285880391,False,False
1990-12-31,,0.00653178855627712,False,False
1991-01-02,,0.0069709966685885414,False,False
1991-01-03,,0.007078321328267055,False,False
1991-01-04,,0.00708074637298165,False,False
1991-01-07,,0.008111473247366035,False,False
1991-01-08,,0.008114431321707619,False,False
1991-01-09,,0.00718087190252789,False,False
1991-01-10,,0.008013873320870377,False,False
1991-01-11,,0.008116751743851323,False,False
1991-01-14,,0.007869416899131655,False,False
1991-01-15,,0.008155097519304138,False,False
1991-01-16,,0.008546733838206132,False,False
1991-01-17,,0.01352766432612436,False,False
1991-01-18,,0.013966487211507006,False,False
1991-01-21,,0.013964601399503484,False,False
1991-01-22,,0.013786900515959245,False,False
1991-01-23,,0.013197326347639801,False,False
1991-01-24,,0.013488463540067702,False,False
1991-01-25,,0.012134590907099518,False,False
1991-01-28,,0.012078893928695695,False,False
1991-01-29,,0.011351343844204775,False,False
1991-01-30,,0.0115911301876469,False,False
1991-01-31,,0.011570667329462856,False,False
1991-02-01,,0.01106378102292625,False,False
1991-02-04,,0.011264006338698614,False,False
1991-02-05,,0.011266266726127962,False,False
1991-02-06,,0.008397046651589883,False,False
1991-02-07,,0.008611115870145222,False,False
1991-02-08,,0.008271505790088451,False,False
1991-02-11,,0.008713880825613111,False,False
1991-02-12,,0.009782168615900373,False,False
1991-02-13,,0.009631815244598873,False,False
1991-02-14,,0.01101677938191371,False,False
1991-02-15,,0.011046474266807934,False,False
1991-02-19,,0.0109793483650319,False,False
1991-02-20,,0.011725578044792321,False,False
1991-02-21,,0.011749668897711391,False,False
1991-02-22,,0.01161131446105026,False,False
1991-02-25,,0.01119323540363785,False,False
1991-02-26,,0.01187349157479833,False,False
1991-02-27,,0.011334888144731232,False,False
1991-02-28,,0.011247963131419956,False,False
1991-03-01,,0.011305597373111386,False,False
1991-03-04,,0.009173472760081828,False,False
1991-03-05,,0.010194510463834352,False,False
1991-03-06,,0.010001275093208471,False,False
1991-03-07,,0.00913323180180033,False,False
1991-03-08,,0.008638270819130623,False,False
1991-03-11,,0.008809417675717152,False,False
1991-03-12,,0.008463195060395211,False,False
1991-03-13,,0.008961956806200223,False,False
1991-03-14,,0.009050106465586781,False,False
1991-03-15,,0.009016574579872533,False,False
1991-03-18,,0.00831645620972575,False,False
1991-03-19,,0.008706239614070995,False,False
1991-03-20,,0.008750782337115614,False,False
1991-03-21,,0.008395151291250706,False,False
1991-03-22,,0.008407385699361484,False,False
1991-03-25,,0.006471761580546962,False,False
1991-03-26,,0.008168755620994207,False,False
1991-03-27,,0.008195836003121244,False,False
1991-03-28,,0.008166233120140903,False,False
1991-04-01,,0.008537376862251483,False,False
1991-04-02,,0.010070145309891176,False,False
1991-04-03,,0.009638773137279668,False,False
1991-04-04,,0.009584419327120825,False,False
1991-04-05,,0.010185830964406582,False,False
1991-04-08,,0.010338405415135763,False,False
1991-04-09,,0.010176874460832656,False,False
1991-04-10,,0.010173844967203102,False,False
1991-04-11,,0.010473194368036598,False,False
1991-04-12,,0.010565013665531297,False,False
1991-04-15,,0.010505048920817243,False,False
1991-04-16,,0.010437668969536018,False,False
1991-04-17,,0.010430893866491172,False,False
1991-04-18,,0.01061803234122752,False,False
1991-04-19,,0.010668177175802089,False,False
1991-04-22,,0.009433174740276126,False,False
1991-04-23,,0.009430903330965542,False,False
1991-04-24,,0.009437386110553628,False,False
1991-04-25,,0.009211526521496047,False,False
1991-04-26,,0.008919972578390818,False,False
1991-04-29,,0.00900167986310427,False,False
1991-04-30,,0.009071808544545258,False,False
1991-05-01,,0.009190402197247335,False,False
1991-05-02,,0.008980706033347498,False,False
1991-05-03,,0.008964284971450036,False,False
1991-05-06,,0.007549545515328384,False,False
1991-05-07,,0.007259620765548123,False,False
1991-05-08,,0.007361113001074862,False,False
1991-05-09,,0.007772520542410784,False,False
1991-05-10,,0.00916402531168876,False,False
1991-05-13,,0.009180665792093454,False,False
1991-05-14,,0.009717753476985025,False,False
1991-05-15,,0.009666468728164712,False,False
1991-05-16,,0.010169903968800364,False,False
1991-05-17,,0.009465637308424776,False,False
1991-05-20,,0.009367630835617834,False,False
1991-05-21,,0.008897479250521777,False,False
1991-05-22,,0.008929788248569945,False,False
1991-05-23,,0.008940458388101655,False,False
1991-05-24,,0.009175531928171872,False,False
1991-05-28,,0.009492774147339506,False,False
1991-05-29,,0.009478886553688903,False,False
1991-05-30,,0.009335440569063526,False,False
1991-05-31,,0.007368006552173063,False,False
1991-06-03,,0.007613352684809572,False,False
1991-06-04,,0.00619609823275459,False,False
1991-06-05,,0.006010749618684847,False,False
1991-06-06,,0.00595131450229939,False,False
1991-06-07,,0.006915674644109115,False,False
1991-06-10,,0.006971418823086991,False,False
1991-06-11,,0.006854655933134719,False,False
1991-06-12,,0.007630069445291783,False,False
1991-06-13,,0.007592357587535249,False,False
1991-06-14,,0.008070657950093518,False,False
1991-06-17,,0.007602192916779608,False,False
1991-06-18,,0.007624698901995722,False,False
1991-06-19,,0.007146824919839328,False,False
1991-06-20,,0.006668935575646357,False,False
1991-06-21,,0.007045374803480095,False,False
1991-06-24,,0.008261172726095844,False,False
1991-06-25,,0.008211628493396851,False,False
1991-06-26,,0.008321856403219198,False,False
1991-06-27,,0.008300929330324768,False,False
1991-06-28,,0.008552881858166996,False,False
1991-07-01,,0.009833884657047876,False,False
1991-07-02,,0.009315908196977942,False,False
1991-07-03,,0.009743094697325122,False,False
1991-07-05,,0.009044216777960287,False,False
1991-07-08,,0.009478455074293788,False,False
1991-07-09,,0.009504306713632601,False,False
1991-07-10,,0.009164690161415065,False,False
1991-07-11,,0.009202004432973164,False,False
1991-07-12,,0.009346641435239502,False,False
1991-07-15,,0.007712661476193891,False,False
1991-07-16,,0.007764646081993304,False,False
1991-07-17,,0.007804150459686846,False,False
1991-07-18,,0.008044698962079518,False,False
1991-07-19,,0.007589781999690008,False,False
1991-07-22,,0.006254651701903382,False,False
1991-07-23,,0.006792550935459192,False,False
1991-07-24,,0.0060132048274937734,False,False
1991-07-25,,0.00616360682204311,False,False
1991-07-26,,0.005600677608853484,False,False
1991-07-29,,0.005532115606117244,False,False
1991-07-30,,0.005864444820148225,False,False
1991-07-31,,0.0058593039720086565,False,False
1991-08-01,,0.005608606945956355,False,False
1991-08-02,,0.005472266659866543,False,False
1991-08-05,,0.0056808243231491395,False,False
1991-08-06,,0.006722182389813845,False,False
1991-08-07,,0.006188794008024567,False,False
1991-08-08,,0.0061983791836436805,False,False
1991-08-09,,0.006343523286640805,False,False
1991-08-12,,0.0056764746384026675,False,False
1991-08-13,,0.005609763154284579,False,False
1991-08-14,,0.0054929468787733625,False,False
1991-08-15,,0.005538858251848724,False,False
1991-08-16,,0.006138543071779089,False,False
1991-08-19,,0.008451639610633157,False,False
1991-08-20,,0.008764975319572965,False,False
1991-08-21,,0.011975204522751621,False,False
1991-08-22,,0.011978825058289885,False,False
1991-08-23,,0.011950561763618587,False,False
1991-08-26,,0.011388103466693326,False,False
1991-08-27,,0.011408159970191407,False,False
1991-08-28,,0.01157623085344295,False,False
1991-08-29,,0.011416213393855566,False,False
1991-08-30,,0.01147210241759887,False,False
1991-09-03,,0.011720894220533315,False,False
1991-09-04,,0.011830474761416415,False,False
1991-09-05,,0.011838223978457947,False,False
1991-09-06,,0.01151025950126169,False,False
1991-09-09,,0.009143682334095488,False,False
1991-09-10,,0.00957466690131133,False,False
1991-09-11,,0.0052025001264890125,False,False
1991-09-12,,0.0054707504100980865,False,False
1991-09-13,,0.005449481749142199,False,False
1991-09-16,,0.005818218382516073,False,False
1991-09-17,,0.0058193372692641404,False,False
1991-09-18,,0.005226324698973225,False,False
1991-09-19,,0.0052940651754542906,False,False
1991-09-20,,0.005327408629796874,False,False
1991-09-23,,0.005070585359140314,False,False
1991-09-24,,0.005117720715404878,False,False
1991-09-25,,0.005118042357904663,False,False
1991-09-26,,0.005119503182270474,False,False
1991-09-27,,0.0051218748772147,False,False
1991-09-30,,0.004448625041154631,False,False
1991-10-01,,0.004510130388581929,False,False
1991-10-02,,0.004332281437524637,False,False
1991-10-03,,0.0043465283918015275,False,False
1991-10-04,,0.004593763074033971,False,False
1991-10-07,,0.004701583870317983,False,False
1991-10-08,,0.004652963885186964,False,False
1991-10-09,,0.005157072784239947,False,False
1991-10-10,,0.006033837036425356,False,False
1991-10-11,,0.006004747372657942,False,False
1991-10-14,,0.0069461120811774605,False,False
1991-10-15,,0.007604217546787654,False,False
1991-10-16,,0.007650430061284155,False,False
1991-10-17,,0.007672086915617285,False,False
1991-10-18,,0.0075890938102625835,False,False
1991-10-21,,0.007779625676195009,False,False
1991-10-22,,0.007907552846761461,False,False
1991-10-23,,0.00739572669225575,False,False
1991-10-24,,0.007307150171643404,False,False
1991-10-25,,0.00720232458317309,False,False
1991-10-28,,0.007976350943482648,False,False
1991-10-29,,0.007239067388995772,False,False
1991-10-30,,0.006951511188612599,False,False
1991-10-31,,0.007017216107869932,False,False
1991-11-01,,0.006349632598491264,False,False
1991-11-04,,0.0055862282463792975,False,False
1991-11-05,,0.0055016653392494334,False,False
1991-11-06,,0.005581425754889547,False,False
1991-11-07,,0.006173584550198172,False,False
1991-11-08,,0.005926442959433803,False,False
1991-11-11,,0.005656581287795345,False,False
1991-11-12,,0.006057875048054948,False,False
1991-11-13,,0.00547475251491736,False,False
1991-11-14,,0.005388965706576044,False,False
1991-11-15,,0.011208783998887032,False,False
1991-11-18,,0.011296803037552327,False,False
1991-11-19,,0.011790295780348715,False,False
1991-11-20,,0.011785373326879523,False,False
1991-11-21,,0.011915928854810253,False,False
1991-11-22,,0.01212081195161697,False,False
1991-11-25,,0.012114630804241522,False,False
1991-11-26,,0.012289646916323805,False,False
1991-11-27,,0.011811735628516886,False,False
1991-11-29,,0.011807906722055775,False,False
1991-12-02,,0.012904674673890722,False,False
1991-12-03,,0.012496089310419123,False,False
1991-12-04,,0.012428564392682483,False,False
1991-12-05,,0.012446412916636106,False,False
1991-12-06,,0.007966601597600504,False,False
1991-12-09,,0.00767433047257604,False,False
1991-12-10,,0.006548903542859893,False,False
1991-12-11,,0.006522844194970369,False,False
1991-12-12,,0.0070106993416544664,False,False
1991-12-13,,0.006542206344911645,False,False
1991-12-16,,0.0064746619332712125,False,False
1991-12-17,,0.0064841873848022515,False,False
1991-12-18,,0.0063480403175674785,False,False
1991-12-19,,0.00629327280301792,False,False
1991-12-20,,0.005527011150160172,False,False
1991-12-23,,0.008389940480972743,False,False
1991-12-24,,0.008291165134855583,False,False
1991-12-26,,0.008104111688468245,False,False
1991-12-27,,0.008107810147279574,False,False
1991-12-30,,0.008878541005222309,False,False
1991-12-31,,0.008631853147473929,False,False
1992-01-02,,0.008572014461885083,False,False
1992-01-03,,0.008542894173985608,False,False
1992-01-06,,0.00894559276518334,False,False
1992-01-07,,0.009019921693683552,False,False
1992-01-08,,0.00861717804629744,False,False
1992-01-09,,0.008777015934384427,False,False
1992-01-10,,0.009087347804907728,False,False
1992-01-13,,0.009132776679737926,False,False
1992-01-14,,0.007687141932802869,False,False
1992-01-15,,0.007708537448690435,False,False
1992-01-16,,0.0075543400783353665,False,False
1992-01-17,,0.007540917724859962,False,False
1992-01-20,,0.005494663438693103,False,False
1992-01-21,,0.005840628708170766,False,False
1992-01-22,,0.006938715463819113,False,False
1992-01-23,,0.0070793357935584195,False,False
1992-01-24,,0.007057831406968208,False,False
1992-01-27,,0.007056358801611238,False,False
1992-01-28,,0.007031969516032454,False,False
1992-01-29,,0.007589653812145855,False,False
1992-01-30,,0.007540464446581888,False,False
1992-01-31,,0.007724904325049984,False,False
1992-02-03,,0.006380199427972926,False,False
1992-02-04,,0.007170560673903888,False,False
1992-02-05,,0.007032555473607142,False,False
1992-02-06,,0.007005180548897149,False,False
1992-02-07,,0.007042691934109518,False,False
1992-02-10,,0.006892191148049547,False,False
1992-02-11,,0.005787890541178188,False,False
1992-02-12,,0.0058790505138136655,False,False
1992-02-13,,0.006305923042581794,False,False
1992-02-14,,0.006341746021395121,False,False
1992-02-18,,0.007103434086278289,False,False
1992-02-19,,0.006549816444840101,False,False
1992-02-20,,0.0075238510165610015,False,False
1992-02-21,,0.007457557700747287,False,False
1992-02-24,,0.007460682906814485,False,False
1992-02-25,,0.0069690549763775245,False,False
1992-02-26,,0.007726719933196609,False,False
1992-02-27,,0.007795406835876138,False,False
1992-02-28,,0.007610546301179763,False,False
1992-03-02,,0.007397866912517347,False,False
1992-03-03,,0.007404736765668421,False,False
1992-03-04,,0.0073128190242183495,False,False
1992-03-05,,0.0072216326564247665,False,False
1992-03-06,,0.0072836884777303336,False,False
1992-03-09,,0.0065875629194373205,False,False
1992-03-10,,0.006667030886196903,False,False
1992-03-11,,0.005536965791595162,False,False
1992-03-12,,0.005406683738902923,False,False
1992-03-13,,0.005587370213891099,False,False
1992-03-16,,0.005537942789101558,False,False
1992-03-17,,0.004899561210394385,False,False
1992-03-18,,0.004842779731613668,False,False
1992-03-19,,0.004846334376699872,False,False
1992-03-20,,0.004971514431941018,False,False
1992-03-23,,0.00502865722101404,False,False
1992-03-24,,0.004517554402338119,False,False
1992-03-25,,0.004190319839790269,False,False
1992-03-26,,0.003905343357245285,False,False
1992-03-27,,0.004914261087278693,False,False
1992-03-30,,0.004747906400424782,False,False
1992-03-31,,0.0044094789444927215,False,False
1992-04-01,,0.004423995122757604,False,False
1992-04-02,,0.004841269483562747,False,False
1992-04-03,,0.004898909428512456,False,False
1992-04-06,,0.005221846784135741,False,False
1992-04-07,,0.007111612457736756,False,False
1992-04-08,,0.00726520474470375,False,False
1992-04-09,,0.00861802686133498,False,False
1992-04-10,,0.009080606889620894,False,False
1992-04-13,,0.00917929510015905,False,False
1992-04-14,,0.010058759862191916,False,False
1992-04-15,,0.01031439283562579,False,False
1992-04-16,,0.009730099107190636,False,False
1992-04-20,,0.010652152816582985,False,False
1992-04-21,,0.01065493668050486,False,False
1992-04-22,,0.010671558624065696,False,False
1992-04-23,,0.010279054150573421,False,False
1992-04-24,,0.010507752402053412,False,False
1992-04-27,,0.010220028296282357,False,False
1992-04-28,,0.00858992370982131,False,False
1992-04-29,,0.008073917899587935,False,False
1992-04-30,,0.0073695348269863506,False,False
1992-05-01,,0.00742599318980078,False,False
1992-05-04,,0.007788124889672882,False,False
1992-05-05,,0.006748438405614213,False,False
1992-05-06,,0.006275892718030983,False,False
1992-05-07,,0.006305592456960373,False,False
1992-05-08,,0.004815729380765687,False,False
1992-05-11,,0.00497598746181894,False,False
1992-05-12,,0.0052554751867047765,False,False
1992-05-13,,0.005173832922094768,False,False
1992-05-14,,0.005369126038475369,False,False
1992-05-15,,0.005776264980699605,False,False
1992-05-18,,0.006014091888939725,False,False
1992-05-19,,0.006149477143020093,False,False
1992-05-20,,0.005914426684678445,False,False
1992-05-21,,0.005987353144938184,False,False
1992-05-22,,0.005283022930599619,False,False
1992-05-26,,0.005505062382219897,False,False
1992-05-27,,0.005552352591485653,False,False
1992-05-28,,0.006359776674770931,False,False
1992-05-29,,0.006426283765977215,False,False
1992-06-01,,0.006350227425543319,False,False
1992-06-02,,0.006664952678750233,False,False
1992-06-03,,0.006714291231301052,False,False
1992-06-04,,0.00640992631777426,False,False
1992-06-05,,0.006042633212152784,False,False
1992-06-08,,0.005789715855373008,False,False
1992-06-09,,0.005614215400145639,False,False
1992-06-10,,0.00581882208626347,False,False
1992-06-11,,0.0057967977774837295,False,False
1992-06-12,,0.005722656111182133,False,False
1992-06-15,,0.005508891431190985,False,False
1992-06-16,,0.005605776507623093,False,False
1992-06-17,,0.005734352266954553,False,False
1992-06-18,,0.005733283250401602,False,False
1992-06-19,,0.005953607351613916,False,False
1992-06-22,,0.005633983780867013,False,False
1992-06-23,,0.005577756967953642,False,False
1992-06-24,,0.005573630450361707,False,False
1992-06-25,,0.005538231669445398,False,False
1992-06-26,,0.005569508521610042,False,False
1992-06-29,,0.006582093107854381,False,False
1992-06-30,,0.0063242939609320144,False,False
1992-07-01,,0.006950212850025734,False,False
1992-07-02,,0.006998374982336188,False,False
1992-07-06,,0.007106808647519291,False,False
1992-07-07,,0.007685000234211174,False,False
1992-07-08,,0.006349616414133456,False,False
1992-07-09,,0.006549043546247222,False,False
1992-07-10,,0.006430914227342832,False,False
1992-07-13,,0.006400561253912273,False,False
1992-07-14,,0.006522356895328816,False,False
1992-07-15,,0.006556884801852388,False,False
1992-07-16,,0.006463835064057088,False,False
1992-07-17,,0.006730380273225765,False,False
1992-07-20,,0.006075487154290595,False,False
1992-07-21,,0.006028292540494795,False,False
1992-07-22,,0.00553283846976132,False,False
1992-07-23,,0.005547576055666628,False,False
1992-07-24,,0.005365360806064475,False,False
1992-07-27,,0.004337729290279122,False,False
1992-07-28,,0.005723066105520529,False,False
1992-07-29,,0.005919641311593955,False,False
1992-07-30,,0.005958889164141481,False,False
1992-07-31,,0.005957901641556835,False,False
1992-08-03,,0.005774599903997152,False,False
1992-08-04,,0.005786860160711362,False,False
1992-08-05,,0.006032093685264716,False,False
1992-08-06,,0.005979852849145071,False,False
1992-08-07,,0.005950898917414467,False,False
1992-08-10,,0.005946500573854413,False,False
1992-08-11,,0.005553618077311208,False,False
1992-08-12,,0.005637714227570691,False,False
1992-08-13,,0.0056139607740698936,False,False
1992-08-14,,0.005707224453883,False,False
1992-08-17,,0.004332045234357393,False,False
1992-08-18,,0.003089134195802343,False,False
1992-08-19,,0.0034137925318133582,False,False
1992-08-20,,0.00339727422078215,False,False
1992-08-21,,0.0037676923284029836,False,False
1992-08-24,,0.004367038759032894,False,False
1992-08-25,,0.004442436904481339,False,False
1992-08-26,,0.0047130942064234765,False,False
1992-08-27,,0.0046489136243184955,False,False
1992-08-28,,0.004743384946635457,False,False
1992-08-31,,0.00475249561013673,False,False
1992-09-01,,0.004955007634733539,False,False
1992-09-02,,0.005123971525077716,False,False
1992-09-03,,0.0049047289276703526,False,False
1992-09-04,,0.0048796557810260694,False,False
1992-09-08,,0.00506732214929929,False,False
1992-09-09,,0.004937775429685368,False,False
1992-09-10,,0.005483229465555936,False,False
1992-09-11,,0.00493495012687927,False,False
1992-09-14,,0.004965655513307648,False,False
1992-09-15,,0.006470971282287593,False,False
1992-09-16,,0.006408509105185516,False,False
1992-09-17,,0.006408822305883196,False,False
1992-09-18,,0.0065915092195161906,False,False
1992-09-21,,0.006588246194330569,False,False
1992-09-22,,0.007382330394905101,False,False
1992-09-23,,0.007276812157886208,False,False
1992-09-24,,0.007308953576503182,False,False
1992-09-25,,0.007769447066072071,False,False
1992-09-28,,0.007722992914838167,False,False
1992-09-29,,0.007626320144486831,False,False
1992-09-30,,0.007265938735313528,False,False
1992-10-01,,0.0073175656110047735,False,False
1992-10-02,,0.006948708285867683,False,False
1992-10-05,,0.006421129951123616,False,False
1992-10-06,,0.006391868373137651,False,False
1992-10-07,,0.006490479928845308,False,False
1992-10-08,,0.006675379971557803,False,False
1992-10-09,,0.007176845687897243,False,False
1992-10-12,,0.007779558596419175,False,False
1992-10-13,,0.007936526294994589,False,False
1992-10-14,,0.007873903234999454,False,False
1992-10-15,,0.007511175317708594,False,False
1992-10-16,,0.007493700237748626,False,False
1992-10-19,,0.007845841755687187,False,False
1992-10-20,,0.00782060705142541,False,False
1992-10-21,,0.007767092761749757,False,False
1992-10-22,,0.006687528145176539,False,False
1992-10-23,,0.0063551268173271435,False,False
1992-10-26,,0.006718443079475261,False,False
1992-10-27,,0.0062031033854753745,False,False
1992-10-28,,0.005967270936137092,False,False
1992-10-29,,0.004228401498223084,False,False
1992-10-30,,0.0039887579111070924,False,False
1992-11-02,,0.00445405043325638,False,False
1992-11-03,,0.005049084028312926,False,False
1992-11-04,,0.0055389903567481065,False,False
1992-11-05,,0.005449588264925617,False,False
1992-11-06,,0.005135797120293239,False,False
1992-11-09,,0.0051597071418035345,False,False
1992-11-10,,0.005161169569173457,False,False
1992-11-11,,0.005527621557177306,False,False
1992-11-12,,0.005451580361910192,False,False
1992-11-13,,0.004932214434266751,False,False
1992-11-16,,0.005101172033607676,False,False
1992-11-17,,0.005083196686000501,False,False
1992-11-18,,0.005573935197559434,False,False
1992-11-19,,0.005348966934263054,False,False
1992-11-20,,0.005063136734189814,False,False
1992-11-23,,0.004773770409523627,False,False
1992-11-24,,0.004399048230378365,False,False
1992-11-25,,0.004420267732880502,False,False
1992-11-27,,0.004293985335169361,False,False
1992-11-30,,0.004296821891665363,False,False
1992-12-01,,0.004364183026118203,False,False
1992-12-02,,0.004063470914829839,False,False
1992-12-03,,0.004075639584503792,False,False
1992-12-04,,0.004141012328115636,False,False
1992-12-07,,0.0040635745596888165,False,False
1992-12-08,,0.0037138954084780557,False,False
1992-12-09,,0.003672385646832276,False,False
1992-12-10,,0.003861184105922599,False,False
1992-12-11,,0.003668161140521636,False,False
1992-12-14,,0.0035349607414929918,False,False
1992-12-15,,0.003314665856526184,False,False
1992-12-16,,0.003308166316144784,False,False
1992-12-17,,0.004019585092820263,False,False
1992-12-18,,0.0052190805540207365,False,False
1992-12-21,,0.005218771037001123,False,False
1992-12-22,,0.005163649044113856,False,False
1992-12-23,,0.0052957939496045435,False,False
1992-12-24,,0.005201113776290899,False,False
1992-12-28,,0.004917300752539798,False,False
1992-12-29,,0.0048971089163353234,False,False
1992-12-30,,0.004824714586894174,False,False
1992-12-31,,0.005197152186597633,False,False
1993-01-04,,0.005164362851042366,False,False
1993-01-05,,0.0051768244855369275,False,False
1993-01-06,,0.005170819463541883,False,False
1993-01-07,,0.0056814843796656606,False,False
1993-01-08,1.0,0.005100652456229878,False,False
1993-01-11,1.0,0.0034543320595163468,False,False
1993-01-12,1.0,0.003490937901455656,False,False
1993-01-13,1.0,0.0038639534493369134,False,False
1993-01-14,1.0,0.004356824329074914,False,False
1993-01-15,1.0,0.00440824673860963,False,False
1993-01-18,1.0,0.004400181554957376,False,False
1993-01-19,1.0,0.004462747881078789,False,False
1993-01-20,1.0,0.004502590367802268,False,False
1993-01-21,1.0,0.004366991969226392,False,False
1993-01-22,1.0,0.0043781427950216915,False,False
1993-01-25,1.0,0.004890449689087989,False,False
1993-01-26,1.0,0.004897095495607114,False,False
1993-01-27,1.0,0.004323295206491292,False,False
1993-01-28,1.0,0.004065327845543379,False,False
1993-01-29,1.0,0.003993163531550069,False,False
1993-02-01,1.0,0.004412332900107297,False,False
1993-02-02,1.0,0.004362879739407334,False,False
1993-02-03,1.0,0.0047972454418354965,False,False
1993-02-04,1.0,0.004880702078053209,False,False
1993-02-05,1.0,0.00491369046293852,False,False
1993-02-08,1.0,0.0047896383323681796,False,False
1993-02-09,1.0,0.004961439264736873,False,False
1993-02-10,1.0,0.004889633552259331,False,False
1993-02-11,1.0,0.0049037968316639965,False,False
1993-02-12,1.0,0.0049783826940999806,False,False
1993-02-16,4.0,0.008349550193144565,False,False
1993-02-17,4.0,0.00830038622137439,False,False
1993-02-18,4.0,0.00830212804719154,False,False
1993-02-19,4.0,0.008476608959924704,False,False
1993-02-22,4.0,0.008113123403731973,False,False
1993-02-23,4.0,0.008105429184868803,False,False
1993-02-24,4.0,0.008525099693332438,False,False
1993-02-25,4.0,0.0084306017806467,False,False
1993-02-26,4.0,0.008481628532401581,False,False
1993-03-01,4.0,0.0084930610853246,False,False
1993-03-02,4.0,0.009161150659482973,False,False
1993-03-03,4.0,0.009178807648855734,False,False
1993-03-04,4.0,0.009226206897516985,False,False
1993-03-05,4.0,0.009054138624674846,False,False
1993-03-08,3.0,0.00725578186314284,False,False
1993-03-09,3.0,0.007221775624639738,False,False
1993-03-10,3.0,0.006965470381766659,False,False
1993-03-11,3.0,0.007407572886306512,False,False
1993-03-12,3.0,0.008048697042168502,False,False
1993-03-15,3.0,0.007994076115338863,False,False
1993-03-16,3.0,0.007336083919503043,False,False
1993-03-17,3.0,0.007653870660907767,False,False
1993-03-18,3.0,0.007875628682183005,False,False
1993-03-19,3.0,0.00790806057111366,False,False
1993-03-22,3.0,0.0071776254356252425,False,False
1993-03-23,3.0,0.007129948391237655,False,False
1993-03-24,3.0,0.007042691191663996,False,False
1993-03-25,3.0,0.007170488273026593,False,False
1993-03-26,1.0,0.005133942051580603,False,False
1993-03-29,1.0,0.005538148137689546,False,False
1993-03-30,1.0,0.005447937669341813,False,False
1993-03-31,1.0,0.00525136527270542,False,False
1993-04-01,1.0,0.0047634218595199234,False,False
1993-04-02,3.0,0.007047725998492386,False,False
1993-04-05,3.0,0.007106241332523043,False,False
1993-04-06,2.0,0.006949202874311706,False,False
1993-04-07,2.0,0.006596339842668725,False,False
1993-04-08,2.0,0.006565092952700662,False,False
1993-04-12,3.0,0.0078056410268534495,False,False
1993-04-13,3.0,0.007823030178457088,False,False
1993-04-14,3.0,0.007818798237627444,False,False
1993-04-15,3.0,0.007615466189214428,False,False
1993-04-16,3.0,0.007387534595411474,False,False
1993-04-19,3.0,0.00719345152101337,False,False
1993-04-20,3.0,0.0072361980245143655,False,False
1993-04-21,3.0,0.007258580539566061,False,False
1993-04-22,3.0,0.007572857259108712,False,False
1993-04-23,2.0,0.0056312243968122695,False,False
1993-04-26,2.0,0.005889326066696897,False,False
1993-04-27,2.0,0.006647273866914971,False,False
1993-04-28,2.0,0.006547449579407966,False,False
1993-04-29,2.0,0.006575899802387368,False,False
1993-04-30,1.0,0.005073708028884714,False,False
1993-05-03,1.0,0.005301054349135725,False,False
1993-05-04,1.0,0.005445033902192373,False,False
1993-05-05,1.0,0.005466237830769976,False,False
1993-05-06,1.0,0.005469214160700206,False,False
1993-05-07,1.0,0.005438944261425272,False,False
1993-05-10,1.0,0.0053022756966655295,False,False
1993-05-11,1.0,0.0053250671998324225,False,False
1993-05-12,1.0,0.004558946962759611,False,False
1993-05-13,2.0,0.005594388150419438,False,False
1993-05-14,1.0,0.005048689969189656,False,False
1993-05-17,1.0,0.004306086402345181,False,False
1993-05-18,1.0,0.004307119453010773,False,False
1993-05-19,2.0,0.006066942878105092,False,False
1993-05-20,2.0,0.006222936184069097,False,False
1993-05-21,3.0,0.0069287088621055185,False,False
1993-05-24,3.0,0.006978633144432827,False,False
1993-05-25,3.0,0.006986146902319995,False,False
1993-05-26,3.0,0.007337066632740398,False,False
1993-05-27,3.0,0.007342223436922436,False,False
1993-05-28,3.0,0.007547911225386078,False,False
1993-06-01,3.0,0.007750477334660242,False,False
1993-06-02,3.0,0.007759440236112118,False,False
1993-06-03,2.0,0.006786394888795855,False,False
1993-06-04,3.0,0.007073947934211145,False,False
1993-06-07,3.0,0.007313894305028054,False,False
1993-06-08,3.0,0.007607609382178793,False,False
1993-06-09,2.0,0.006185180289749049,False,False
1993-06-10,2.0,0.005846774041639609,False,False
1993-06-11,1.0,0.005253370503942476,False,False
1993-06-14,1.0,0.00509235799625847,False,False
1993-06-15,1.0,0.005125795218593514,False,False
1993-06-16,1.0,0.004246636395660625,False,False
1993-06-17,1.0,0.0043221586663985,False,False
1993-06-18,1.0,0.005018876286991305,False,False
1993-06-21,1.0,0.004722494302307205,False,False
1993-06-22,1.0,0.004711969461439043,False,False
1993-06-23,1.0,0.004874959110930674,False,False
1993-06-24,1.0,0.0053059426567151164,False,False
1993-06-25,1.0,0.005167345156769548,False,False
1993-06-28,1.0,0.005361571623726705,False,False
1993-06-29,1.0,0.005435541649475337,False,False
1993-06-30,1.0,0.005424563417233189,False,False
1993-07-01,1.0,0.005437789722956442,False,False
1993-07-02,2.0,0.005776322348288512,False,False
1993-07-06,2.0,0.006293789954597535,False,False
1993-07-07,2.0,0.006319118670426887,False,False
1993-07-08,3.0,0.007288030962009846,False,False
1993-07-09,2.0,0.0065993264536644775,False,False
1993-07-12,2.0,0.0064550151030567,False,False
1993-07-13,2.0,0.006482144782654052,False,False
1993-07-14,2.0,0.006279109498854172,False,False
1993-07-15,2.0,0.006021544633932866,False,False
1993-07-16,2.0,0.0063722729712001125,False,False
1993-07-19,2.0,0.00573909037999131,False,False
1993-07-20,2.0,0.005802813426126285,False,False
1993-07-21,2.0,0.0058029948639588625,False,False
1993-07-22,2.0,0.005942440779520723,False,False
1993-07-23,2.0,0.005877031502185575,False,False
1993-07-26,1.0,0.005183899700446013,False,False
1993-07-27,1.0,0.0052147578212676845,False,False
1993-07-28,1.0,0.003911453381318443,False,False
1993-07-29,1.0,0.00432203457149086,False,False
1993-07-30,1.0,0.004493521067760892,False,False
1993-08-02,1.0,0.004620490779371574,False,False
1993-08-03,1.0,0.004497867966121605,False,False
1993-08-04,1.0,0.004489773548923324,False,False
1993-08-05,1.0,0.0039311132010844425,False,False
1993-08-06,1.0,0.003937263637863032,False,False
1993-08-09,1.0,0.004040946081911558,False,False
1993-08-10,1.0,0.0041365709795406725,False,False
1993-08-11,1.0,0.003729542989870157,False,False
1993-08-12,1.0,0.00361187807831006,False,False
1993-08-13,1.0,0.0034818502847846254,False,False
1993-08-16,1.0,0.0036480286174894196,False,False
1993-08-17,1.0,0.003550187287890598,False,False
1993-08-18,1.0,0.0035012268318940034,False,False
1993-08-19,1.0,0.0031092018217783635,False,False
1993-08-20,1.0,0.0030036899685929983,False,False
1993-08-23,1.0,0.0030100142909589185,False,False
1993-08-24,1.0,0.00374517107325139,False,False
1993-08-25,1.0,0.0036785958055223305,False,False
1993-08-26,1.0,0.0036736863565343413,False,False
1993-08-27,1.0,0.0036754105835037154,False,False
1993-08-30,1.0,0.003466317647550933,False,False
1993-08-31,1.0,0.0034935174543231358,False,False
1993-09-01,1.0,0.0032563938142148663,False,False
1993-09-02,1.0,0.003651191492383546,False,False
1993-09-03,1.0,0.0035522153916877344,False,False
1993-09-07,1.0,0.00407973582301185,False,False
1993-09-08,1.0,0.003941467349564234,False,False
1993-09-09,1.0,0.003965435494897888,False,False
1993-09-10,1.0,0.0046267061053206346,False,False
1993-09-13,1.0,0.004551443828147826,False,False
1993-09-14,1.0,0.004005933266380954,False,False
1993-09-15,1.0,0.004122149341901406,False,False
1993-09-16,1.0,0.004288184646279619,False,False
1993-09-17,1.0,0.004291914733561607,False,False
1993-09-20,1.0,0.004676034401611329,False,False
1993-09-21,1.0,0.004560925643037668,False,False
1993-09-22,1.0,0.0051345335349781375,False,False
1993-09-23,1.0,0.00518951515188563,False,False
1993-09-24,1.0,0.0051871477247172155,False,False
1993-09-27,2.0,0.005515701543745244,False,False
1993-09-28,2.0,0.005368697599229903,False,False
1993-09-29,2.0,0.005452554758288948,False,False
1993-09-30,1.0,0.004871197588222222,False,False
1993-10-01,1.0,0.005087213932415604,False,False
1993-10-04,1.0,0.004914685604314605,False,False
1993-10-05,1.0,0.004812856304308074,False,False
1993-10-06,1.0,0.004635919271815624,False,False
1993-10-07,1.0,0.004720865167693051,False,False
1993-10-08,1.0,0.004094458952768954,False,False
1993-10-11,1.0,0.003782493670478742,False,False
1993-10-12,1.0,0.003379193099242826,False,False
1993-10-13,1.0,0.003295649386638974,False,False
1993-10-14,1.0,0.004384902867956519,False,False
1993-10-15,1.0,0.004009288607534231,False,False
1993-10-18,1.0,0.004088914600697708,False,False
1993-10-19,1.0,0.004244991610031109,False,False
1993-10-20,1.0,0.004142851149580642,False,False
1993-10-21,1.0,0.00402725449525351,False,False
1993-10-22,1.0,0.004255156512368725,False,False
1993-10-25,1.0,0.004274744555378313,False,False
1993-10-26,1.0,0.004255098882916133,False,False
1993-10-27,1.0,0.004101395313788924,False,False
1993-10-28,1.0,0.004376854473787526,False,False
1993-10-29,1.0,0.004383687063750066,False,False
1993-11-01,1.0,0.004401657422562408,False,False
1993-11-02,1.0,0.004457290822774469,False,False
1993-11-03,1.0,0.004578528612185809,False,False
1993-11-04,1.0,0.0051230263812976585,False,False
1993-11-05,2.0,0.005396277925458096,False,False
1993-11-08,2.0,0.005347149929958099,False,False
1993-11-09,2.0,0.005354290849873441,False,False
1993-11-10,2.0,0.005779809416510137,False,False
1993-11-11,2.0,0.005685433271306264,False,False
1993-11-12,2.0,0.005889886726965444,False,False
1993-11-15,2.0,0.0059727820375250935,False,False
1993-11-16,2.0,0.006221716612075501,False,False
1993-11-17,2.0,0.006040213639848248,False,False
1993-11-18,2.0,0.0060623970245425925,False,False
1993-11-19,2.0,0.005994972896035888,False,False
1993-11-22,2.0,0.006245284744253725,False,False
1993-11-23,2.0,0.005657687222870375,False,False
1993-11-24,1.0,0.004585693258797026,False,False
1993-11-26,1.0,0.004463553309072454,False,False
1993-11-29,1.0,0.004527574520424213,False,False
1993-11-30,1.0,0.004529546531733141,False,False
1993-12-01,1.0,0.004043306402710435,False,False
1993-12-02,1.0,0.004067625846966272,False,False
1993-12-03,1.0,0.003869770932808956,False,False
1993-12-06,1.0,0.0038316707352504505,False,False
1993-12-07,1.0,0.0034242485144957693,False,False
1993-12-08,1.0,0.003229131964051091,False,False
1993-12-09,1.0,0.0033987658897979152,False,False
1993-12-10,1.0,0.003341183733240744,False,False
1993-12-13,1.0,0.0026180501362086106,False,False
1993-12-14,1.0,0.003005258635209813,False,False
1993-12-15,1.0,0.0030046165755019767,False,False
1993-12-16,1.0,0.003108926886684109,False,False
1993-12-17,1.0,0.003458518404045753,False,False
1993-12-20,1.0,0.003485304629469727,False,False
1993-12-21,1.0,0.0035177875648488665,False,False
1993-12-22,1.0,0.003623590774124851,False,False
1993-12-23,1.0,0.003506108825778237,False,False
1993-12-27,1.0,0.003831202581188002,False,False
1993-12-28,1.0,0.00383162225686501,False,False
1993-12-29,1.0,0.003824152541384315,False,False
1993-12-30,1.0,0.0037832514331178194,False,False
1993-12-31,1.0,0.004039749068995045,False,False
1994-01-03,1.0,0.003965486607307359,False,False
1994-01-04,1.0,0.003689460333035319,False,False
1994-01-05,1.0,0.003573993414636462,False,False
1994-01-06,1.0,0.003535056027539219,False,False
1994-01-07,1.0,0.0034593822531104874,False,False
1994-01-10,1.0,0.004461934215857675,False,False
1994-01-11,1.0,0.004528284510166123,False,False
1994-01-12,1.0,0.0044542954917579525,False,False
1994-01-13,1.0,0.004620674445215697,False,False
1994-01-14,1.0,0.004480406183588802,False,False
1994-01-17,1.0,0.0046084539856383715,False,False
1994-01-18,1.0,0.0046160416123192825,False,False
1994-01-19,1.0,0.004419920026931633,False,False
1994-01-20,1.0,0.004122298466678248,False,False
1994-01-21,1.0,0.004039544026510983,False,False
1994-01-24,1.0,0.0044348667149754955,False,False
1994-01-25,1.0,0.0045006849209035206,False,False
1994-01-26,1.0,0.00462060952779919,False,False
1994-01-27,1.0,0.004833043532908828,False,False
1994-01-28,1.0,0.003913042784607697,False,False
1994-01-31,1.0,0.004078175568075468,False,False
1994-02-01,1.0,0.0043102647755465465,False,False
1994-02-02,1.0,0.0042423210244770795,False,False
1994-02-03,1.0,0.004229690839019463,False,False
1994-02-04,4.0,0.007614284751557518,False,False
1994-02-07,4.0,0.007690024547739007,False,False
1994-02-08,4.0,0.007694324659490702,False,False
1994-02-09,4.0,0.007759307963979932,False,False
1994-02-10,4.0,0.008036926541036077,False,False
1994-02-11,4.0,0.007955441200422162,False,False
1994-02-14,4.0,0.00793573407866323,False,False
1994-02-15,4.0,0.007937085923037452,False,False
1994-02-16,4.0,0.007585571640792649,False,False
1994-02-17,4.0,0.007578706130325761,False,False
1994-02-18,3.0,0.007351621582896417,False,False
1994-02-22,4.0,0.007797066740137479,False,False
1994-02-23,4.0,0.007591777870392345,False,False
1994-02-24,4.0,0.008250615279324486,False,False
1994-02-25,2.0,0.00592303378030963,False,False
1994-02-28,2.0,0.005829745858318672,False,False
1994-03-01,2.0,0.00598589898603556,False,False
1994-03-02,2.0,0.0058626756651397665,False,False
1994-03-03,2.0,0.005577638109773908,False,False
1994-03-04,2.0,0.0056371581413615125,False,False
1994-03-07,2.0,0.005823596726650124,False,False
1994-03-08,2.0,0.005625779482517927,False,False
1994-03-09,2.0,0.005692099905545077,False,False
1994-03-10,2.0,0.005800112299570398,False,False
1994-03-11,2.0,0.005872321788301201,False,False
1994-03-14,2.0,0.005428687414971645,False,False
1994-03-15,2.0,0.005421305558565383,False,False
1994-03-16,1.0,0.00406719035718823,False,False
1994-03-17,1.0,0.004028254720990161,False,False
1994-03-18,1.0,0.004003942076328951,False,False
1994-03-21,1.0,0.003952130939292613,False,False
1994-03-22,1.0,0.003951865889982855,False,False
1994-03-23,1.0,0.0037562958677925845,False,False
1994-03-24,1.0,0.004474108379387232,False,False
1994-03-25,1.0,0.004737136093575786,False,False
1994-03-28,1.0,0.004724906371087482,False,False
1994-03-29,3.0,0.006171836996590706,True,False
1994-03-30,3.0,0.0070318435435481295,False,False
1994-03-31,3.0,0.006695795694237848,False,False
1994-04-04,3.0,0.00724906310915809,False,False
1994-04-05,5.0,0.009966247908734545,False,False
1994-04-06,5.0,0.009725119503085175,False,False
1994-04-07,5.0,0.009920837125684439,False,False
1994-04-08,5.0,0.00996309840471325,False,False
1994-04-11,5.0,0.010289458948795583,False,False
1994-04-12,5.0,0.010254497434671928,False,False
1994-04-13,5.0,0.010225002256018806,False,False
1994-04-14,5.0,0.010140612934021053,False,False
1994-04-15,5.0,0.010037462992391123,False,False
1994-04-18,5.0,0.010161695663815591,False,False
1994-04-19,5.0,0.009378534351642983,False,False
1994-04-20,4.0,0.008492147377399636,False,False
1994-04-21,5.0,0.00948650775342411,False,False
1994-04-22,4.0,0.008374317863079827,False,False
1994-04-25,3.0,0.006869889091562677,False,False
1994-04-26,3.0,0.006897212239260782,False,False
1994-04-28,3.0,0.006909440233922483,False,False
1994-04-29,3.0,0.006574417870450528,False,False
1994-05-02,3.0,0.006487926825433465,False,False
1994-05-03,3.0,0.006287443809850277,False,False
1994-05-04,3.0,0.0062858071015892,False,False
1994-05-05,3.0,0.006299224852198545,False,False
1994-05-06,3.0,0.006715314937735048,False,False
1994-05-09,3.0,0.0071780251035049175,False,False
1994-05-10,4.0,0.007516385880062286,False,False
1994-05-11,4.0,0.00804200898753337,False,False
1994-05-12,3.0,0.0069443657344896575,False,False
1994-05-13,3.0,0.006940310190216368,False,False
1994-05-16,2.0,0.006075489321515119,False,False
1994-05-17,3.0,0.006891535646831982,False,False
1994-05-18,3.0,0.007157321271554983,False,False
1994-05-19,3.0,0.007253550433948278,False,False
1994-05-20,3.0,0.0072505771222784775,False,False
1994-05-23,3.0,0.007332809943836792,False,False
1994-05-24,3.0,0.007337424718794647,False,False
1994-05-25,3.0,0.007366200996208515,False,False
1994-05-26,3.0,0.006927742846431621,False,False
1994-05-27,2.0,0.005696137468030668,False,False
1994-05-31,2.0,0.005526321365808527,False,False
1994-06-01,1.0,0.004349142002655083,False,False
1994-06-02,1.0,0.004332011839561934,False,False
1994-06-03,1.0,0.004393989565173649,False,False
1994-06-06,1.0,0.004596140391682043,False,False
1994-06-07,1.0,0.003950947780737661,False,False
1994-06-08,1.0,0.003292206956280138,False,False
1994-06-09,1.0,0.0029040454632843727,False,False
1994-06-10,1.0,0.0027298571926898736,False,False
1994-06-13,1.0,0.0024221739808444388,False,False
1994-06-14,1.0,0.0028636253404790016,False,False
1994-06-15,1.0,0.003077053470602756,False,False
1994-06-16,1.0,0.0031251247445265432,False,False
1994-06-17,1.0,0.0038370265152639135,False,False
1994-06-20,1.0,0.004209959947584063,False,False
1994-06-21,1.0,0.004758356501671913,False,False
1994-06-22,2.0,0.004929022939389086,False,False
1994-06-23,2.0,0.004918529365351718,False,False
1994-06-24,2.0,0.006130455265060167,False,False
1994-06-27,3.0,0.007008846070098589,False,False
1994-06-28,3.0,0.00701148814195463,False,False
1994-06-29,3.0,0.007093135434141695,False,False
1994-06-30,3.0,0.007187060136165846,False,False
1994-07-01,3.0,0.007359304231467077,False,False
1994-07-05,3.0,0.0069241805964977855,False,False
1994-07-06,3.0,0.006932282266099232,False,False
1994-07-07,3.0,0.007078759856139705,False,False
1994-07-08,3.0,0.006999353557474977,False,False
1994-07-11,3.0,0.006871591684167368,False,False
1994-07-12,3.0,0.00647919834999801,False,False
1994-07-13,3.0,0.006392139849062498,False,False
1994-07-14,3.0,0.006689432152034001,False,False
1994-07-15,1.0,0.004878005062731713,False,False
1994-07-18,1.0,0.004260408448703233,False,False
1994-07-19,1.0,0.004276487379357454,False,False
1994-07-20,1.0,0.004526166433431172,False,False
1994-07-21,1.0,0.003876988172145515,False,False
1994-07-22,1.0,0.0037791925236559183,False,False
1994-07-25,1.0,0.0037910217600899995,False,False
1994-07-26,1.0,0.0038610974086381207,False,False
1994-07-27,1.0,0.0037603086570168255,False,False
1994-07-28,1.0,0.0038137370803574427,False,False
1994-07-29,1.0,0.0041804958338666825,False,False
1994-08-01,1.0,0.004297867013190746,False,False
1994-08-02,1.0,0.004373728477155288,False,False
1994-08-03,1.0,0.0036274636605953766,False,False
1994-08-04,1.0,0.004189789458446627,False,False
1994-08-05,1.0,0.00426009584106775,False,False
1994-08-08,1.0,0.004166285526798613,False,False
1994-08-09,1.0,0.0038483204499076057,False,False
1994-08-10,1.0,0.003999310752014192,False,False
1994-08-11,1.0,0.004161108528530899,False,False
1994-08-12,1.0,0.00442248582679687,False,False
1994-08-15,1.0,0.004400621400227047,False,False
1994-08-16,1.0,0.004673692799960515,False,False
1994-08-17,1.0,0.004662909370346172,False,False
1994-08-18,1.0,0.004436353631146455,False,False
1994-08-19,1.0,0.004178712560994951,False,False
1994-08-22,1.0,0.004260899255406005,False,False
1994-08-23,1.0,0.004407539450218587,False,False
1994-08-24,1.0,0.004539738261659949,False,False
1994-08-25,1.0,0.0044812306177810495,False,False
1994-08-26,2.0,0.005280704341550347,False,False
1994-08-29,2.0,0.005242538104546042,False,False
1994-08-30,2.0,0.005191602689488316,False,False
1994-08-31,2.0,0.0050617251683048835,False,False
1994-09-01,2.0,0.005276365892780245,False,False
1994-09-02,2.0,0.005482630497453178,False,False
1994-09-06,2.0,0.005141101838586993,False,False
1994-09-07,2.0,0.005197047701305753,False,False
1994-09-08,2.0,0.005053134599968934,False,False
1994-09-09,2.0,0.005996979346529438,False,False
1994-09-12,3.0,0.006065852996248259,False,False
1994-09-13,2.0,0.005985910886703651,False,False
1994-09-14,2.0,0.005424784391994815,False,False
1994-09-15,3.0,0.006362069519831726,False,False
1994-09-16,2.0,0.005880934120006705,False,False
1994-09-19,2.0,0.00585112710112142,False,False
1994-09-20,3.0,0.0070419960607596465,False,False
1994-09-21,3.0,0.007061788469659105,False,False
1994-09-22,3.0,0.007028918919257868,False,False
1994-09-23,3.0,0.007000488319369211,False,False
1994-09-26,3.0,0.007028327913932911,False,False
1994-09-27,3.0,0.007123465134479158,False,False
1994-09-28,3.0,0.0072272277439956985,False,False
1994-09-29,3.0,0.006850910947909815,False,False
1994-09-30,3.0,0.006799302385962264,False,False
1994-10-03,3.0,0.006740728751002826,False,False
1994-10-04,4.0,0.007696078781381132,False,False
1994-10-05,3.0,0.006388796574297827,False,False
1994-10-06,3.0,0.006264207218197522,False,False
1994-10-07,3.0,0.006692103923258422,False,False
1994-10-10,3.0,0.006049693953415356,False,False
1994-10-11,3.0,0.007189874779421751,False,False
1994-10-12,3.0,0.00719343011030853,False,False
1994-10-13,3.0,0.00717529697554449,False,False
1994-10-14,3.0,0.007179721461802119,False,False
1994-10-17,3.0,0.007179170577410459,False,False
1994-10-18,3.0,0.007096132931821064,False,False
1994-10-19,3.0,0.006993071443023062,False,False
1994-10-20,4.0,0.007358224452956204,False,False
1994-10-21,4.0,0.007439639591740818,False,False
1994-10-24,3.0,0.006462593799059278,False,False
1994-10-25,3.0,0.006391574901370189,False,False
1994-10-26,3.0,0.0063004890865933855,False,False
1994-10-27,3.0,0.006354814564221251,False,False
1994-10-28,4.0,0.007351384978763632,False,False
1994-10-31,3.0,0.006538435127928617,False,False
1994-11-01,3.0,0.006995692987260767,False,False
1994-11-02,3.0,0.006964228589654033,False,False
1994-11-03,3.0,0.006971041041610854,False,False
1994-11-04,4.0,0.007665839681762076,False,False
1994-11-07,4.0,0.007680690733595555,False,False
1994-11-08,4.0,0.0076787607981129,False,False
1994-11-09,4.0,0.007439640606436696,False,False
1994-11-10,4.0,0.007376353185956676,False,False
1994-11-11,3.0,0.007064075599523231,False,False
1994-11-14,4.0,0.0073569559008133355,False,False
1994-11-15,4.0,0.007377674908617676,False,False
1994-11-16,3.0,0.007139810832480442,False,False
1994-11-17,2.0,0.005292599642365029,False,False
1994-11-18,2.0,0.0053407180663676964,False,False
1994-11-21,2.0,0.005212608013046314,False,False
1994-11-22,3.0,0.006825599741635084,False,False
1994-11-23,3.0,0.006672796141883282,False,False
1994-11-25,3.0,0.006416634317257499,False,False
1994-11-28,3.0,0.006542701045916365,False,False
1994-11-29,3.0,0.006327632649315661,False,False
1994-11-30,3.0,0.006333378474082107,False,False
1994-12-01,3.0,0.006753115253889492,False,False
1994-12-02,4.0,0.007452390872718878,False,False
1994-12-05,3.0,0.006972575852558788,False,False
1994-12-06,3.0,0.006983846030799855,False,False
1994-12-07,3.0,0.006947676393733342,False,False
1994-12-08,4.0,0.0074991612603106045,False,False
1994-12-09,4.0,0.007658960537389234,False,False
1994-12-12,4.0,0.007806760248006638,False,False
1994-12-13,2.0,0.0061697408142833325,False,False
1994-12-14,3.0,0.006789707310269445,False,False
1994-12-15,3.0,0.006669275157645077,False,False
1994-12-16,3.0,0.006874461912285962,False,False
1994-12-19,3.0,0.006894812367636446,False,False
1994-12-20,3.0,0.006844958479718134,False,False
1994-12-21,2.0,0.0061507695412978056,False,False
1994-12-22,2.0,0.005705411960906517,False,False
1994-12-23,2.0,0.005702280359527968,False,False
1994-12-27,2.0,0.005817261665800578,False,False
1994-12-28,2.0,0.005770034042940254,False,False
1994-12-29,1.0,0.004047725808533915,False,False
1994-12-30,1.0,0.0044008382588175505,False,False
1995-01-03,1.0,0.004306501604570439,False,False
1995-01-04,1.0,0.004338336446900273,False,False
1995-01-05,1.0,0.003513223878564193,False,False
1995-01-06,1.0,0.00351332165657879,False,False
1995-01-09,1.0,0.0029297379107916482,False,False
1995-01-10,1.0,0.002879631958266092,False,False
1995-01-11,1.0,0.0028070075943861825,False,False
1995-01-12,1.0,0.002450999623306526,False,False
1995-01-13,1.0,0.0034353956953638858,False,False
1995-01-16,1.0,0.0038179274827162385,False,False
1995-01-17,1.0,0.0036168283335306383,False,False
1995-01-18,1.0,0.0034132743742719854,False,False
1995-01-19,1.0,0.003927182366859645,False,False
1995-01-20,1.0,0.0039814060747026935,False,False
1995-01-23,1.0,0.003981367229551625,False,False
1995-01-24,1.0,0.003924104873727978,False,False
1995-01-25,1.0,0.003952545882130011,False,False
1995-01-26,1.0,0.003956446364687071,False,False
1995-01-27,1.0,0.0040387554407339075,False,False
1995-01-30,1.0,0.004291331191642963,False,False
1995-01-31,1.0,0.004351114857714462,False,False
1995-02-01,1.0,0.004351096695152055,False,False
1995-02-02,1.0,0.0038710214272983053,False,False
1995-02-03,1.0,0.004650381376903136,False,False
1995-02-06,1.0,0.004759639192430265,False,False
1995-02-07,1.0,0.004758203816212142,False,False
1995-02-08,1.0,0.004249252239558855,False,False
1995-02-09,1.0,0.003979019784971617,False,False
1995-02-10,1.0,0.003979756692011309,False,False
1995-02-13,1.0,0.003967027401570028,False,False
1995-02-14,1.0,0.003958189715845561,False,False
1995-02-15,1.0,0.003986143713377657,False,False
1995-02-16,1.0,0.003952229633814137,False,False
1995-02-17,1.0,0.004329730432817465,False,False
1995-02-21,1.0,0.004290329718764685,False,False
1995-02-22,1.0,0.004324306337085667,False,False
1995-02-23,1.0,0.004272017830134698,False,False
1995-02-24,1.0,0.0031140925552224966,False,False
1995-02-27,1.0,0.003947868085045664,False,False
1995-02-28,1.0,0.004345516037570472,False,False
1995-03-01,1.0,0.004512968497412706,False,False
1995-03-02,1.0,0.0044737408484836,False,False
1995-03-03,1.0,0.004439830861219684,False,False
1995-03-06,1.0,0.0044397171807678965,False,False
1995-03-07,2.0,0.004884512707064867,False,False
1995-03-08,2.0,0.004780957866215598,False,False
1995-03-09,2.0,0.00475951157792052,False,False
1995-03-10,2.0,0.005594180221899619,False,False
1995-03-13,2.0,0.005592832765877934,False,False
1995-03-14,2.0,0.005645956094672971,False,False
1995-03-15,2.0,0.0056512390153098556,False,False
1995-03-16,2.0,0.00589574288291269,False,False
1995-03-17,2.0,0.005177748517996452,False,False
1995-03-20,2.0,0.0049144061879292005,False,False
1995-03-21,2.0,0.004820561290901769,False,False
1995-03-22,2.0,0.004769894873853672,False,False
1995-03-23,2.0,0.004770400228620406,False,False
1995-03-24,2.0,0.005268857125938931,False,False
1995-03-27,1.0,0.004525715386090261,False,False
1995-03-28,1.0,0.0045414153190293715,False,False
1995-03-29,1.0,0.004640079972761233,False,False
1995-03-30,1.0,0.0037206518609691516,False,False
1995-03-31,1.0,0.003936777200278002,False,False
1995-04-03,1.0,0.0037534830783076474,False,False
1995-04-04,1.0,0.0038844056768096544,False,False
1995-04-05,1.0,0.0035874074820947976,False,False
1995-04-06,1.0,0.0035728281144847165,False,False
1995-04-07,1.0,0.0035793581940604035,False,False
1995-04-10,1.0,0.00342751840660152,False,False
1995-04-11,1.0,0.0036443492690042953,False,False
1995-04-12,1.0,0.003666823057063532,False,False
1995-04-13,1.0,0.002861440280789446,False,False
1995-04-17,1.0,0.0032898004298735546,False,False
1995-04-18,1.0,0.0033145793445141956,False,False
1995-04-19,1.0,0.0032923278408922025,False,False
1995-04-20,1.0,0.0032403893516726916,False,False
1995-04-21,1.0,0.00343018701893781,False,False
1995-04-24,1.0,0.003972801123325731,False,False
1995-04-25,1.0,0.003752580396306999,False,False
1995-04-26,1.0,0.0037516237003262496,False,False
1995-04-27,1.0,0.0037568432948149864,False,False
1995-04-28,1.0,0.003768530813387219,False,False
1995-05-01,1.0,0.003807541847103099,False,False
1995-05-02,1.0,0.00363519472820802,False,False
1995-05-03,1.0,0.004429936028799178,False,False
1995-05-04,1.0,0.0044042389158049705,False,False
1995-05-05,1.0,0.0038917617598658483,False,False
1995-05-08,1.0,0.004006101017713418,False,False
1995-05-09,1.0,0.00399776880323983,False,False
1995-05-10,1.0,0.003974960222824766,False,False
1995-05-11,1.0,0.0038831989593738885,False,False
1995-05-12,1.0,0.00341859519631324,False,False
1995-05-15,1.0,0.0033359150345794817,False,False
1995-05-16,1.0,0.003342386186148595,False,False
1995-05-17,1.0,0.0035312797891350377,False,False
1995-05-18,2.0,0.0055730587038494974,False,False
1995-05-19,2.0,0.005570512916690531,False,False
1995-05-22,3.0,0.005956482123930412,False,False
1995-05-23,2.0,0.0057841384212846585,False,False
1995-05-24,2.0,0.005785195023961659,False,False
1995-05-25,2.0,0.0057693286744978116,False,False
1995-05-26,3.0,0.006110369292416734,False,False
1995-05-30,3.0,0.0061069659759989065,False,False
1995-05-31,4.0,0.007878487760071405,False,False
1995-06-01,4.0,0.0078768339549495,False,False
1995-06-02,4.0,0.007911917620611188,False,False
1995-06-05,4.0,0.007974554261386584,False,False
1995-06-06,4.0,0.007980414974229622,False,False
1995-06-07,4.0,0.008077889756910019,False,False
1995-06-08,3.0,0.0068657453880827755,False,False
1995-06-09,4.0,0.007356794476281098,False,False
1995-06-12,4.0,0.007167161609552373,False,False
1995-06-13,4.0,0.007194806898717381,False,False
1995-06-14,4.0,0.007189886575051725,False,False
1995-06-15,4.0,0.007183039630397855,False,False
1995-06-16,3.0,0.006563732622087885,False,False
1995-06-19,3.0,0.0068373848214974275,False,False
1995-06-20,2.0,0.0051654761782744885,False,False
1995-06-21,2.0,0.0052336038758175225,False,False
1995-06-22,3.0,0.005971908017180706,False,False
1995-06-23,3.0,0.006024303103695521,False,False
1995-06-26,3.0,0.006828331682549563,False,False
1995-06-27,3.0,0.006748799176443247,False,False
1995-06-28,3.0,0.006745216900686351,False,False
1995-06-29,3.0,0.006198008493452073,False,False
1995-06-30,3.0,0.006119226268246076,False,False
1995-07-03,2.0,0.005744975308443471,False,False
1995-07-05,2.0,0.0057506182628435385,False,False
1995-07-06,3.0,0.006432151322214437,False,False
1995-07-07,3.0,0.006410013558762822,False,False
1995-07-10,3.0,0.006006281469613,False,False
1995-07-11,3.0,0.006192886898216126,False,False
1995-07-12,3.0,0.00662700876396579,False,False
1995-07-13,2.0,0.005866663243147418,False,False
1995-07-14,2.0,0.005843992317932951,False,False
1995-07-17,2.0,0.0048733387399462515,False,False
1995-07-18,2.0,0.005383175455828016,False,False
1995-07-19,3.0,0.006747887577764499,False,False
1995-07-20,3.0,0.006782580717972167,False,False
1995-07-21,3.0,0.006788015262675696,False,False
1995-07-24,3.0,0.006834963469124442,False,False
1995-07-25,3.0,0.0070601114066952695,False,False
1995-07-26,3.0,0.0063889603400479,False,False
1995-07-27,3.0,0.006497702303982653,False,False
1995-07-28,3.0,0.0066417131128048935,False,False
1995-07-31,3.0,0.006518770827274081,False,False
1995-08-01,3.0,0.0059669475348431466,False,False
1995-08-02,3.0,0.0059764199418058635,False,False
1995-08-03,3.0,0.005956381621873348,False,False
1995-08-04,2.0,0.00577107175310739,False,False
1995-08-07,2.0,0.005418629283748805,False,False
1995-08-08,1.0,0.0037247452271865944,False,False
1995-08-09,1.0,0.0036379643171407243,False,False
1995-08-10,1.0,0.003860878690080547,False,False
1995-08-11,1.0,0.0037717432909346437,False,False
1995-08-14,1.0,0.0038237112213231994,False,False
1995-08-15,1.0,0.0038424663644411154,False,False
1995-08-16,1.0,0.0034310238811231892,False,False
1995-08-17,1.0,0.003306197014917933,False,False
1995-08-18,1.0,0.0032979159864186267,False,False
1995-08-21,1.0,0.00313737976047581,False,False
1995-08-22,1.0,0.003192398386223537,False,False
1995-08-23,1.0,0.0033988100694983202,False,False
1995-08-24,1.0,0.0034022795958904765,False,False
1995-08-25,1.0,0.003610963821765182,False,False
1995-08-28,1.0,0.003639605293134026,False,False
1995-08-29,1.0,0.003658565634814981,False,False
1995-08-30,1.0,0.0034818135783274847,False,False
1995-08-31,1.0,0.00322350627339848,False,False
1995-09-01,1.0,0.0025556734542460983,False,False
1995-09-05,1.0,0.003369694232993251,False,False
1995-09-06,1.0,0.003355783514258627,False,False
1995-09-07,1.0,0.003265185401887225,False,False
1995-09-08,1.0,0.00332686294959755,False,False
1995-09-11,1.0,0.003155096434555123,False,False
1995-09-12,1.0,0.003225220725236279,False,False
1995-09-13,1.0,0.0026696875130621587,False,False
1995-09-14,1.0,0.0029767382539743524,False,False
1995-09-15,1.0,0.0031011096534741558,False,False
1995-09-18,1.0,0.0030039631884640457,False,False
1995-09-19,1.0,0.002986160344664228,False,False
1995-09-20,1.0,0.002978751045716062,False,False
1995-09-21,1.0,0.00393910210484697,False,False
1995-09-22,1.0,0.004131542253562893,False,False
1995-09-25,1.0,0.003601640249787308,False,False
1995-09-26,1.0,0.0036507651479586907,False,False
1995-09-27,1.0,0.0036788059369273003,False,False
1995-09-28,1.0,0.0040653460508047815,False,False
1995-09-29,1.0,0.00420651485875201,False,False
1995-10-02,1.0,0.004372842618327541,False,False
1995-10-03,1.0,0.004274164741340378,False,False
1995-10-04,1.0,0.00363859480310079,False,False
1995-10-05,1.0,0.003687195981969917,False,False
1995-10-06,1.0,0.003678432003869259,False,False
1995-10-09,1.0,0.0040488431504674596,False,False
1995-10-10,1.0,0.003773958990558192,False,False
1995-10-11,1.0,0.003618750911435129,False,False
1995-10-12,1.0,0.003989896676471449,False,False
1995-10-13,1.0,0.004034066527181154,False,False
1995-10-16,1.0,0.004098710507431202,False,False
1995-10-17,1.0,0.004409279475853578,False,False
1995-10-18,1.0,0.0038417377942756266,False,False
1995-10-19,1.0,0.003998001563305434,False,False
1995-10-20,1.0,0.004085672447606436,False,False
1995-10-23,1.0,0.00427843584436657,False,False
1995-10-24,1.0,0.00428126514053917,False,False
1995-10-25,2.0,0.004708193259994907,False,False
1995-10-26,2.0,0.005402727756353783,False,False
1995-10-27,2.0,0.00527944870494562,False,False
1995-10-30,2.0,0.005483318447599884,False,False
1995-10-31,2.0,0.005510350751758536,False,False
1995-11-01,2.0,0.005391699033704897,False,False
1995-11-02,3.0,0.0059133624186278756,False,False
1995-11-03,3.0,0.0058452411614463235,False,False
1995-11-06,2.0,0.005731721911362764,False,False
1995-11-07,3.0,0.005813894050887443,False,False
1995-11-08,3.0,0.006161235493053137,False,False
1995-11-09,3.0,0.005976508148225452,False,False
1995-11-10,3.0,0.005839003229497,False,False
1995-11-13,3.0,0.005834943014681731,False,False
1995-11-14,2.0,0.005665136840559631,False,False
1995-11-15,2.0,0.005029246969314083,False,False
1995-11-16,2.0,0.005055388304444988,False,False
1995-11-17,2.0,0.004978463394991066,False,False
1995-11-20,2.0,0.005198906923829922,False,False
1995-11-21,2.0,0.005246909567279765,False,False
1995-11-22,2.0,0.0049344722425961485,False,False
1995-11-24,2.0,0.004951810970971739,False,False
1995-11-27,2.0,0.004767170572014478,False,False
1995-11-28,2.0,0.0048541673227176394,False,False
1995-11-29,2.0,0.0044497510913469466,False,False
1995-11-30,2.0,0.004688880943696572,False,False
1995-12-01,2.0,0.0046478531189907855,False,False
1995-12-04,2.0,0.005199086136189635,False,False
1995-12-05,2.0,0.004798474995241665,False,False
1995-12-06,2.0,0.004625870291799758,False,False
1995-12-07,2.0,0.005207592891142552,False,False
1995-12-08,2.0,0.005163799733850626,False,False
1995-12-11,2.0,0.004704593149647506,False,False
1995-12-12,2.0,0.004725131798554285,False,False
1995-12-13,2.0,0.004513245067202252,False,False
1995-12-14,2.0,0.005305694023646962,False,False
1995-12-15,2.0,0.0053619062173895955,False,False
1995-12-18,3.0,0.006724635015929863,False,False
1995-12-19,4.0,0.007077116855744215,False,False
1995-12-20,4.0,0.007531170902389189,False,False
1995-12-21,4.0,0.007765502462556061,False,False
1995-12-22,4.0,0.007184057208076822,False,False
1995-12-26,4.0,0.0070265318404363186,False,False
1995-12-27,3.0,0.006916149392752972,False,False
1995-12-28,3.0,0.006710416710170955,False,False
1995-12-29,3.0,0.006736117926837327,False,False
1996-01-02,4.0,0.00701339820750181,False,False
1996-01-03,4.0,0.007005428392072338,False,False
1996-01-04,4.0,0.007062130868709121,False,False
1996-01-05,3.0,0.0067627883821677155,False,False
1996-01-08,3.0,0.006798585196192071,False,False
1996-01-09,3.0,0.0066385090043852854,False,False
1996-01-10,4.0,0.007836312609123422,False,False
1996-01-11,4.0,0.007765262254011193,False,False
1996-01-12,4.0,0.007429049689900876,False,False
1996-01-15,4.0,0.00738376995765052,False,False
1996-01-16,5.0,0.00841123279100924,False,False
1996-01-17,5.0,0.008435309522841057,False,False
1996-01-18,5.0,0.008504277852651041,False,False
1996-01-19,5.0,0.008636205977252284,False,False
1996-01-22,5.0,0.00836202779780277,False,False
1996-01-23,5.0,0.008345989184576534,False,False
1996-01-24,5.0,0.008855225896980755,False,False
1996-01-25,5.0,0.008945123527898759,False,False
1996-01-26,5.0,0.009136821530496868,False,False
1996-01-29,4.0,0.008077530614867686,False,False
1996-01-30,3.0,0.005940159924633696,False,False
1996-01-31,3.0,0.0060670293934705615,False,False
1996-02-01,3.0,0.005872771102418667,False,False
1996-02-02,3.0,0.005955031151237527,False,False
1996-02-05,2.0,0.005390944223540113,False,False
1996-02-06,2.0,0.005056055187867909,False,False
1996-02-07,2.0,0.005043606160659435,False,False
1996-02-08,2.0,0.005190771088326968,False,False
1996-02-09,2.0,0.005295847323235313,False,False
1996-02-12,2.0,0.005064499939213257,False,False
1996-02-13,2.0,0.00504193767744856,False,False
1996-02-14,2.0,0.0054670451481339515,False,False
1996-02-15,3.0,0.006094564494172274,False,False
1996-02-16,3.0,0.0064913564620521285,False,False
1996-02-20,4.0,0.007168257290482051,False,False
1996-02-21,4.0,0.007389758364551101,False,False
1996-02-22,5.0,0.008417052040562582,False,False
1996-02-23,4.0,0.00824071585568154,False,False
1996-02-26,5.0,0.00901969730246368,False,False
1996-02-27,5.0,0.008936294691103014,False,False
1996-02-28,5.0,0.008847942215607215,False,False
1996-02-29,5.0,0.008492049996782226,False,False
1996-03-01,5.0,0.008736154606062254,False,False
1996-03-04,5.0,0.008932029511166506,False,False
1996-03-05,5.0,0.00923351250207316,False,False
1996-03-06,5.0,0.0091456082127558,False,False
1996-03-07,5.0,0.008997718216956666,False,False
1996-03-08,5.0,0.012312933120920234,False,False
1996-03-11,5.0,0.012349847377892183,False,False
1996-03-12,5.0,0.011926781890652044,False,False
1996-03-13,5.0,0.010863755794110813,False,False
1996-03-14,5.0,0.010958911811724053,False,False
1996-03-15,5.0,0.01049112149588161,False,False
1996-03-18,5.0,0.011488855289712488,False,False
1996-03-19,5.0,0.011435405640229034,False,False
1996-03-20,5.0,0.01128046512501833,False,False
1996-03-21,5.0,0.011196771466132042,False,False
1996-03-22,5.0,0.01088289475229771,False,False
1996-03-25,5.0,0.010658474693344163,False,False
1996-03-26,5.0,0.010629616605697894,False,False
1996-03-27,5.0,0.010733634037435639,False,False
1996-03-28,3.0,0.006074301016383549,False,False
1996-03-29,3.0,0.005813065903850094,False,False
1996-04-01,3.0,0.0064238377514387116,False,False
1996-04-02,3.0,0.006424112020524077,False,False
1996-04-03,3.0,0.006406856976304146,False,False
1996-04-04,3.0,0.006419866734629829,False,False
1996-04-08,3.0,0.0066677800414656156,False,False
1996-04-09,3.0,0.006694278148760626,False,False
1996-04-10,4.0,0.007491443134177375,False,False
1996-04-11,4.0,0.007504541584682486,False,False
1996-04-12,4.0,0.00797383934745923,False,False
1996-04-15,5.0,0.008462814072692382,False,False
1996-04-16,5.0,0.008435288966875317,False,False
1996-04-17,4.0,0.008391852310325791,False,False
1996-04-18,5.0,0.008455628914823578,False,False
1996-04-19,4.0,0.008372027175429703,False,False
1996-04-22,4.0,0.007666012746993962,False,False
1996-04-23,4.0,0.007816431343982575,False,False
1996-04-24,4.0,0.007819398243575441,False,False
1996-04-25,4.0,0.00792271365578002,False,False
1996-04-26,3.0,0.006103808492590342,False,False
1996-04-29,3.0,0.005983212446996456,False,False
1996-04-30,1.0,0.004210729264950132,False,False
1996-05-01,1.0,0.0038869034558830424,False,False
1996-05-02,3.0,0.006233007663083067,False,False
1996-05-03,3.0,0.005807402437106351,False,False
1996-05-06,2.0,0.0056972581356515535,False,False
1996-05-07,2.0,0.005623910542459091,False,False
1996-05-08,3.0,0.006240002026792729,False,False
1996-05-09,3.0,0.006216241089185484,False,False
1996-05-10,3.0,0.006710639018626335,False,False
1996-05-13,4.0,0.007572825292734879,False,False
1996-05-14,4.0,0.007625176141324406,False,False
1996-05-15,4.0,0.0076064855472481535,False,False
1996-05-16,4.0,0.007629130941374116,False,False
1996-05-17,4.0,0.007737925704209198,False,False
1996-05-20,4.0,0.007822014477719278,False,False
1996-05-21,4.0,0.007845421823992341,False,False
1996-05-22,2.0,0.005719239413630998,False,False
1996-05-23,2.0,0.00579763282757631,False,False
1996-05-24,2.0,0.005616787650457733,False,False
1996-05-28,3.0,0.006337054225301104,False,False
1996-05-29,3.0,0.006583004493098936,False,False
1996-05-30,3.0,0.006617715621023066,False,False
1996-05-31,3.0,0.00647591988921371,False,False
1996-06-03,2.0,0.005445117782998759,False,False
1996-06-04,2.0,0.005539429114293555,False,False
1996-06-05,3.0,0.005919434048835379,False,False
1996-06-06,3.0,0.006415240620343903,False,False
1996-06-07,3.0,0.0062372224014396885,False,False
1996-06-10,3.0,0.006023350421325427,False,False
1996-06-11,3.0,0.0060389855809666855,False,False
1996-06-12,2.0,0.005539172365889599,False,False
1996-06-13,2.0,0.005494240467908378,False,False
1996-06-14,2.0,0.005358779444922218,False,False
1996-06-17,2.0,0.00484591945632089,False,False
1996-06-18,2.0,0.0047095597852143,False,False
1996-06-19,1.0,0.004358975094118842,False,False
1996-06-20,1.0,0.004292544260744907,False,False
1996-06-21,2.0,0.0047524598984962675,False,False
1996-06-24,1.0,0.004363921847849476,False,False
1996-06-25,1.0,0.003493569359585924,False,False
1996-06-26,1.0,0.003233609893916083,False,False
1996-06-27,1.0,0.0037524094842816273,False,False
1996-06-28,1.0,0.0038530641717220175,False,False
1996-07-01,1.0,0.004361029753618128,False,False
1996-07-02,1.0,0.004391856761346745,False,False
1996-07-03,1.0,0.004396610811009727,False,False
1996-07-05,4.0,0.007542475230236904,False,False
1996-07-08,4.0,0.007744873711971434,False,False
1996-07-09,4.0,0.007779624744001516,False,False
1996-07-10,4.0,0.007814410693181848,False,False
1996-07-11,5.0,0.008811117382773693,False,False
1996-07-12,5.0,0.008473699264585792,False,False
1996-07-15,5.0,0.010364942979625723,True,False
1996-07-16,5.0,0.010327284344401614,False,False
1996-07-17,5.0,0.010912266881670348,False,False
1996-07-18,5.0,0.011707741546594033,False,False
1996-07-19,5.0,0.011645526567567295,False,False
1996-07-22,5.0,0.011221771688226488,False,False
1996-07-23,5.0,0.011340168771102006,False,False
1996-07-24,5.0,0.011379461972984083,False,False
1996-07-25,5.0,0.010614560272134203,False,False
1996-07-26,5.0,0.010868402120799033,False,False
1996-07-29,5.0,0.01086851042296456,False,False
1996-07-30,5.0,0.011104255969939482,False,False
1996-07-31,5.0,0.010636331750263045,False,False
1996-08-01,5.0,0.011492446127474349,False,False
1996-08-02,5.0,0.009757148615403135,False,False
1996-08-05,5.0,0.009814873840340167,False,False
1996-08-06,5.0,0.009686568311745929,False,False
1996-08-07,5.0,0.009079398258464898,False,False
1996-08-08,5.0,0.008750144962115085,False,False
1996-08-09,4.0,0.008295493392576306,False,False
1996-08-12,4.0,0.007248393945283241,False,False
1996-08-13,4.0,0.007932803851704114,False,False
1996-08-14,4.0,0.00787196797670827,False,False
1996-08-15,4.0,0.007819680054447295,False,False
1996-08-16,4.0,0.007179909166766888,False,False
1996-08-19,4.0,0.007135687429951584,False,False
1996-08-20,4.0,0.007146673190901904,False,False
1996-08-21,3.0,0.0061689410943160964,False,False
1996-08-22,1.0,0.004213850591188809,False,False
1996-08-23,1.0,0.00440471875621342,False,False
1996-08-26,2.0,0.004567373304321164,False,False
1996-08-27,2.0,0.004623517017017756,False,False
1996-08-28,2.0,0.004624485404415643,False,False
1996-08-29,2.0,0.005548910904837165,False,False
1996-08-30,2.0,0.005618540755414826,False,False
1996-09-03,2.0,0.005431686487102777,False,False
1996-09-04,2.0,0.0053758342379837615,False,False
1996-09-05,3.0,0.0058469541029369295,False,False
1996-09-06,3.0,0.006378375213717568,False,False
1996-09-09,4.0,0.007276161285764207,False,False
1996-09-10,4.0,0.0072705192950240265,False,False
1996-09-11,4.0,0.007407308539835439,False,False
1996-09-12,4.0,0.007216024924817162,False,False
1996-09-13,4.0,0.00790082690871183,False,False
1996-09-16,4.0,0.007744409194874855,False,False
1996-09-17,4.0,0.007786876094298366,False,False
1996-09-18,4.0,0.007777550778012278,False,False
1996-09-19,3.0,0.0068235199999195344,False,False
1996-09-20,3.0,0.0060771469014031625,False,False
1996-09-23,3.0,0.006194049543040474,False,False
1996-09-24,3.0,0.00629899573036295,False,False
1996-09-25,2.0,0.005241717295895467,False,False
1996-09-26,2.0,0.005064276444320343,False,False
1996-09-27,1.0,0.004379912037975189,False,False
1996-09-30,1.0,0.004336199196404847,False,False
1996-10-01,1.0,0.0042651743308490635,False,False
1996-10-02,1.0,0.0043638495794630075,False,False
1996-10-03,1.0,0.002975557380292607,False,False
1996-10-04,1.0,0.004131734109376223,False,False
1996-10-07,1.0,0.004022828600462558,False,False
1996-10-08,1.0,0.004182737485516397,False,False
1996-10-09,2.0,0.0046426449159334745,False,False
1996-10-10,2.0,0.004596850440694598,False,False
1996-10-11,2.0,0.005023098271320843,False,False
1996-10-14,2.0,0.005003713461344692,False,False
1996-10-15,2.0,0.005063810830137948,False,False
1996-10-16,2.0,0.005044836299235005,False,False
1996-10-17,2.0,0.0050472034431817345,False,False
1996-10-18,2.0,0.005118836213309368,False,False
1996-10-21,2.0,0.005216122167184249,False,False
1996-10-22,2.0,0.005293990267877546,False,False
1996-10-23,2.0,0.005222350440811762,False,False
1996-10-24,2.0,0.004640524408472225,False,False
1996-10-25,2.0,0.004606419944891747,False,False
1996-10-28,2.0,0.004703860535901685,False,False
1996-10-29,2.0,0.004736091823654099,False,False
1996-10-30,2.0,0.004644777774776583,False,False
1996-10-31,1.0,0.0043555394407094735,False,False
1996-11-01,1.0,0.004273266811949136,False,False
1996-11-04,1.0,0.004390728120975736,False,False
1996-11-05,2.0,0.005126245627165408,False,False
1996-11-06,3.0,0.006260620204306565,False,False
1996-11-07,3.0,0.006215265066926904,False,False
1996-11-08,3.0,0.006187998123160665,False,False
1996-11-11,3.0,0.005886989130432593,False,False
1996-11-12,3.0,0.006071263494168699,False,False
1996-11-13,2.0,0.005455812054446664,False,False
1996-11-14,2.0,0.005346082571244458,False,False
1996-11-15,2.0,0.004745598207822531,False,False
1996-11-18,2.0,0.004872018868763515,False,False
1996-11-19,2.0,0.004777458167208907,False,False
1996-11-20,2.0,0.004755188251173235,False,False
1996-11-21,2.0,0.004707449888005789,False,False
1996-11-22,2.0,0.004838091895355308,False,False
1996-11-25,2.0,0.004899880322861682,False,False
1996-11-26,1.0,0.004092712849330298,False,False
1996-11-27,1.0,0.0042305637835801345,False,False
1996-11-29,1.0,0.004202027964824308,False,False
1996-12-02,1.0,0.004277258403838422,False,False
1996-12-03,2.0,0.005418790017516377,False,False
1996-12-04,2.0,0.005653460824040264,False,False
1996-12-05,2.0,0.005481907637233593,False,False
1996-12-06,3.0,0.0057879125795078186,False,False
1996-12-09,3.0,0.0067966124062377705,False,False
1996-12-10,3.0,0.006669497974415865,False,False
1996-12-11,4.0,0.007117692169414432,False,False
1996-12-12,4.0,0.00820561732993761,False,False
1996-12-13,4.0,0.007760097108367501,False,False
1996-12-16,4.0,0.007102527674424135,False,False
1996-12-17,4.0,0.007627202615320654,False,False
1996-12-18,4.0,0.008118921493321359,False,False
1996-12-19,5.0,0.009905512707482267,False,False
1996-12-20,5.0,0.01000416876612341,False,False
1996-12-23,5.0,0.009583643739890018,False,False
1996-12-24,5.0,0.009614589011652517,False,False
1996-12-26,5.0,0.009723415639391993,False,False
1996-12-27,5.0,0.009479259405335822,False,False
1996-12-30,5.0,0.008912941110360005,False,False
1996-12-31,5.0,0.010106601539807428,False,False
1997-01-02,5.0,0.00989852461100696,False,False
1997-01-03,5.0,0.009639945377333176,False,False
1997-01-06,5.0,0.009631915896987434,False,False
1997-01-07,5.0,0.009030973498065777,False,False
1997-01-08,5.0,0.009296652018452521,False,False
1997-01-09,5.0,0.009345985957701931,False,False
1997-01-10,4.0,0.00808162831457983,False,False
1997-01-13,4.0,0.008044764169520194,False,False
1997-01-14,5.0,0.008497024214513633,False,False
1997-01-15,5.0,0.008506133542479295,False,False
1997-01-16,4.0,0.008411469916622814,False,False
1997-01-17,5.0,0.008616982710321857,False,False
1997-01-20,5.0,0.008469742695559043,False,False
1997-01-21,3.0,0.006391326390885555,False,False
1997-01-22,3.0,0.005844824114391972,False,False
1997-01-23,3.0,0.0064344974953794536,False,False
1997-01-24,4.0,0.007141043792837807,False,False
1997-01-27,4.0,0.007372372724868921,False,False
1997-01-28,4.0,0.007061131995002937,False,False
1997-01-29,4.0,0.007155929491295147,False,False
1997-01-30,4.0,0.007932244306324948,False,False
1997-01-31,4.0,0.007905316267200374,False,False
1997-02-03,4.0,0.007392763575669348,False,False
1997-02-04,4.0,0.00731926630870543,False,False
1997-02-05,5.0,0.008459910029284076,False,False
1997-02-06,4.0,0.00819939642133206,False,False
1997-02-07,5.0,0.008770062261650138,False,False
1997-02-10,5.0,0.00870978520345164,False,False
1997-02-11,5.0,0.008742575983594264,False,False
1997-02-12,5.0,0.009086320132128956,False,False
1997-02-13,5.0,0.008745276440191066,False,False
1997-02-14,5.0,0.008487886618365047,False,False
1997-02-18,5.0,0.008532795903383173,False,False
1997-02-19,5.0,0.008736366343822802,False,False
1997-02-20,5.0,0.009003965505177592,False,False
1997-02-21,5.0,0.009033777408290656,False,False
1997-02-24,5.0,0.009353487342390226,False,False
1997-02-25,5.0,0.009348159214605915,False,False
1997-02-26,5.0,0.008654398631147713,False,False
1997-02-27,5.0,0.009621831675346852,False,False
1997-02-28,5.0,0.009256866885890464,False,False
1997-03-03,5.0,0.009230105928224298,False,False
1997-03-04,5.0,0.009285213960056795,False,False
1997-03-05,5.0,0.008940100673325914,False,False
1997-03-06,4.0,0.008377730389703669,False,False
1997-03-07,5.0,0.008670746415330763,False,False
1997-03-10,5.0,0.008773105258539969,False,False
1997-03-11,5.0,0.008715561466983547,False,False
1997-03-12,4.0,0.008413667464293622,False,False
1997-03-13,5.0,0.009775627769247428,False,False
1997-03-14,5.0,0.00934772541177367,False,False
1997-03-17,5.0,0.009383294881693564,False,False
1997-03-18,5.0,0.009372015016589332,False,False
1997-03-19,5.0,0.008811825565619318,False,False
1997-03-20,5.0,0.008764940449514778,False,False
1997-03-21,5.0,0.008608565388941053,False,False
1997-03-24,5.0,0.008866165480748915,False,False
1997-03-25,4.0,0.007923896026516112,False,False
1997-03-26,4.0,0.00790639557724406,False,False
1997-03-27,5.0,0.009185161371213073,False,False
1997-03-31,5.0,0.00961399914757415,False,False
1997-04-01,5.0,0.009865436010433862,False,False
1997-04-02,5.0,0.010040082836637683,True,False
1997-04-03,5.0,0.009330098972906011,False,False
1997-04-04,5.0,0.009804683004797489,False,False
1997-04-07,5.0,0.009943907371029697,False,False
1997-04-08,5.0,0.010083665237752067,False,False
1997-04-09,5.0,0.010150632169129146,False,False
1997-04-10,5.0,0.010141603965199749,False,False
1997-04-11,5.0,0.012100877048655203,True,False
1997-04-14,5.0,0.012067178406899838,False,False
1997-04-15,5.0,0.013101310026477943,False,False
1997-04-16,5.0,0.013638792739454465,False,False
1997-04-17,5.0,0.012527916670587542,False,False
1997-04-18,5.0,0.011107924485924578,False,False
1997-04-21,5.0,0.0113155462344429,False,False
1997-04-22,5.0,0.011687294064314839,False,False
1997-04-23,5.0,0.011714780455541083,False,False
1997-04-24,5.0,0.011564324690607053,False,False
1997-04-25,5.0,0.011717892563049576,False,False
1997-04-28,5.0,0.011931761633009888,False,False
1997-04-29,5.0,0.013577270483922715,False,False
1997-04-30,5.0,0.013548051779150217,False,False
1997-05-01,5.0,0.010382474030219207,False,False
1997-05-02,5.0,0.010878243356958596,False,False
1997-05-05,5.0,0.011378533437976741,False,False
1997-05-06,5.0,0.011576560551133134,False,False
1997-05-07,5.0,0.012673214678474074,False,False
1997-05-08,5.0,0.012671418690670512,False,False
1997-05-09,5.0,0.01213501811352627,False,False
1997-05-12,5.0,0.011913370070983328,False,False
1997-05-13,5.0,0.012147404826305469,False,False
1997-05-14,5.0,0.011917988643952543,False,False
1997-05-15,5.0,0.011283585516578798,False,False
1997-05-16,5.0,0.01258141755353336,False,False
1997-05-19,5.0,0.010898431030433165,False,False
1997-05-20,5.0,0.010936250678337412,False,False
1997-05-21,5.0,0.010900358307501499,False,False
1997-05-22,5.0,0.010251725320229681,False,False
1997-05-23,5.0,0.00932397298870103,False,False
1997-05-27,5.0,0.009241938452148544,False,False
1997-05-28,4.0,0.008069635752708337,False,False
1997-05-29,4.0,0.00819323248124215,False,False
1997-05-30,4.0,0.008177220023322239,False,False
1997-06-02,4.0,0.007248577424013447,False,False
1997-06-03,3.0,0.0070540884929758746,False,False
1997-06-04,4.0,0.007280661955881066,False,False
1997-06-05,3.0,0.0071125397533725624,False,False
1997-06-06,3.0,0.007130010621638604,False,False
1997-06-09,3.0,0.00716962216311816,False,False
1997-06-10,3.0,0.006838413732473434,False,False
1997-06-11,3.0,0.00673827289752044,False,False
1997-06-12,4.0,0.007287178683320194,False,False
1997-06-13,3.0,0.0070648035802745555,False,False
1997-06-16,3.0,0.007112124487910729,False,False
1997-06-17,3.0,0.006921454145163137,False,False
1997-06-18,3.0,0.00713993665238904,False,False
1997-06-19,4.0,0.007331971304133129,False,False
1997-06-20,3.0,0.007172645402666861,False,False
1997-06-23,5.0,0.01011447684924458,False,False
1997-06-24,5.0,0.01071953277845498,False,False
1997-06-25,5.0,0.011259754654915088,False,False
1997-06-26,5.0,0.010834200929805228,False,False
1997-06-27,5.0,0.010801724160026827,False,False
1997-06-30,5.0,0.01086262791848561,False,False
1997-07-01,5.0,0.010911309093350172,False,False
1997-07-02,5.0,0.010781093653917424,False,False
1997-07-03,5.0,0.011019474951345998,False,False
1997-07-07,5.0,0.011177425649040704,False,False
1997-07-08,5.0,0.011275874168360445,False,False
1997-07-09,5.0,0.011729943470014026,False,False
1997-07-10,5.0,0.011583439264923017,False,False
1997-07-11,5.0,0.011593691743976692,False,False
1997-07-14,5.0,0.009316268949530847,False,False
1997-07-15,4.0,0.008129203296628387,False,False
1997-07-16,4.0,0.007877591532880574,False,False
1997-07-17,4.0,0.007816746566057119,False,False
1997-07-18,5.0,0.009687010105272955,False,False
1997-07-21,5.0,0.009692425412528766,False,False
1997-07-22,5.0,0.011116266507359394,False,False
1997-07-23,5.0,0.010645609199256422,False,False
1997-07-24,5.0,0.0101249955072828,False,False
1997-07-25,5.0,0.009980615442592237,False,False
1997-07-28,5.0,0.009934252025403215,False,False
1997-07-29,5.0,0.009182169221455906,False,False
1997-07-30,5.0,0.00936310896044959,False,False
1997-07-31,5.0,0.009365413545674172,False,False
1997-08-01,5.0,0.009771911502617445,False,False
1997-08-04,5.0,0.009637395744840814,False,False
1997-08-05,5.0,0.009223079699243238,False,False
1997-08-06,5.0,0.009201439574947269,False,False
1997-08-07,4.0,0.008038836930042948,False,False
1997-08-08,5.0,0.009822849919611229,False,False
1997-08-11,4.0,0.007764346439237611,False,False
1997-08-12,4.0,0.008296552016878131,False,False
1997-08-13,4.0,0.00824389581309397,False,False
1997-08-14,4.0,0.008325808033779988,False,False
1997-08-15,5.0,0.010715375709865594,False,False
1997-08-18,5.0,0.011278781142534144,False,False
1997-08-19,5.0,0.011689745940313771,False,False
1997-08-20,5.0,0.012448805246191425,False,False
1997-08-21,5.0,0.012923288899930385,False,False
1997-08-22,5.0,0.012842914331251511,False,False
1997-08-25,5.0,0.012790190097716805,False,False
1997-08-26,5.0,0.012467072745539301,False,False
1997-08-27,5.0,0.012392890444548483,False,False
1997-08-28,5.0,0.011791696348735902,False,False
1997-08-29,5.0,0.011674333693198416,False,False
1997-09-02,5.0,0.014442912690751762,False,False
1997-09-03,5.0,0.014372237935944665,False,False
1997-09-04,5.0,0.014375931657745387,False,False
1997-09-05,5.0,0.012204769417682637,False,False
1997-09-08,5.0,0.011814088819697859,False,False
1997-09-09,5.0,0.011195808196685036,False,False
1997-09-10,5.0,0.01124424244721665,False,False
1997-09-11,5.0,0.010665467806625287,False,False
1997-09-12,5.0,0.011235969308436499,False,False
1997-09-15,5.0,0.011258962174580292,False,False
1997-09-16,5.0,0.013210309996670225,False,False
1997-09-17,5.0,0.01328034891342508,False,False
1997-09-18,5.0,0.012721792556398737,False,False
1997-09-19,5.0,0.01251131364100666,False,False
1997-09-22,5.0,0.009882632169573299,False,False
1997-09-23,5.0,0.00999499664460891,False,False
1997-09-24,5.0,0.010309607078338544,False,False
1997-09-25,5.0,0.010507343179603404,False,False
1997-09-26,5.0,0.010672290938527292,False,False
1997-09-29,5.0,0.010855162260094914,False,False
1997-09-30,5.0,0.009962091698342437,False,False
1997-10-01,5.0,0.009723221068374139,False,False
1997-10-02,5.0,0.009395224943092124,False,False
1997-10-03,5.0,0.009167587360173285,False,False
1997-10-06,3.0,0.006162378708198171,False,False
1997-10-07,3.0,0.0063997336755676325,False,False
1997-10-08,3.0,0.007185473359264604,False,False
1997-10-09,4.0,0.007306079363329661,False,False
1997-10-10,4.0,0.007350470288059155,False,False
1997-10-13,3.0,0.007234010012531928,False,False
1997-10-14,3.0,0.006748302309848126,False,False
1997-10-15,3.0,0.006542007498381122,False,False
1997-10-16,3.0,0.007168052397730922,False,False
1997-10-17,4.0,0.0075059799251644245,False,False
1997-10-20,4.0,0.008030083850607623,False,False
1997-10-21,4.0,0.008978233442767602,False,False
1997-10-22,4.0,0.00899703902015826,False,False
1997-10-23,5.0,0.010238775036848263,False,False
1997-10-24,5.0,0.01012473767545735,False,False
1997-10-27,5.0,0.02042066390842932,True,False
1997-10-28,5.0,0.025625887340196066,False,False
1997-10-29,5.0,0.025626808894195486,False,False
1997-10-30,5.0,0.025864239456440338,False,False
1997-10-31,5.0,0.0262189992204666,False,False
1997-11-03,5.0,0.027424028507045634,False,False
1997-11-04,5.0,0.027436827324471627,False,False
1997-11-05,5.0,0.027327671370095976,False,False
1997-11-06,5.0,0.027184128441692476,False,False
1997-11-07,5.0,0.027072548812312115,False,False
1997-11-10,5.0,0.026503370128204144,False,False
1997-11-11,5.0,0.02656432137878072,False,False
1997-11-12,5.0,0.026606254635431176,False,False
1997-11-13,5.0,0.026837459986370122,False,False
1997-11-14,5.0,0.018155263062635665,False,False
1997-11-17,5.0,0.013421581203391496,False,False
1997-11-18,5.0,0.013652976497977008,False,False
1997-11-19,5.0,0.012620195592865525,False,False
1997-11-20,5.0,0.012812527872070583,False,False
1997-11-21,5.0,0.011007842186015672,False,False
1997-11-24,5.0,0.012122715443547514,False,False
1997-11-25,5.0,0.012161514481320412,False,False
1997-11-26,5.0,0.012052867783503958,False,False
1997-11-28,5.0,0.011532580035335,False,False
1997-12-01,5.0,0.012146829409659143,False,False
1997-12-02,5.0,0.01229824187457668,False,False
1997-12-03,5.0,0.010348124517561409,False,False
1997-12-04,5.0,0.01044371367464595,False,False
1997-12-05,5.0,0.010345567759504454,False,False
1997-12-08,5.0,0.0094891094952936,False,False
1997-12-09,5.0,0.009343195804963077,False,False
1997-12-10,5.0,0.009557902857810484,False,False
1997-12-11,5.0,0.009787599299693564,False,False
1997-12-12,5.0,0.009701961167069163,False,False
1997-12-15,4.0,0.008867611767881506,False,False
1997-12-16,4.0,0.008880330166731001,False,False
1997-12-17,4.0,0.008940481391589714,False,False
1997-12-18,5.0,0.009414668593031954,False,False
1997-12-19,4.0,0.007691313057898285,False,False
1997-12-22,4.0,0.00807511754077063,False,False
1997-12-23,4.0,0.008647034847402873,False,False
1997-12-24,4.0,0.00871307951541028,False,False
1997-12-26,4.0,0.008031347446238124,False,False
1997-12-29,5.0,0.00986599172208778,False,False
1997-12-30,5.0,0.011138884256433272,False,False
1997-12-31,5.0,0.011014125161898224,False,False
1998-01-02,5.0,0.010116343808502367,False,False
1998-01-05,5.0,0.010077046543371238,False,False
1998-01-06,5.0,0.010265569740786526,False,False
1998-01-07,5.0,0.010203526258821765,False,False
1998-01-08,5.0,0.010413104553145756,False,False
1998-01-09,5.0,0.012854942376888022,False,False
1998-01-12,5.0,0.013234957829204953,False,False
1998-01-13,5.0,0.013629387962806013,False,False
1998-01-14,5.0,0.012970712536985536,False,False
1998-01-15,5.0,0.013005609141684705,False,False
1998-01-16,5.0,0.013261401633949033,False,False
1998-01-20,5.0,0.013237698113272734,False,False
1998-01-21,5.0,0.012588953526990463,False,False
1998-01-22,5.0,0.01277161883206747,False,False
1998-01-23,5.0,0.01274336241456984,False,False
1998-01-26,5.0,0.012708579924426538,False,False
1998-01-27,5.0,0.012921844972828504,False,False
1998-01-28,5.0,0.013083887417641507,False,False
1998-01-29,5.0,0.012925342228851158,False,False
1998-01-30,5.0,0.009371368034588462,False,False
1998-02-02,5.0,0.01023935326419251,False,False
1998-02-03,5.0,0.009902658373904085,False,False
1998-02-04,5.0,0.009912831999538426,False,False
1998-02-05,5.0,0.009608750466424114,False,False
1998-02-06,5.0,0.009485876487152451,False,False
1998-02-09,4.0,0.008674012816762375,False,False
1998-02-10,4.0,0.008262546369668472,False,False
1998-02-11,4.0,0.007624199445112795,False,False
1998-02-12,3.0,0.007088857663014651,False,False
1998-02-13,3.0,0.007334681464253354,False,False
1998-02-17,3.0,0.006975878164285729,False,False
1998-02-18,3.0,0.006997860173343169,False,False
1998-02-19,3.0,0.00715443985913772,False,False
1998-02-20,3.0,0.006762805937950479,False,False
1998-02-23,1.0,0.004570423049726625,False,False
1998-02-24,2.0,0.005224892718570128,False,False
1998-02-25,2.0,0.005878144652301825,False,False
1998-02-26,2.0,0.005673026763461585,False,False
1998-02-27,2.0,0.005457960669018036,False,False
1998-03-02,2.0,0.005449907504460763,False,False
1998-03-03,2.0,0.005234372124641888,False,False
1998-03-04,2.0,0.0055322849328229,False,False
1998-03-05,3.0,0.006578157026786221,False,False
1998-03-06,4.0,0.008136622588265491,False,False
1998-03-09,4.0,0.008275147041880081,False,False
1998-03-10,4.0,0.008439263656910771,False,False
1998-03-11,4.0,0.008275206911498766,False,False
1998-03-12,4.0,0.008235425824451697,False,False
1998-03-13,4.0,0.008280378058571897,False,False
1998-03-16,4.0,0.008055554228021929,False,False
1998-03-17,4.0,0.007676554014183681,False,False
1998-03-18,4.0,0.007654723371757897,False,False
1998-03-19,4.0,0.0076441837778986835,False,False
1998-03-20,4.0,0.007691106283963022,False,False
1998-03-23,4.0,0.007891985446078172,False,False
1998-03-24,4.0,0.007753925973963088,False,False
1998-03-25,3.0,0.006700030154208704,False,False
1998-03-26,2.0,0.0051868678361926945,False,False
1998-03-27,2.0,0.005357226756241898,False,False
1998-03-30,2.0,0.0048912360563744825,False,False
1998-03-31,2.0,0.005085025153277256,False,False
1998-04-01,2.0,0.0051665669335746135,False,False
1998-04-02,2.0,0.005471886541677178,False,False
1998-04-03,2.0,0.005136118389556782,False,False
1998-04-06,2.0,0.0052296982841421895,False,False
1998-04-07,3.0,0.006267224821500833,False,False
1998-04-08,3.0,0.006635702361789797,False,False
1998-04-09,3.0,0.0065955847375042224,False,False
1998-04-13,3.0,0.006513206071793861,False,False
1998-04-14,3.0,0.006218896842145822,False,False
1998-04-15,2.0,0.006139477111576715,False,False
1998-04-16,3.0,0.006813539217759358,False,False
1998-04-17,3.0,0.007389198996142859,False,False
1998-04-20,3.0,0.007329583052965123,False,False
1998-04-21,3.0,0.007164149115137625,False,False
1998-04-22,3.0,0.007085121836108434,False,False
1998-04-23,3.0,0.007139980213931441,False,False
1998-04-24,4.0,0.007617746672659923,False,False
1998-04-27,4.0,0.009086907808607091,False,False
1998-04-28,4.0,0.008763604624693389,False,False
1998-04-29,4.0,0.009012818090595148,False,False
1998-04-30,5.0,0.009740828614701288,False,False
1998-05-01,5.0,0.009977228370575629,False,False
1998-05-04,5.0,0.00988550420679744,False,False
1998-05-05,5.0,0.00998508907577825,False,False
1998-05-06,5.0,0.009949625320366728,False,False
1998-05-07,5.0,0.009414628066652692,False,False
1998-05-08,5.0,0.010081273326984636,False,False
1998-05-11,5.0,0.0100255948956717,False,False
1998-05-12,5.0,0.010278331575826903,False,False
1998-05-13,5.0,0.009993491866904456,False,False
1998-05-14,5.0,0.009547280956678556,False,False
1998-05-15,4.0,0.008048850158469576,False,False
1998-05-18,4.0,0.008090963811090226,False,False
1998-05-19,4.0,0.007837377827590381,False,False
1998-05-20,3.0,0.007020227998761824,False,False
1998-05-21,3.0,0.006727959715413283,False,False
1998-05-22,3.0,0.0067720474699873405,False,False
1998-05-26,4.0,0.0076718648334051205,False,False
1998-05-27,3.0,0.007309034341061674,False,False
1998-05-28,3.0,0.00706380833576691,False,False
1998-05-29,3.0,0.006387707475550412,False,False
1998-06-01,3.0,0.00639615717869254,False,False
1998-06-02,2.0,0.0059025685224715465,False,False
1998-06-03,2.0,0.00614696253725392,False,False
1998-06-04,3.0,0.007126536435665951,False,False
1998-06-05,4.0,0.008435628783793154,False,False
1998-06-08,4.0,0.008397813893476335,False,False
1998-06-09,4.0,0.008378398897960677,False,False
1998-06-10,4.0,0.008187164668753076,False,False
1998-06-11,4.0,0.009165680562826638,False,False
1998-06-12,4.0,0.009235409631459702,False,False
1998-06-15,5.0,0.009919317299544875,False,False
1998-06-16,5.0,0.010333781782948864,False,False
1998-06-17,5.0,0.011356452618362987,False,False
1998-06-18,5.0,0.011196342590900391,False,False
1998-06-19,5.0,0.011317958854906359,False,False
1998-06-22,5.0,0.01132081906962291,False,False
1998-06-23,5.0,0.01148246670049342,False,False
1998-06-24,5.0,0.011529644523872291,False,False
1998-06-25,5.0,0.010781636181225738,False,False
1998-06-26,5.0,0.010801110601118916,False,False
1998-06-29,5.0,0.010838561353022908,False,False
1998-06-30,5.0,0.01077747996818485,False,False
1998-07-01,5.0,0.009922265501767604,False,False
1998-07-02,5.0,0.010020877561457099,False,False
1998-07-06,4.0,0.007602102691936751,False,False
1998-07-07,4.0,0.007720179422015939,False,False
1998-07-08,3.0,0.006916415490789645,False,False
1998-07-09,3.0,0.007386054885188413,False,False
1998-07-10,3.0,0.006976919060447548,False,False
1998-07-13,3.0,0.0070192527125280185,False,False
1998-07-14,3.0,0.006612356026333544,False,False
1998-07-15,3.0,0.006330824395594222,False,False
1998-07-16,3.0,0.00623858400903061,False,False
1998-07-17,3.0,0.006244774769298219,False,False
1998-07-20,3.0,0.006399175971621331,False,False
1998-07-21,4.0,0.00801713660692854,False,False
1998-07-22,3.0,0.007389041038743936,False,False
1998-07-23,5.0,0.009457897879882427,False,False
1998-07-24,4.0,0.00903694228784774,False,False
1998-07-27,4.0,0.00919928504057493,False,False
1998-07-28,5.0,0.009421746320820894,False,False
1998-07-29,5.0,0.009358121169545468,False,False
1998-07-30,5.0,0.010358544378130217,False,False
1998-07-31,5.0,0.011428737650836341,False,False
1998-08-03,5.0,0.010804420694581937,False,False
1998-08-04,5.0,0.013891432294691348,True,False
1998-08-05,5.0,0.01396156329670706,False,False
1998-08-06,5.0,0.01428112039804845,False,False
1998-08-07,5.0,0.01433481533554344,False,False
1998-08-10,5.0,0.014028950992686863,False,False
1998-08-11,5.0,0.01412022601081314,False,False
1998-08-12,5.0,0.014376306891849131,False,False
1998-08-13,5.0,0.014373389242816696,False,False
1998-08-14,5.0,0.014190191160591711,False,False
1998-08-17,5.0,0.015356972264023125,False,False
1998-08-18,5.0,0.016164337576605924,False,False
1998-08-19,5.0,0.015389121479781427,False,False
1998-08-20,5.0,0.014653280978214254,False,False
1998-08-21,5.0,0.014726955531633345,False,False
1998-08-24,5.0,0.010880884660995573,False,False
1998-08-25,5.0,0.010708892241335111,False,False
1998-08-26,5.0,0.010753071978906516,False,False
1998-08-27,5.0,0.014929692552736202,False,False
1998-08-28,5.0,0.015250651823624098,False,False
1998-08-31,5.0,0.02344080978312047,True,False
1998-09-01,5.0,0.025889534118366336,False,False
1998-09-02,5.0,0.025886651806911368,False,False
1998-09-03,5.0,0.025849355508515595,False,False
1998-09-04,5.0,0.024819153681954698,True,False
1998-09-08,5.0,0.02861835187619815,False,False
1998-09-09,5.0,0.02877756630929597,False,False
1998-09-10,5.0,0.029265874745763896,False,False
1998-09-11,5.0,0.030850672463172385,False,False
1998-09-14,5.0,0.0314602143798752,False,False
1998-09-15,5.0,0.031541390897472814,False,False
1998-09-16,5.0,0.031650992364263816,False,False
1998-09-17,5.0,0.030651547476596624,False,False
1998-09-18,5.0,0.030415967853046885,False,False
1998-09-21,5.0,0.022802241263537422,False,False
1998-09-22,5.0,0.0207361012513389,False,False
1998-09-23,5.0,0.022338242540321858,False,False
1998-09-24,5.0,0.023271794689392434,False,False
1998-09-25,5.0,0.02299421896763367,False,False
1998-09-28,5.0,0.01908075539607221,False,False
1998-09-29,5.0,0.01831791546943534,False,False
1998-09-30,5.0,0.018940135946924383,False,False
1998-10-01,5.0,0.019246671150969185,False,False
1998-10-02,5.0,0.01892608133675415,False,False
1998-10-05,5.0,0.018971737638336452,False,False
1998-10-06,5.0,0.018708164163978504,False,False
1998-10-07,5.0,0.017925459887002948,False,False
1998-10-08,5.0,0.017997273932140418,False,False
1998-10-09,5.0,0.019638634660532322,False,False
1998-10-12,5.0,0.02000557678979479,False,False
1998-10-13,5.0,0.016936987177514056,False,False
1998-10-14,5.0,0.016643206095742744,False,False
1998-10-15,5.0,0.02030958886269594,False,False
1998-10-16,5.0,0.0204126004352611,False,False
1998-10-19,5.0,0.02045787032217848,False,False
1998-10-20,5.0,0.01828981001203006,False,False
1998-10-21,5.0,0.015489507016481508,False,False
1998-10-22,5.0,0.015212901871507683,False,False
1998-10-23,5.0,0.014644489617417825,False,False
1998-10-26,5.0,0.014434310950971977,False,False
1998-10-27,5.0,0.013729925242221946,False,False
1998-10-28,5.0,0.012764380948262226,False,False
1998-10-29,5.0,0.011984144292774793,False,False
1998-10-30,5.0,0.011920063484232326,False,False
1998-11-02,5.0,0.011631833582250853,False,False
1998-11-03,5.0,0.011818989061935929,False,False
1998-11-04,3.0,0.006758605513481811,False,False
1998-11-05,3.0,0.007097067495623919,False,False
1998-11-06,3.0,0.007103422615504992,False,False
1998-11-09,4.0,0.008075358695159175,False,False
1998-11-10,4.0,0.008221136698636618,False,False
1998-11-11,4.0,0.00855678444266636,False,False
1998-11-12,4.0,0.008238354817230288,False,False
1998-11-13,4.0,0.008294755130212335,False,False
1998-11-16,4.0,0.007881473896229034,False,False
1998-11-17,4.0,0.007873527553036488,False,False
1998-11-18,3.0,0.00708552573171123,False,False
1998-11-19,3.0,0.006791524659788147,False,False
1998-11-20,3.0,0.006604423599804054,False,False
1998-11-23,4.0,0.007998071590589188,False,False
1998-11-24,4.0,0.008330815192812292,False,False
1998-11-25,4.0,0.007870796876469357,False,False
1998-11-27,4.0,0.007833396049099986,False,False
1998-11-30,5.0,0.010296760726978604,False,False
1998-12-01,5.0,0.010437396597873318,False,False
1998-12-02,5.0,0.010256519677340772,False,False
1998-12-03,5.0,0.011664445800197314,False,False
1998-12-04,5.0,0.012885483463882961,False,False
1998-12-07,5.0,0.01289593990021587,False,False
1998-12-08,5.0,0.013096023551485356,False,False
1998-12-09,5.0,0.013085420825650403,False,False
1998-12-10,5.0,0.01385453920643189,False,False
1998-12-11,5.0,0.013630727943123278,False,False
1998-12-14,5.0,0.013413210555682663,False,False
1998-12-15,5.0,0.014590156233040434,False,False
1998-12-16,5.0,0.014534103836737118,False,False
1998-12-17,5.0,0.015157792934996686,False,False
1998-12-18,5.0,0.013633735924519412,False,False
1998-12-21,5.0,0.013764647182872604,False,False
1998-12-22,5.0,0.01369186094024806,False,False
1998-12-23,5.0,0.013214958757733503,False,False
1998-12-24,5.0,0.01221629339636171,False,False
1998-12-28,5.0,0.012108137002838706,False,False
1998-12-29,5.0,0.012230955952803371,False,False
1998-12-30,5.0,0.012613174328433474,False,False
1998-12-31,5.0,0.011552376275236252,False,False
1999-01-04,5.0,0.011603879907076821,False,False
1999-01-05,4.0,0.009212901551226798,False,False
1999-01-06,4.0,0.009571457955528193,False,False
1999-01-07,4.0,0.009651765087312934,False,False
1999-01-08,4.0,0.009299856034675138,False,False
1999-01-11,5.0,0.010044969816452042,False,False
1999-01-12,5.0,0.011590785032152351,False,False
1999-01-13,5.0,0.01170772975528392,False,False
1999-01-14,5.0,0.011511834650843688,False,False
1999-01-15,5.0,0.013471284725801185,False,False
1999-01-19,5.0,0.013555183290508288,False,False
1999-01-20,5.0,0.013155543404068054,False,False
1999-01-21,5.0,0.013846222090772256,False,False
1999-01-22,5.0,0.014013507425863584,False,False
1999-01-25,5.0,0.014148452742431997,False,False
1999-01-26,5.0,0.014241811088196402,False,False
1999-01-27,5.0,0.012934908489553571,False,False
1999-01-28,5.0,0.01392757062522986,False,False
1999-01-29,5.0,0.014222562852155545,False,False
1999-02-01,5.0,0.014076605783324515,False,False
1999-02-02,5.0,0.013164474535511903,False,False
1999-02-03,5.0,0.013178363037895572,False,False
1999-02-04,5.0,0.013244707524084047,False,False
1999-02-05,5.0,0.011618519830701196,False,False
1999-02-08,5.0,0.011488347991007024,False,False
1999-02-09,5.0,0.012810484313668482,False,False
1999-02-10,5.0,0.012228028425393169,False,False
1999-02-11,5.0,0.013732766126123947,False,False
1999-02-12,5.0,0.014699888519201725,False,False
1999-02-16,5.0,0.014351678332692902,False,False
1999-02-17,5.0,0.014731279820670455,False,False
1999-02-18,5.0,0.014155646399024386,False,False
1999-02-19,5.0,0.013711526755851328,False,False
1999-02-22,5.0,0.01563519080632584,False,False
1999-02-23,5.0,0.015440596890752905,False,False
1999-02-24,5.0,0.01574413337177968,False,False
1999-02-25,5.0,0.015019156173020505,False,False
1999-02-26,5.0,0.014957909004767227,False,False
1999-03-01,5.0,0.014927151511263231,False,False
1999-03-02,5.0,0.0137714209802441,False,False
1999-03-03,5.0,0.013686524777871942,False,False
1999-03-04,5.0,0.012594344018455729,False,False
1999-03-05,5.0,0.012779422584347656,False,False
1999-03-08,5.0,0.012660642070511114,False,False
1999-03-09,5.0,0.011807337082047417,False,False
1999-03-10,5.0,0.011628947383454488,False,False
1999-03-11,5.0,0.011715655447335467,False,False
1999-03-12,4.0,0.009737042617610919,False,False
1999-03-15,4.0,0.009971970910191204,False,False
1999-03-16,4.0,0.008894960014229488,False,False
1999-03-17,4.0,0.008883139136597709,False,False
1999-03-18,4.0,0.009018615420660087,False,False
1999-03-19,4.0,0.01007362239430129,False,False
1999-03-22,4.0,0.009586656503486307,False,False
1999-03-23,5.0,0.012737955102679315,False,False
1999-03-24,5.0,0.012196583504127641,False,False
1999-03-25,5.0,0.011447466987514181,False,False
1999-03-26,5.0,0.011474904746396427,False,False
1999-03-29,5.0,0.012749621039342131,False,False
1999-03-30,5.0,0.01290924626696363,False,False
1999-03-31,5.0,0.013075019650100647,False,False
1999-04-01,5.0,0.01316945294505562,False,False
1999-04-05,5.0,0.014117971887924049,False,False
1999-04-06,5.0,0.01413971471050508,False,False
1999-04-07,5.0,0.014067576643746372,False,False
1999-04-08,5.0,0.013966432440336404,False,False
1999-04-09,5.0,0.013314048807138504,False,False
1999-04-12,5.0,0.013310701130181981,False,False
1999-04-13,5.0,0.010504787314591847,False,False
1999-04-14,5.0,0.011877224358624082,False,False
1999-04-15,5.0,0.011362664456958493,False,False
1999-04-16,5.0,0.011250864034099159,False,False
1999-04-19,5.0,0.01160045012322783,False,False
1999-04-20,5.0,0.012024317412466137,False,False
1999-04-21,5.0,0.012914986556561543,False,False
1999-04-22,5.0,0.01344617232011387,False,False
1999-04-23,5.0,0.012510165053418735,False,False
1999-04-26,5.0,0.01244727330166604,False,False
1999-04-27,5.0,0.012378020922983807,False,False
1999-04-28,5.0,0.012259563057295843,False,False
1999-04-29,5.0,0.012341296251683094,False,False
1999-04-30,5.0,0.012198678417083516,False,False
1999-05-03,5.0,0.012776424737992375,False,False
1999-05-04,5.0,0.01286431183638911,False,False
1999-05-05,5.0,0.013128770742473017,False,False
1999-05-06,5.0,0.013527895924481025,False,False
1999-05-07,5.0,0.011897995810232216,False,False
1999-05-10,5.0,0.01165723843999666,False,False
1999-05-11,5.0,0.010429898437180481,False,False
1999-05-12,4.0,0.009536884925833811,False,False
1999-05-13,4.0,0.009542159307443643,False,False
1999-05-14,5.0,0.011256598734871554,False,False
1999-05-17,5.0,0.011241693012008495,False,False
1999-05-18,5.0,0.01108151744219342,False,False
1999-05-19,5.0,0.011228445847701624,False,False
1999-05-20,5.0,0.01117043520248428,False,False
1999-05-21,5.0,0.01049162788260117,False,False
1999-05-24,5.0,0.010618411255278326,False,False
1999-05-25,5.0,0.010717242174198241,False,False
1999-05-26,5.0,0.011580790779280798,False,False
1999-05-27,5.0,0.011893872752300007,False,False
1999-05-28,5.0,0.012961427173646872,False,False
1999-06-01,5.0,0.012392374993674373,False,False
1999-06-02,5.0,0.012147066585158283,False,False
1999-06-03,5.0,0.012191809423977018,False,False
1999-06-04,5.0,0.0126834111719906,False,False
1999-06-07,5.0,0.012766070823138704,False,False
1999-06-08,5.0,0.013173405586735897,False,False
1999-06-09,5.0,0.012933524854027193,False,False
1999-06-10,5.0,0.013235602711351442,False,False
1999-06-11,5.0,0.013254196114405493,False,False
1999-06-14,5.0,0.01243854424387134,False,False
1999-06-15,5.0,0.01157434443771455,False,False
1999-06-16,5.0,0.012320557429957548,False,False
1999-06-17,5.0,0.011033340242614062,False,False
1999-06-18,4.0,0.010417362029946909,False,False
1999-06-21,4.0,0.010166818089876732,False,False
1999-06-22,5.0,0.010713017898111238,False,False
1999-06-23,5.0,0.010764923052726033,False,False
1999-06-24,4.0,0.009829298165672459,False,False
1999-06-25,4.0,0.009691785612564514,False,False
1999-06-28,4.0,0.009635448693771935,False,False
1999-06-29,4.0,0.010360259406069864,False,False
1999-06-30,4.0,0.010158010084105436,False,False
1999-07-01,4.0,0.009677903068809389,False,False
1999-07-02,4.0,0.009616563134850143,False,False
1999-07-06,4.0,0.009816188329338844,False,False
1999-07-07,4.0,0.008428744375560444,False,False
1999-07-08,4.0,0.00843629524527763,False,False
1999-07-09,4.0,0.008483974547452188,False,False
1999-07-12,4.0,0.008625228980963524,False,False
1999-07-13,4.0,0.008108401088430691,False,False
1999-07-14,4.0,0.007972753313878327,False,False
1999-07-15,2.0,0.006481132408611592,False,False
1999-07-16,2.0,0.006308083577804309,False,False
1999-07-19,3.0,0.006906863597256542,False,False
1999-07-20,4.0,0.009087813252393596,False,False
1999-07-21,4.0,0.00811530342740118,False,False
1999-07-22,4.0,0.008706711007997983,False,False
1999-07-23,4.0,0.008367598028472025,False,False
1999-07-26,4.0,0.008474364732573994,False,False
1999-07-27,4.0,0.008977452002857851,False,False
1999-07-28,4.0,0.00902786692679064,False,False
1999-07-29,4.0,0.009720273117033128,False,False
1999-07-30,4.0,0.009849689703093382,False,False
1999-08-02,4.0,0.009885516792727601,False,False
1999-08-03,4.0,0.009694019397128018,False,False
1999-08-04,4.0,0.009284821868868512,False,False
1999-08-05,4.0,0.009277119329562074,False,False
1999-08-06,4.0,0.009346095091366495,False,False
1999-08-09,4.0,0.008114959534250567,False,False
1999-08-10,4.0,0.008223349170823352,True,False
1999-08-11,4.0,0.00960191654686428,False,False
1999-08-12,4.0,0.009602038917203057,False,False
1999-08-13,5.0,0.011708238845931149,False,False
1999-08-16,5.0,0.011229311175338902,False,False
1999-08-17,5.0,0.011631928445371153,False,False
1999-08-18,5.0,0.01081660395804495,False,False
1999-08-19,5.0,0.01069167306573738,False,False
1999-08-20,5.0,0.011023546967592106,False,False
1999-08-23,5.0,0.011806762736104835,False,False
1999-08-24,5.0,0.01100761370720439,False,False
1999-08-25,5.0,0.011317847529463545,False,False
1999-08-26,5.0,0.011755200038458907,False,False
1999-08-27,5.0,0.012232288806060103,False,False
1999-08-30,5.0,0.012833439383532359,False,False
1999-08-31,5.0,0.01227503263067515,False,False
1999-09-01,5.0,0.012355188954463348,False,False
1999-09-02,5.0,0.01110132996441596,False,False
1999-09-03,5.0,0.013542006686906817,False,False
1999-09-07,5.0,0.013402327625025365,False,False
1999-09-08,5.0,0.013248762118643675,False,False
1999-09-09,5.0,0.013074010543580138,False,False
1999-09-10,5.0,0.012858082363898456,False,False
1999-09-13,5.0,0.012002397028857276,False,False
1999-09-14,5.0,0.012032831999707,False,False
1999-09-15,5.0,0.01165059959562416,False,False
1999-09-16,5.0,0.011235914213863284,False,False
1999-09-17,5.0,0.011669098972628298,False,False
1999-09-20,4.0,0.010531913615345391,False,False
1999-09-21,5.0,0.012026869065939867,False,False
1999-09-22,5.0,0.011800423456417169,False,False
1999-09-23,5.0,0.013075733069424285,False,False
1999-09-24,4.0,0.009674953797563692,False,False
1999-09-27,4.0,0.009962879157524317,False,False
1999-09-28,4.0,0.009984501653765255,False,False
1999-09-29,4.0,0.0100121998006279,False,False
1999-09-30,5.0,0.010697231151796695,False,False
1999-10-01,5.0,0.010729091892871646,False,False
1999-10-04,5.0,0.011963236525099227,False,False
1999-10-05,5.0,0.011455084655947138,False,False
1999-10-06,5.0,0.012559329422516526,False,False
1999-10-07,5.0,0.01212500310829015,False,False
1999-10-08,5.0,0.012757863816862423,False,False
1999-10-11,5.0,0.011224066932250393,False,False
1999-10-12,5.0,0.01222870422512547,False,False
1999-10-13,5.0,0.01193224704946017,False,False
1999-10-14,5.0,0.011921309512416255,False,False
1999-10-15,5.0,0.014087482542762068,False,False
1999-10-18,5.0,0.0142250195553102,False,False
1999-10-19,5.0,0.014083313083078017,False,False
1999-10-20,5.0,0.015033613100755726,False,False
1999-10-21,5.0,0.015090765965637784,False,False
1999-10-22,5.0,0.014861526617538345,False,False
1999-10-25,5.0,0.014938486414046851,False,False
1999-10-26,5.0,0.014064616429937804,False,False
1999-10-27,5.0,0.014491527494387988,False,False
1999-10-28,5.0,0.016997836981053054,False,False
1999-10-29,5.0,0.01744578589000174,False,False
1999-11-01,5.0,0.01682649661808319,False,False
1999-11-02,5.0,0.015600049790336388,False,False
1999-11-03,5.0,0.015538242909327798,False,False
1999-11-04,5.0,0.012444803086097031,False,False
1999-11-05,5.0,0.01244384291293423,False,False
1999-11-08,5.0,0.012448522955513998,False,False
1999-11-09,5.0,0.012148496583855138,False,False
1999-11-10,5.0,0.011897789254607613,False,False
1999-11-11,5.0,0.011613032437436912,False,False
1999-11-12,5.0,0.011312755618342458,False,False
1999-11-15,4.0,0.010712384948648965,False,False
1999-11-16,5.0,0.011123297951069238,False,False
1999-11-17,4.0,0.008157625520164047,False,False
1999-11-18,3.0,0.007699822417010554,False,False
1999-11-19,3.0,0.0073560904493488065,False,False
1999-11-22,3.0,0.007086230802657422,False,False
1999-11-23,4.0,0.00815555505219925,False,False
1999-11-24,4.0,0.008289634946289337,False,False
1999-11-26,4.0,0.008288173872783838,False,False
1999-11-29,4.0,0.008555630604603074,False,False
1999-11-30,4.0,0.009095341753009821,False,False
1999-12-01,4.0,0.009109844082245445,False,False
1999-12-02,4.0,0.009216130564598034,False,False
1999-12-03,4.0,0.009858536041903813,False,False
1999-12-06,4.0,0.010115232012261813,False,False
1999-12-07,4.0,0.009294207978216633,False,False
1999-12-08,4.0,0.009181677883748648,False,False
1999-12-09,4.0,0.008752403861266354,False,False
1999-12-10,4.0,0.008947585697133057,False,False
1999-12-13,4.0,0.008951048024800907,False,False
1999-12-14,4.0,0.008694228378368111,False,False
1999-12-15,4.0,0.008577908676019017,False,False
1999-12-16,4.0,0.00864509702933127,False,False
1999-12-17,4.0,0.008454877147515662,False,False
1999-12-20,3.0,0.00747236480451902,False,False
1999-12-21,3.0,0.007780998403161041,False,False
1999-12-22,3.0,0.007570710458845089,False,False
1999-12-23,3.0,0.007304850060329099,False,False
1999-12-27,3.0,0.006949484630707691,False,False
1999-12-28,2.0,0.006111414986267656,False,False
1999-12-29,2.0,0.005854158880897469,False,False
1999-12-30,2.0,0.005885661698203762,False,False
1999-12-31,2.0,0.005801124863166728,False,False
2000-01-03,2.0,0.006597908695194798,False,True
2000-01-04,5.0,0.01263854129427661,False,True
2000-01-05,5.0,0.012478093572241278,False,True
2000-01-06,5.0,0.012423127622977433,False,True
2000-01-07,5.0,0.014444014819475817,False,True
2000-01-10,5.0,0.01465592845740859,False,True
2000-01-11,5.0,0.014942201261231344,False,True
2000-01-12,5.0,0.014983772232665695,False,True
2000-01-13,5.0,0.014747774551859067,False,True
2000-01-14,5.0,0.015037835123764056,False,True
2000-01-18,5.0,0.015162146874066685,False,True
2000-01-19,5.0,0.01511845652636741,False,True
2000-01-20,5.0,0.015220106312900477,False,True
2000-01-21,5.0,0.015178870760342687,False,True
2000-01-24,5.0,0.016672569331532865,False,True
2000-01-25,5.0,0.013063018101690112,False,True
2000-01-26,5.0,0.013116105305834364,False,True
2000-01-27,5.0,0.013156896434158589,False,True
2000-01-28,5.0,0.012621867618188065,False,True
2000-01-31,5.0,0.014326382802975691,False,True
2000-02-01,5.0,0.014456664244873445,False,True
2000-02-02,5.0,0.014435253932830112,False,True
2000-02-03,5.0,0.014372811324562534,False,True
2000-02-04,5.0,0.013970327289411073,False,True
2000-02-07,5.0,0.013906915562333899,False,True
2000-02-08,5.0,0.01438167852237716,False,True
2000-02-09,5.0,0.015310411044306067,False,True
2000-02-10,5.0,0.015369786001404285,False,True
2000-02-11,5.0,0.01453975751678081,False,True
2000-02-14,5.0,0.014434848905166013,False,True
2000-02-15,5.0,0.014625411426015733,False,True
2000-02-16,5.0,0.014851136839401279,False,True
2000-02-17,5.0,0.012608903755278547,False,True
2000-02-18,5.0,0.013413357033653595,False,True
2000-02-22,5.0,0.013050991153681009,False,True
2000-02-23,5.0,0.01326817711994796,False,True
2000-02-24,5.0,0.012679312052472325,False,True
2000-02-25,5.0,0.012982474339736944,False,True
2000-02-28,5.0,0.013606062652594118,False,True
2000-02-29,5.0,0.013732021271756526,False,True
2000-03-01,5.0,0.013191444113657481,False,True
2000-03-02,5.0,0.013145542875898857,False,True
2000-03-03,5.0,0.013039294954458935,False,True
2000-03-06,5.0,0.013550820753969009,False,True
2000-03-07,5.0,0.01494894375336361,False,True
2000-03-08,5.0,0.015011653830847394,False,True
2000-03-09,5.0,0.016590924125473586,False,True
2000-03-10,5.0,0.014045558767082049,False,True
2000-03-13,5.0,0.014319700998827565,False,True
2000-03-14,5.0,0.015146249295304191,False,True
2000-03-15,5.0,0.016342842429223573,False,True
2000-03-16,5.0,0.01940998361977563,False,True
2000-03-17,5.0,0.01937275212609885,False,True
2000-03-20,5.0,0.01945947504314239,False,True
2000-03-21,5.0,0.02020990677225039,False,True
2000-03-22,5.0,0.02018347983958815,False,True
2000-03-23,5.0,0.02008551450764538,False,True
2000-03-24,5.0,0.01945746906218129,False,True
2000-03-27,5.0,0.017316894875096737,False,True
2000-03-28,5.0,0.018047034267949305,False,True
2000-03-29,5.0,0.01731782753708785,False,True
2000-03-30,5.0,0.01787614659118844,False,True
2000-03-31,5.0,0.017494636354186868,False,True
2000-04-03,5.0,0.016143714488096324,False,True
2000-04-04,5.0,0.01583441913250997,False,True
2000-04-05,4.0,0.010564641654424115,False,True
2000-04-06,4.0,0.010759010260884355,False,True
2000-04-07,4.0,0.010755405851074873,False,True
2000-04-10,4.0,0.008945407562128915,False,True
2000-04-11,4.0,0.008901240957520902,False,True
2000-04-12,4.0,0.009242950388236975,False,True
2000-04-13,4.0,0.0100650494515542,False,True
2000-04-14,5.0,0.017966086079454675,False,True
2000-04-17,5.0,0.02098822755478718,False,True
2000-04-18,5.0,0.02280293606586042,False,True
2000-04-19,5.0,0.02268837280362383,False,True
2000-04-20,5.0,0.022620596842438213,False,True
2000-04-24,5.0,0.022502308718050798,False,True
2000-04-25,5.0,0.024464181695816208,False,True
2000-04-26,5.0,0.024601817716862776,False,True
2000-04-27,5.0,0.024444382354090525,False,True
2000-04-28,5.0,0.024262667745678337,False,True
2000-05-01,5.0,0.024492200686935,False,True
2000-05-02,5.0,0.02475123301000026,False,True
2000-05-03,5.0,0.024707348814243198,False,True
2000-05-04,5.0,0.024297082412759973,False,True
2000-05-05,5.0,0.017874529840077025,False,True
2000-05-08,5.0,0.015988746806440083,False,True
2000-05-09,5.0,0.014100339193903138,False,True
2000-05-10,5.0,0.014883785199161928,False,True
2000-05-11,5.0,0.015729460692319737,False,True
2000-05-12,5.0,0.01596788663088175,False,True
2000-05-15,5.0,0.014418742171011096,False,True
2000-05-16,5.0,0.01437229985924388,False,True
2000-05-17,5.0,0.014743513421534866,False,True
2000-05-18,5.0,0.014697851215600528,False,True
2000-05-19,5.0,0.015246243380648516,False,True
2000-05-22,5.0,0.014861219210046704,False,True
2000-05-23,5.0,0.014627273278219426,False,True
2000-05-24,5.0,0.015577851783877918,False,True
2000-05-25,5.0,0.015089765803557338,False,True
2000-05-26,5.0,0.015059428685020438,False,True
2000-05-30,5.0,0.017446571193031786,False,True
2000-05-31,5.0,0.016356430890820773,False,True
2000-06-01,5.0,0.01650666581527419,False,True
2000-06-02,5.0,0.01706290452691903,False,True
2000-06-05,5.0,0.016290452434162165,False,True
2000-06-06,5.0,0.01620160232581306,False,True
2000-06-07,5.0,0.01599159291360619,False,True
2000-06-08,5.0,0.015962778522902215,False,True
2000-06-09,5.0,0.014684937081069849,False,True
2000-06-12,5.0,0.014820570562358405,False,True
2000-06-13,5.0,0.013835057351684147,False,True
2000-06-14,5.0,0.013314132657494452,False,True
2000-06-15,5.0,0.012475948861740293,False,True
2000-06-16,5.0,0.012940497513579813,False,True
2000-06-19,4.0,0.010781334270571409,False,True
2000-06-20,4.0,0.011050716662834068,False,True
2000-06-21,4.0,0.009919833767588418,False,True
2000-06-22,4.0,0.009801482995647997,False,True
2000-06-23,4.0,0.009839769144774064,False,True
2000-06-26,4.0,0.010106836943023579,False,True
2000-06-27,4.0,0.009763217588533294,False,True
2000-06-28,4.0,0.009675754141638045,False,True
2000-06-29,4.0,0.009901824835615249,False,True
2000-06-30,4.0,0.009974724487738194,False,True
2000-07-03,4.0,0.009371778046069621,False,True
2000-07-05,4.0,0.010292053089103533,False,True
2000-07-06,4.0,0.01038358777453356,False,True
2000-07-07,4.0,0.010906104544251966,False,True
2000-07-10,4.0,0.01015781906454602,False,True
2000-07-11,4.0,0.010041000233670088,False,True
2000-07-12,4.0,0.01025168496674524,False,True
2000-07-13,4.0,0.00866216365313772,False,True
2000-07-14,3.0,0.008403185139823388,False,True
2000-07-17,3.0,0.008236611499852308,False,True
2000-07-18,4.0,0.008914089654892592,False,True
2000-07-19,4.0,0.009298995833882044,False,True
2000-07-20,4.0,0.009050465114767316,False,True
2000-07-21,4.0,0.009497157708771546,False,True
2000-07-24,4.0,0.009629989064709398,False,True
2000-07-25,4.0,0.008647454073438733,False,True
2000-07-26,4.0,0.009501062040100303,False,True
2000-07-27,3.0,0.008411965546299267,False,True
2000-07-28,4.0,0.009872505215100703,False,True
2000-07-31,4.0,0.010132745300452505,False,True
2000-08-01,4.0,0.009920162935584518,False,True
2000-08-02,4.0,0.009873426500764138,False,True
2000-08-03,4.0,0.009890544436781043,False,True
2000-08-04,4.0,0.01021476166887509,False,True
2000-08-07,4.0,0.010460937213898456,False,True
2000-08-08,4.0,0.010273709111150298,False,True
2000-08-09,4.0,0.010065281588211416,False,True
2000-08-10,4.0,0.009952948500218108,False,True
2000-08-11,4.0,0.009785808262693317,False,True
2000-08-14,4.0,0.010252387975447858,False,True
2000-08-15,4.0,0.00935588304478326,False,True
2000-08-16,4.0,0.009394214073039996,False,True
2000-08-17,3.0,0.007189870208379632,False,True
2000-08-18,3.0,0.007299271383528727,False,True
2000-08-21,3.0,0.007301996615331534,False,True
2000-08-22,3.0,0.007346012252649718,False,True
2000-08-23,3.0,0.007129283152525754,False,True
2000-08-24,3.0,0.007011145496372839,False,True
2000-08-25,2.0,0.006560337494016614,False,True
2000-08-28,2.0,0.006633287276530886,False,True
2000-08-29,2.0,0.006336750647799509,False,True
2000-08-30,2.0,0.005926929484135997,False,True
2000-08-31,2.0,0.006109205299093164,False,True
2000-09-01,2.0,0.005207325563233132,False,True
2000-09-05,2.0,0.005696225135975456,False,True
2000-09-06,2.0,0.006333418469476575,False,True
2000-09-07,2.0,0.005904586672530694,False,True
2000-09-08,2.0,0.006040874137874603,False,True
2000-09-11,2.0,0.005927252131263463,False,True
2000-09-12,2.0,0.006043535682578424,False,True
2000-09-13,2.0,0.005855054763684387,False,True
2000-09-14,2.0,0.005822779066172543,False,True
2000-09-15,2.0,0.006290279648861344,False,True
2000-09-18,2.0,0.006784558438892205,False,True
2000-09-19,3.0,0.00774635102046504,False,True
2000-09-20,3.0,0.007777093867785491,False,True
2000-09-21,3.0,0.006917037705403796,False,True
2000-09-22,2.0,0.006808301183241274,False,True
2000-09-25,2.0,0.006688877003888994,False,True
2000-09-26,2.0,0.006577992522890483,False,True
2000-09-27,2.0,0.005983806325638274,False,True
2000-09-28,4.0,0.009071088866455185,False,True
2000-09-29,4.0,0.009742377600490001,False,True
2000-10-02,4.0,0.009737324667099315,False,True
2000-10-03,4.0,0.009728588791941068,False,True
2000-10-04,4.0,0.009982645826987142,False,True
2000-10-05,4.0,0.009751340607020629,False,True
2000-10-06,4.0,0.010285143825083977,False,True
2000-10-09,4.0,0.009666858188250126,False,True
2000-10-10,4.0,0.009869072964957551,True,True
2000-10-11,4.0,0.010446410667068572,False,True
2000-10-12,5.0,0.011831320016770541,False,True
2000-10-13,5.0,0.015750958732124284,False,True
2000-10-16,5.0,0.015710189494988026,False,True
2000-10-17,5.0,0.016216964844283557,False,True
2000-10-18,5.0,0.01439707079989347,False,True
2000-10-19,5.0,0.017639805603980964,False,True
2000-10-20,5.0,0.017772342214762198,False,True
2000-10-23,5.0,0.01771881512845767,False,True
2000-10-24,5.0,0.01763123735105811,False,True
2000-10-25,5.0,0.018561707071527524,False,True
2000-10-26,5.0,0.018023415558822534,False,True
2000-10-27,5.0,0.01834569334536286,False,True
2000-10-30,5.0,0.018526014968326756,False,True
2000-10-31,5.0,0.018646094745746626,False,True
2000-11-01,5.0,0.016922677191811602,False,True
2000-11-02,5.0,0.014880817207466642,False,True
2000-11-03,5.0,0.01490445959072148,False,True
2000-11-06,5.0,0.013655928431276774,False,True
2000-11-07,5.0,0.013418917372904642,False,True
2000-11-08,5.0,0.011472919497104626,False,True
2000-11-09,5.0,0.011549504849352245,False,True
2000-11-10,5.0,0.013331889096574479,False,True
2000-11-13,5.0,0.013517477746592616,False,True
2000-11-14,5.0,0.013601097664658548,False,True
2000-11-15,5.0,0.013636276368863607,False,True
2000-11-16,5.0,0.013806894193452102,False,True
2000-11-17,5.0,0.013205614519146222,False,True
2000-11-20,5.0,0.01206721879568685,False,True
2000-11-21,5.0,0.012244803274145052,False,True
2000-11-22,5.0,0.012569606971544623,False,True
2000-11-24,5.0,0.01364482879929812,False,True
2000-11-27,5.0,0.01372033023700483,False,True
2000-11-28,5.0,0.013735979386482366,False,True
2000-11-29,5.0,0.013559078100707393,False,True
2000-11-30,5.0,0.014277543288886984,False,True
2000-12-01,5.0,0.013065088017463424,False,True
2000-12-04,5.0,0.013099965744149013,False,True
2000-12-05,5.0,0.01563413906384771,False,True
2000-12-06,5.0,0.01625938449191418,False,True
2000-12-07,5.0,0.016016125415396723,False,True
2000-12-08,5.0,0.016943951230178934,False,True
2000-12-11,5.0,0.016151117733765024,False,True
2000-12-12,5.0,0.016300688550630656,False,True
2000-12-13,5.0,0.01553315616795345,False,True
2000-12-14,5.0,0.01563945957603364,False,True
2000-12-15,5.0,0.01656484296596028,False,True
2000-12-18,5.0,0.01661138452097839,False,True
2000-12-19,5.0,0.016851568037143317,False,True
2000-12-20,5.0,0.018050584189148355,False,True
2000-12-21,5.0,0.018267294682081818,False,True
2000-12-22,5.0,0.019451338561979274,False,True
2000-12-26,5.0,0.01611690364372786,False,True
2000-12-27,5.0,0.015871674478434517,False,True
2000-12-28,5.0,0.015867120759205485,False,True
2000-12-29,5.0,0.014968174646941891,False,True
2001-01-02,5.0,0.016132222696441104,False,True
2001-01-03,5.0,0.021638753322164028,False,True
2001-01-04,5.0,0.021707935012064417,False,True
2001-01-05,5.0,0.022510888478570697,False,True
2001-01-08,5.0,0.02181002529449308,False,True
2001-01-09,5.0,0.021705780470702964,False,True
2001-01-10,5.0,0.02159643525913169,False,True
2001-01-11,5.0,0.01960394211646114,False,True
2001-01-12,5.0,0.01971835081277871,False,True
2001-01-16,5.0,0.018759573170112512,False,True
2001-01-17,5.0,0.01868589846864531,False,True
2001-01-18,5.0,0.018843675011064293,False,True
2001-01-19,5.0,0.018868478007808113,False,True
2001-01-22,5.0,0.018605541074229966,False,True
2001-01-23,5.0,0.01672554437107848,False,True
2001-01-24,4.0,0.010697461474941604,False,True
2001-01-25,4.0,0.010332363074120755,False,True
2001-01-26,2.0,0.0066635276539588565,False,True
2001-01-29,2.0,0.0065696899961931775,False,True
2001-01-30,2.0,0.00662938420252181,False,True
2001-01-31,2.0,0.0068718112066710295,False,True
2001-02-01,2.0,0.006584500796598234,False,True
2001-02-02,3.0,0.008237847418902784,False,True
2001-02-05,3.0,0.008159377055485428,False,True
2001-02-06,3.0,0.008194962780223016,False,True
2001-02-07,3.0,0.0077062475212838705,False,True
2001-02-08,3.0,0.0078093822816902945,False,True
2001-02-09,3.0,0.008525780917279218,False,True
2001-02-12,3.0,0.008375200493390059,False,True
2001-02-13,3.0,0.00847050446326483,False,True
2001-02-14,3.0,0.008438238358798587,False,True
2001-02-15,4.0,0.00887862780272991,False,True
2001-02-16,4.0,0.00967620323826555,False,True
2001-02-20,4.0,0.009874807437574469,False,True
2001-02-21,4.0,0.010522752298813252,False,True
2001-02-22,4.0,0.010077916779486197,True,True
2001-02-23,4.0,0.009561936640526672,False,True
2001-02-26,4.0,0.011162808284101877,False,True
2001-02-27,4.0,0.01114825703099175,False,True
2001-02-28,4.0,0.011394720023777045,False,True
2001-03-01,4.0,0.011528026794710157,False,True
2001-03-02,4.0,0.011279493256707967,False,True
2001-03-05,4.0,0.010719711090957146,False,True
2001-03-06,4.0,0.011355081110228819,False,True
2001-03-07,5.0,0.011667504688491055,False,True
2001-03-08,4.0,0.011340701812022607,False,True
2001-03-09,5.0,0.012067208266547646,False,True
2001-03-12,5.0,0.01588351523063591,True,True
2001-03-13,5.0,0.01629362027345682,False,True
2001-03-14,5.0,0.01738346547355152,True,True
2001-03-15,5.0,0.01762546078697544,False,True
2001-03-16,5.0,0.016904103191517635,True,True
2001-03-19,5.0,0.01811111899642015,False,True
2001-03-20,5.0,0.018690241989458622,True,True
2001-03-21,5.0,0.018847145489814105,False,True
2001-03-22,5.0,0.018862136885298985,False,True
2001-03-23,5.0,0.01992789929226435,False,True
2001-03-26,5.0,0.020010398884503296,False,True
2001-03-27,5.0,0.021488021537183294,False,True
2001-03-28,5.0,0.022023675564914687,False,True
2001-03-29,5.0,0.02137173473297927,False,True
2001-03-30,5.0,0.01850628222650449,False,True
2001-04-02,5.0,0.01813155537956016,False,True
2001-04-03,5.0,0.01911898971483612,False,True
2001-04-04,5.0,0.018921508592173866,False,True
2001-04-05,5.0,0.022121886483651706,False,True
2001-04-06,5.0,0.02213077708341837,False,True
2001-04-09,5.0,0.021365132106847873,False,True
2001-04-10,5.0,0.021847590070914004,False,True
2001-04-11,5.0,0.02180621371739757,False,True
2001-04-12,5.0,0.02156335491980077,False,True
2001-04-16,5.0,0.02146912310784177,False,True
2001-04-17,5.0,0.020554745120669755,False,True
2001-04-18,5.0,0.021449362545288286,False,True
2001-04-19,5.0,0.021340438359156527,False,True
2001-04-20,5.0,0.021653434937299498,False,True
2001-04-23,5.0,0.021821853242241868,False,True
2001-04-24,5.0,0.01934084322663757,False,True
2001-04-25,5.0,0.01929820822419985,False,True
2001-04-26,5.0,0.016450392077750696,False,True
2001-04-27,5.0,0.014923865815785775,False,True
2001-04-30,5.0,0.01517489035282659,False,True
2001-05-01,5.0,0.014215679192606195,False,True
2001-05-02,5.0,0.014112200216872003,False,True
2001-05-03,5.0,0.014889875696732262,False,True
2001-05-04,5.0,0.014989480342283014,False,True
2001-05-07,5.0,0.015037298698055573,False,True
2001-05-08,4.0,0.011458102265586323,False,True
2001-05-09,4.0,0.011079196874306403,False,True
2001-05-10,4.0,0.01079725077598398,False,True
2001-05-11,4.0,0.01011900464411244,False,True
2001-05-14,4.0,0.009347459877636093,False,True
2001-05-15,3.0,0.008501581970888648,False,True
2001-05-16,4.0,0.011128624564329599,False,True
2001-05-17,4.0,0.010577752828914988,False,True
2001-05-18,4.0,0.01048515963363559,False,True
2001-05-21,4.0,0.010710377238290433,False,True
2001-05-22,4.0,0.010792729876547658,False,True
2001-05-23,4.0,0.010875764780685927,False,True
2001-05-24,4.0,0.010318826699767367,False,True
2001-05-25,4.0,0.010887926962771294,False,True
2001-05-29,4.0,0.011115168261936502,False,True
2001-05-30,5.0,0.01187872905060459,False,True
2001-05-31,5.0,0.012009651015847717,False,True
2001-06-01,5.0,0.011838049101238738,False,True
2001-06-04,5.0,0.011884978833323779,False,True
2001-06-05,5.0,0.012296798320162792,False,True
2001-06-06,4.0,0.010126794741650316,False,True
2001-06-07,4.0,0.010225957688813877,False,True
2001-06-08,4.0,0.01043380891094047,False,True
2001-06-11,4.0,0.009251240004698472,False,True
2001-06-12,4.0,0.009326122266409966,False,True
2001-06-13,4.0,0.008944433304768587,False,True
2001-06-14,4.0,0.009603151270121927,False,True
2001-06-15,4.0,0.00934614377907704,False,True
2001-06-18,4.0,0.009277850429631048,False,True
2001-06-19,3.0,0.008714784121779577,False,True
2001-06-20,4.0,0.00891886129651395,False,True
2001-06-21,4.0,0.009490964498590883,False,True
2001-06-22,4.0,0.009529573793424246,False,True
2001-06-25,3.0,0.008467147849419515,False,True
2001-06-26,3.0,0.008243408829893783,False,True
2001-06-27,3.0,0.007876096917849308,False,True
2001-06-28,4.0,0.008782539786637058,False,True
2001-06-29,3.0,0.00860152255736583,False,True
2001-07-02,4.0,0.009140285771870371,False,True
2001-07-03,3.0,0.008654377264529568,False,True
2001-07-05,3.0,0.0079323656689144,False,True
2001-07-06,4.0,0.010133842075523501,False,True
2001-07-09,4.0,0.010308278964950792,False,True
2001-07-10,4.0,0.010871481733635089,False,True
2001-07-11,4.0,0.010448928912742505,False,True
2001-07-12,5.0,0.012061720666951777,False,True
2001-07-13,5.0,0.012010550223143571,False,True
2001-07-16,5.0,0.012267181976354659,False,True
2001-07-17,5.0,0.012603124787983408,False,True
2001-07-18,5.0,0.012629397738155418,False,True
2001-07-19,5.0,0.012248540095784957,False,True
2001-07-20,5.0,0.012269830800075064,False,True
2001-07-23,5.0,0.012516311859300019,False,True
2001-07-24,5.0,0.013034908759898309,False,True
2001-07-25,5.0,0.013766250181668613,False,True
2001-07-26,5.0,0.012524861027778469,False,True
2001-07-27,5.0,0.012413528368740621,False,True
2001-07-30,4.0,0.011668432824663304,False,True
2001-07-31,4.0,0.011694609190686288,False,True
2001-08-01,4.0,0.009961037975647413,False,True
2001-08-02,4.0,0.009878280745372288,False,True
2001-08-03,4.0,0.00948986214610091,False,True
2001-08-06,4.0,0.009614269163734078,False,True
2001-08-07,4.0,0.009569187011205568,False,True
2001-08-08,4.0,0.010417520532581305,False,True
2001-08-09,4.0,0.010417388010935742,False,True
2001-08-10,4.0,0.009639647227012613,False,True
2001-08-13,3.0,0.008412702977246504,False,True
2001-08-14,3.0,0.007334454365667591,False,True
2001-08-15,2.0,0.006877873292321065,False,True
2001-08-16,2.0,0.006910102497013088,False,True
2001-08-17,3.0,0.008032662724559103,False,True
2001-08-20,3.0,0.008255480976221224,False,True
2001-08-21,3.0,0.008429842442990764,False,True
2001-08-22,3.0,0.00866736967183626,False,True
2001-08-23,3.0,0.008650101271288641,False,True
2001-08-24,4.0,0.01017410623739149,False,True
2001-08-27,4.0,0.010147677814074954,False,True
2001-08-28,4.0,0.009878400140670244,False,True
2001-08-29,4.0,0.010211518705371974,False,True
2001-08-30,4.0,0.010680116633073262,False,True
2001-08-31,4.0,0.010815197740185875,False,True
2001-09-04,4.0,0.010843773052688077,False,True
2001-09-05,4.0,0.010793319638815333,False,True
2001-09-06,5.0,0.01184224852435345,True,True
2001-09-07,5.0,0.012011193490217396,False,True
2001-09-10,5.0,0.011864727313341435,False,True
2001-09-17,5.0,0.016968225472113078,False,True
2001-09-18,5.0,0.016455963891798105,False,True
2001-09-19,5.0,0.01648098918188022,False,True
2001-09-20,5.0,0.015149300768727681,False,True
2001-09-21,5.0,0.01502332330727423,False,True
2001-09-24,5.0,0.02054353194846302,False,True
2001-09-25,5.0,0.021169741685851808,False,True
2001-09-26,5.0,0.02105765436952286,True,True
2001-09-27,5.0,0.02147599687915588,False,True
2001-09-28,5.0,0.022820918615035154,False,True
2001-10-01,5.0,0.022802477134020324,False,True
2001-10-02,5.0,0.022765412235660625,False,True
2001-10-03,5.0,0.023118157859564267,False,True
2001-10-04,5.0,0.02302931456812228,False,True
2001-10-05,5.0,0.018216715494536354,False,True
2001-10-08,5.0,0.01831598820765883,False,True
2001-10-09,5.0,0.017701955726078335,False,True
2001-10-10,5.0,0.01538848893682886,False,True
2001-10-11,5.0,0.013572552279461692,False,True
2001-10-12,4.0,0.011160690319176225,False,True
2001-10-15,4.0,0.011304354323871234,False,True
2001-10-16,4.0,0.010898060851967324,False,True
2001-10-17,5.0,0.012629690685980716,False,True
2001-10-18,5.0,0.011894670945569603,False,True
2001-10-19,5.0,0.011850577251786105,False,True
2001-10-22,5.0,0.012063824251735229,False,True
2001-10-23,4.0,0.011121519445729445,False,True
2001-10-24,4.0,0.011082386475208695,False,True
2001-10-25,4.0,0.011584670637951449,False,True
2001-10-26,4.0,0.011207782114365376,False,True
2001-10-29,5.0,0.013197865267274771,False,True
2001-10-30,5.0,0.012560443623470825,False,True
2001-10-31,4.0,0.011648998374783774,False,True
2001-11-01,5.0,0.013400892878742446,False,True
2001-11-02,5.0,0.013426079970896733,False,True
2001-11-05,5.0,0.013863106370631704,False,True
2001-11-06,5.0,0.01315849925519456,False,True
2001-11-07,5.0,0.012907780176073151,False,True
2001-11-08,5.0,0.012901688578800629,False,True
2001-11-09,5.0,0.01241162040688738,False,True
2001-11-12,5.0,0.012314503589637501,False,True
2001-11-13,5.0,0.013032686289805542,False,True
2001-11-14,5.0,0.012701883186132745,False,True
2001-11-15,5.0,0.012701994337676421,False,True
2001-11-16,4.0,0.01035722306894286,False,True
2001-11-19,3.0,0.008487894305026403,False,True
2001-11-20,4.0,0.009083928257213868,False,True
2001-11-21,3.0,0.00796634506135363,False,True
2001-11-23,3.0,0.008260118370166467,False,True
2001-11-26,3.0,0.007753852707399431,False,True
2001-11-27,3.0,0.007520657084902812,False,True
2001-11-28,4.0,0.009240540169171621,False,True
2001-11-29,4.0,0.00957940910302733,False,True
2001-11-30,4.0,0.009594292545961844,False,True
2001-12-03,4.0,0.009912286171078817,False,True
2001-12-04,4.0,0.009266969816174935,False,True
2001-12-05,4.0,0.010942249192106557,False,True
2001-12-06,4.0,0.011009585700087365,False,True
2001-12-07,4.0,0.011215258574569127,False,True
2001-12-10,4.0,0.011726685634011089,False,True
2001-12-11,4.0,0.011591224983074832,False,True
2001-12-12,4.0,0.011516631452404499,False,True
2001-12-13,4.0,0.011706257197082414,False,True
2001-12-14,4.0,0.01157976816129309,False,True
2001-12-17,5.0,0.011922613665476157,False,True
2001-12-18,4.0,0.010976293419886386,False,True
2001-12-19,4.0,0.010743419991351937,False,True
2001-12-20,4.0,0.011008986923648422,False,True
2001-12-21,4.0,0.010781714637176835,False,True
2001-12-24,4.0,0.010198067480922942,False,True
2001-12-26,3.0,0.008125743369991379,False,True
2001-12-27,3.0,0.008385056253028784,False,True
2001-12-28,3.0,0.008194734417622666,False,True
2001-12-31,3.0,0.007542371527560528,False,True
2002-01-02,3.0,0.007599145051696873,False,True
2002-01-03,3.0,0.007887334731983843,False,True
2002-01-04,2.0,0.0061426169774706175,False,True
2002-01-07,2.0,0.006681129157044776,False,True
2002-01-08,2.0,0.006511722602233521,False,True
2002-01-09,2.0,0.0064892819812351465,False,True
2002-01-10,2.0,0.006329569653131446,False,True
2002-01-11,2.0,0.006453500599476913,False,True
2002-01-14,2.0,0.006573052860352552,False,True
2002-01-15,2.0,0.0068510526512414825,False,True
2002-01-16,3.0,0.008016518903768593,False,True
2002-01-17,3.0,0.008310847871957999,False,True
2002-01-18,3.0,0.008517520527652813,False,True
2002-01-22,3.0,0.008258784728480188,False,True
2002-01-23,3.0,0.008429667841834805,False,True
2002-01-24,3.0,0.007998516182022712,False,True
2002-01-25,3.0,0.007701092059763444,False,True
2002-01-28,3.0,0.007627935643520786,False,True
2002-01-29,4.0,0.010522348204865781,False,True
2002-01-30,4.0,0.011294583288176521,False,True
2002-01-31,5.0,0.012199102884855918,False,True
2002-02-01,5.0,0.012096144923251359,False,True
2002-02-04,5.0,0.01361415939027071,False,True
2002-02-05,5.0,0.013330018376289363,False,True
2002-02-06,5.0,0.012843585800517903,False,True
2002-02-07,5.0,0.0123031059046077,False,True
2002-02-08,5.0,0.013094737069962304,False,True
2002-02-11,5.0,0.013675887503930588,False,True
2002-02-12,5.0,0.013484355401968916,False,True
2002-02-13,5.0,0.013765152074444682,False,True
2002-02-14,5.0,0.013756392728632485,False,True
2002-02-15,5.0,0.014008504329885336,False,True
2002-02-19,5.0,0.0127130958500655,False,True
2002-02-20,5.0,0.012856030619650417,False,True
2002-02-21,5.0,0.01254417520264744,False,True
2002-02-22,5.0,0.012838931399324977,False,True
2002-02-25,5.0,0.012028208024707247,False,True
2002-02-26,5.0,0.011947053479448806,False,True
2002-02-27,4.0,0.01176909791359435,False,True
2002-02-28,4.0,0.01176184967985704,False,True
2002-03-01,5.0,0.012561214615227653,False,True
2002-03-04,5.0,0.012997537604541535,False,True
2002-03-05,5.0,0.013122831460082189,False,True
2002-03-06,5.0,0.013372775743980039,False,True
2002-03-07,5.0,0.01346285641754991,False,True
2002-03-08,5.0,0.01288962773332723,False,True
2002-03-11,4.0,0.011101963201092498,False,True
2002-03-12,4.0,0.011021698610919018,False,True
2002-03-13,4.0,0.010309782299217298,False,True
2002-03-14,4.0,0.010357968856187887,False,True
2002-03-15,4.0,0.009824200206799236,False,True
2002-03-18,4.0,0.009838524331476455,False,True
2002-03-19,4.0,0.009799123654156739,False,True
2002-03-20,4.0,0.011020720669717448,False,True
2002-03-21,4.0,0.009479903352063009,False,True
2002-03-22,3.0,0.008030218580843103,False,True
2002-03-25,3.0,0.008777267642427694,False,True
2002-03-26,3.0,0.00788096656979278,False,True
2002-03-27,3.0,0.008030311191427553,False,True
2002-03-28,3.0,0.007864576537989955,False,True
2002-04-01,3.0,0.007762333557495799,False,True
2002-04-02,3.0,0.00799901209684372,False,True
2002-04-03,3.0,0.00800977756922495,False,True
2002-04-04,3.0,0.008038185511032438,False,True
2002-04-05,2.0,0.007117532845933759,False,True
2002-04-08,3.0,0.007222346247042898,False,True
2002-04-09,2.0,0.007038827861970134,False,True
2002-04-10,2.0,0.007039527750075396,False,True
2002-04-11,4.0,0.009207483459452262,False,True
2002-04-12,4.0,0.009559271695246235,False,True
2002-04-15,3.0,0.009024801523179513,False,True
2002-04-16,4.0,0.011108409392143963,False,True
2002-04-17,4.0,0.010977484719339355,False,True
2002-04-18,4.0,0.010928020310228425,False,True
2002-04-19,4.0,0.010940808636635204,False,True
2002-04-22,4.0,0.01144135632992815,False,True
2002-04-23,4.0,0.011274948243508151,False,True
2002-04-24,4.0,0.011345029459970254,False,True
2002-04-25,4.0,0.011341724856065003,False,True
2002-04-26,4.0,0.011695529213263257,False,True
2002-04-29,4.0,0.01181170571172952,True,True
2002-04-30,4.0,0.011758659947962548,False,True
2002-05-01,4.0,0.01056482466332582,False,True
2002-05-02,4.0,0.010327636581810391,False,True
2002-05-03,4.0,0.010469194484265545,False,True
2002-05-06,3.0,0.008669619650840083,False,True
2002-05-07,3.0,0.008648070447618684,True,True
2002-05-08,5.0,0.014158653816571658,False,True
2002-05-09,5.0,0.014500710219898367,False,True
2002-05-10,5.0,0.014595778898588716,False,True
2002-05-13,5.0,0.015682264059728952,False,True
2002-05-14,5.0,0.016699046299136017,False,True
2002-05-15,5.0,0.016770095406402587,False,True
2002-05-16,5.0,0.016347725852466813,False,True
2002-05-17,5.0,0.01606520959424592,False,True
2002-05-20,5.0,0.01642824859577661,False,True
2002-05-21,5.0,0.016557211727061264,False,True
2002-05-22,5.0,0.016630429662715822,False,True
2002-05-23,5.0,0.016543398671154754,False,True
2002-05-24,5.0,0.015926632027382724,False,True
2002-05-28,5.0,0.016132023929738757,False,True
2002-05-29,5.0,0.012652662189931886,False,True
2002-05-30,5.0,0.01208166559182794,False,True
2002-05-31,4.0,0.011132515232413912,False,True
2002-06-03,4.0,0.011896206894810255,False,True
2002-06-04,4.0,0.00990347461920614,False,True
2002-06-05,4.0,0.010433078398647553,False,True
2002-06-06,4.0,0.011006730141829986,False,True
2002-06-07,4.0,0.010484074325143485,False,True
2002-06-10,4.0,0.01043234298390069,False,True
2002-06-11,4.0,0.010829087407433515,False,True
2002-06-12,4.0,0.010895120475435617,False,True
2002-06-13,4.0,0.01013983762238044,False,True
2002-06-14,4.0,0.010016774785458519,False,True
2002-06-17,5.0,0.013357545817255538,False,True
2002-06-18,5.0,0.013339978710740188,False,True
2002-06-19,5.0,0.013901787973450992,False,True
2002-06-20,5.0,0.0140735177835997,False,True
2002-06-21,5.0,0.013306587377797798,False,True
2002-06-24,5.0,0.013416748263755336,False,True
2002-06-25,5.0,0.013376802507355226,False,True
2002-06-26,5.0,0.012689883243606282,True,True
2002-06-27,5.0,0.013921490383928706,False,True
2002-06-28,5.0,0.013836212480983668,False,True
2002-07-01,5.0,0.01426453703901721,False,True
2002-07-02,5.0,0.014741637694243264,True,True
2002-07-03,5.0,0.014956141033379068,False,True
2002-07-05,5.0,0.018416181194809467,False,True
2002-07-08,5.0,0.016492033640863664,False,True
2002-07-09,5.0,0.017309622531870253,False,True
2002-07-10,5.0,0.01875253928588303,False,True
2002-07-11,5.0,0.01905629245643831,False,True
2002-07-12,5.0,0.018778236568797336,False,True
2002-07-15,5.0,0.018618750850177345,False,True
2002-07-16,5.0,0.018710516947883133,True,True
2002-07-17,5.0,0.018945553393673,False,True
2002-07-18,5.0,0.018624724076322898,True,True
2002-07-19,5.0,0.020182883862107558,False,True
2002-07-22,5.0,0.020894972139575266,False,True
2002-07-23,5.0,0.021161926231008137,False,True
2002-07-24,5.0,0.027648542628308282,False,True
2002-07-25,5.0,0.02451067205594719,False,True
2002-07-26,5.0,0.02566528715061094,False,True
2002-07-29,5.0,0.03011214266329771,False,True
2002-07-30,5.0,0.028858801485095384,False,True
2002-07-31,5.0,0.028918868088196138,False,True
2002-08-01,5.0,0.029915274841077283,False,True
2002-08-02,5.0,0.030412479863387427,False,True
2002-08-05,5.0,0.03129804702693077,False,True
2002-08-06,5.0,0.03257113869168383,False,True
2002-08-07,5.0,0.032379503103225744,False,True
2002-08-08,5.0,0.031414471964283514,False,True
2002-08-09,5.0,0.02945174610703768,False,True
2002-08-12,5.0,0.02800556660093597,False,True
2002-08-13,5.0,0.025605624466407642,False,True
2002-08-14,5.0,0.02715524110026139,False,True
2002-08-15,5.0,0.02704012169974969,False,True
2002-08-16,5.0,0.023529206416861043,False,True
2002-08-19,5.0,0.024192674384502552,False,True
2002-08-20,5.0,0.024568169995825857,False,True
2002-08-21,5.0,0.022879731116353927,False,True
2002-08-22,5.0,0.021445859004037105,False,True
2002-08-23,5.0,0.019793842334138098,False,True
2002-08-26,5.0,0.01885642998461925,False,True
2002-08-27,5.0,0.019245287405250673,False,True
2002-08-28,5.0,0.01838347513403626,False,True
2002-08-29,5.0,0.018370424132356875,False,True
2002-08-30,5.0,0.018305893792734073,False,True
2002-09-03,5.0,0.02091260596833661,False,True
2002-09-04,5.0,0.018374049308405253,False,True
2002-09-05,5.0,0.018286364299562163,False,True
2002-09-06,5.0,0.0191062861468337,False,True
2002-09-09,5.0,0.018010984010638286,False,True
2002-09-10,5.0,0.01796908048646746,False,True
2002-09-11,5.0,0.017477147405976463,False,True
2002-09-12,5.0,0.017666729459513118,False,True
2002-09-13,5.0,0.017095914814944945,False,True
2002-09-16,5.0,0.01685764777347099,False,True
2002-09-17,5.0,0.0171900367641946,False,True
2002-09-18,5.0,0.016749761459861633,False,True
2002-09-19,5.0,0.01813858937468463,False,True
2002-09-20,5.0,0.01825180189236578,False,True
2002-09-23,5.0,0.015175135805707677,False,True
2002-09-24,5.0,0.014283251333415408,True,True
2002-09-25,5.0,0.016128151422437922,False,True
2002-09-26,5.0,0.016263600028847983,False,True
2002-09-27,5.0,0.017559844617426282,False,True
2002-09-30,5.0,0.017236197580683784,False,True
2002-10-01,5.0,0.021316537659769413,False,True
2002-10-02,5.0,0.021229955848486692,False,True
2002-10-03,5.0,0.02114707695466154,False,True
2002-10-04,5.0,0.021480645859236067,False,True
2002-10-07,5.0,0.02145361969952822,False,True
2002-10-08,5.0,0.022421641526677024,False,True
2002-10-09,5.0,0.022193638036056357,False,True
2002-10-10,5.0,0.02462100111799067,False,True
2002-10-11,5.0,0.026797127666529304,False,True
2002-10-14,5.0,0.026361167539794707,False,True
2002-10-15,5.0,0.028356847832044275,False,True
2002-10-16,5.0,0.02894046154500023,False,True
2002-10-17,5.0,0.027787931493143708,False,True
2002-10-18,5.0,0.027241033684072758,False,True
2002-10-21,5.0,0.02575616291594107,False,True
2002-10-22,5.0,0.02487525060851507,False,True
2002-10-23,5.0,0.024442137220403552,False,True
2002-10-24,5.0,0.02384015311559166,False,True
2002-10-25,5.0,0.022712784866464043,False,True
2002-10-28,5.0,0.023085636468159875,False,True
2002-10-29,5.0,0.02136399759256562,False,True
2002-10-30,5.0,0.020097974789840205,False,True
2002-10-31,5.0,0.018227749977910948,False,True
2002-11-01,5.0,0.018537623639396473,False,True
2002-11-04,5.0,0.014313307865389993,False,True
2002-11-05,4.0,0.012135478800230333,False,True
2002-11-06,4.0,0.011143607696619179,False,True
2002-11-07,5.0,0.013181783096666667,False,True
2002-11-08,5.0,0.012614512398089145,False,True
2002-11-11,5.0,0.013524230218243815,False,True
2002-11-12,5.0,0.013570809438104164,False,True
2002-11-13,5.0,0.012934302033582716,False,True
2002-11-14,5.0,0.013793713561251857,False,True
2002-11-15,5.0,0.01362159277729406,False,True
2002-11-18,5.0,0.01370716336305666,False,True
2002-11-19,5.0,0.013564853563786217,False,True
2002-11-20,5.0,0.014312214838074698,False,True
2002-11-21,5.0,0.014685574018464818,False,True
2002-11-22,5.0,0.014671994578168564,False,True
2002-11-25,5.0,0.014573841181891908,False,True
2002-11-26,5.0,0.015550562041990344,False,True
2002-11-27,5.0,0.0158594432784096,False,True
2002-11-29,5.0,0.0155983576222198,False,True
2002-12-02,5.0,0.014082824736017146,False,True
2002-12-03,5.0,0.014964380854286518,False,True
2002-12-04,5.0,0.015038323624874098,False,True
2002-12-05,5.0,0.014147339660894587,False,True
2002-12-06,5.0,0.014151131796966906,False,True
2002-12-09,5.0,0.015168381176567953,False,True
2002-12-10,5.0,0.015610430611130627,False,True
2002-12-11,5.0,0.014666624340497963,False,True
2002-12-12,5.0,0.013241481291582976,False,True
2002-12-13,5.0,0.013565810529433332,False,True
2002-12-16,5.0,0.015266118710294624,False,True
2002-12-17,5.0,0.014359933133045288,False,True
2002-12-18,4.0,0.012116588096048693,False,True
2002-12-19,4.0,0.012158728901305448,False,True
2002-12-20,5.0,0.012982254149853984,False,True
2002-12-23,4.0,0.01257170047409162,False,True
2002-12-24,5.0,0.012603561287346753,False,True
2002-12-26,4.0,0.01227400077173732,False,True
2002-12-27,5.0,0.012662780724144194,False,True
2002-12-30,4.0,0.011465953847029168,False,True
2002-12-31,4.0,0.010659878812590735,False,True
2003-01-02,5.0,0.01413301990923102,False,True
2003-01-03,5.0,0.01408773283585942,False,True
2003-01-06,5.0,0.014572559497502965,False,True
2003-01-07,5.0,0.013544984632728798,False,True
2003-01-08,5.0,0.013946789604594494,False,True
2003-01-09,5.0,0.014173721114400423,False,True
2003-01-10,5.0,0.013876181367847441,False,True
2003-01-13,5.0,0.013647181409754768,False,True
2003-01-14,5.0,0.013675946140410655,False,True
2003-01-15,5.0,0.014291066599840389,False,True
2003-01-16,5.0,0.014314867967003393,False,True
2003-01-17,5.0,0.014125017514753457,False,True
2003-01-21,5.0,0.014884903814345861,False,True
2003-01-22,5.0,0.015181031187606327,False,True
2003-01-23,4.0,0.012376480886830115,False,True
2003-01-24,5.0,0.0144376803589459,False,True
2003-01-27,4.0,0.012654610300069384,False,True
2003-01-28,5.0,0.013688453386021635,False,True
2003-01-29,5.0,0.013770934865681848,False,True
2003-01-30,5.0,0.012986485138331528,False,True
2003-01-31,5.0,0.013936812112263261,False,True
2003-02-03,5.0,0.0142155554642843,False,True
2003-02-04,5.0,0.014019187909410839,False,True
2003-02-05,5.0,0.013838088154859287,False,True
2003-02-06,5.0,0.013824985835246268,False,True
2003-02-07,5.0,0.013690933325396962,False,True
2003-02-10,5.0,0.013818166136001776,False,True
2003-02-11,5.0,0.01375097037264319,False,True
2003-02-12,5.0,0.013276310258374875,False,True
2003-02-13,4.0,0.011369101344450822,False,True
2003-02-14,4.0,0.012543230313232834,False,True
2003-02-18,5.0,0.013187541067193526,False,True
2003-02-19,5.0,0.013112142562464716,False,True
2003-02-20,4.0,0.011839949618980973,False,True
2003-02-21,4.0,0.011848209950933624,False,True
2003-02-24,4.0,0.01261551436062479,False,True
2003-02-25,4.0,0.012361461957199418,False,True
2003-02-26,5.0,0.012754359278187468,False,True
2003-02-27,5.0,0.013114243307807893,False,True
2003-02-28,5.0,0.0128325444168291,False,True
2003-03-03,5.0,0.012873499704733097,False,True
2003-03-04,5.0,0.013366224461451623,False,True
2003-03-05,5.0,0.013133634299229585,False,True
2003-03-06,5.0,0.013412435899015349,False,True
2003-03-07,4.0,0.01226361211433845,False,True
2003-03-10,4.0,0.012626030284193894,False,True
2003-03-11,4.0,0.012656619619322714,False,True
2003-03-12,4.0,0.012718982243346309,False,True
2003-03-13,5.0,0.015606175903996176,False,True
2003-03-14,5.0,0.014810270966385633,False,True
2003-03-17,5.0,0.017440462824784366,False,True
2003-03-18,5.0,0.01688040469971577,False,True
2003-03-19,5.0,0.01678448055326781,False,True
2003-03-20,5.0,0.016781000417294325,False,True
2003-03-21,5.0,0.01727634483799424,False,True
2003-03-24,5.0,0.01981210357462691,False,True
2003-03-25,5.0,0.019883162007566242,False,True
2003-03-26,5.0,0.019711691168002494,False,True
2003-03-27,5.0,0.01972702688370311,False,True
2003-03-28,5.0,0.018064476365093108,False,True
2003-03-31,5.0,0.018763399892511304,False,True
2003-04-01,5.0,0.01888394502164518,False,True
2003-04-02,5.0,0.018025057433068453,False,True
2003-04-03,5.0,0.01818351048860687,False,True
2003-04-04,5.0,0.015815858324508998,False,True
2003-04-07,5.0,0.015793618789089657,False,True
2003-04-08,5.0,0.015654530401092392,False,True
2003-04-09,5.0,0.016110334170867102,False,True
2003-04-10,5.0,0.014818430239349308,False,True
2003-04-11,4.0,0.011212726010446997,False,True
2003-04-14,4.0,0.011937737053918382,False,True
2003-04-15,4.0,0.011871115099951837,False,True
2003-04-16,4.0,0.012430891513435459,False,True
2003-04-17,5.0,0.012834106695724871,False,True
2003-04-21,4.0,0.011523735029774385,False,True
2003-04-22,4.0,0.012302929442325363,False,True
2003-04-23,4.0,0.01074189054220527,False,True
2003-04-24,4.0,0.010961361717207133,False,True
2003-04-25,4.0,0.011839551406220386,False,True
2003-04-28,4.0,0.01259169978442912,False,True
2003-04-29,4.0,0.012520590968647664,False,True
2003-04-30,4.0,0.011586975085096061,False,True
2003-05-01,4.0,0.011631687698219078,False,True
2003-05-02,4.0,0.011795779018789573,False,True
2003-05-05,4.0,0.011229047568673859,False,True
2003-05-06,4.0,0.011287883015221538,False,True
2003-05-07,4.0,0.010663569212299074,False,True
2003-05-08,4.0,0.010729665663251581,False,True
2003-05-09,4.0,0.01112654099908683,False,True
2003-05-12,4.0,0.010213720859752667,False,True
2003-05-13,4.0,0.010171032017752903,False,True
2003-05-14,4.0,0.00986979121576253,False,True
2003-05-15,3.0,0.00879614534756434,False,True
2003-05-16,3.0,0.007942660142280055,False,True
2003-05-19,4.0,0.010802992828374552,False,True
2003-05-20,4.0,0.010804161449384507,False,True
2003-05-21,4.0,0.010846668199891055,False,True
2003-05-22,4.0,0.010353874378646011,False,True
2003-05-23,4.0,0.010295106864776424,False,True
2003-05-27,4.0,0.011308844637711186,False,True
2003-05-28,4.0,0.01115721784899145,False,True
2003-05-29,4.0,0.010758367393708002,False,True
2003-05-30,4.0,0.010793459410834021,False,True
2003-06-02,4.0,0.010402187189846434,False,True
2003-06-03,4.0,0.010342570340409401,False,True
2003-06-04,4.0,0.010748801100160861,False,True
2003-06-05,4.0,0.010677684857127615,False,True
2003-06-06,4.0,0.010673599554469934,False,True
2003-06-09,3.0,0.008284871163491558,False,True
2003-06-10,3.0,0.008233325124953794,False,True
2003-06-11,3.0,0.00848930457302996,False,True
2003-06-12,3.0,0.008500382951334491,False,True
2003-06-13,3.0,0.009363709972617757,False,True
2003-06-16,3.0,0.009731575591529856,False,True
2003-06-17,4.0,0.009752684011201324,False,True
2003-06-18,3.0,0.009630142719273047,False,True
2003-06-19,4.0,0.010482916028365664,False,True
2003-06-20,4.0,0.010481339613683622,False,True
2003-06-23,4.0,0.011304997206698657,False,True
2003-06-24,4.0,0.010550127787738351,False,True
2003-06-25,4.0,0.010686546308709246,False,True
2003-06-26,4.0,0.01112679137077904,False,True
2003-06-27,4.0,0.010955601799926268,False,True
2003-06-30,4.0,0.010644204214988483,False,True
2003-07-01,4.0,0.010248220488859696,False,True
2003-07-02,4.0,0.010788977754024058,False,True
2003-07-03,4.0,0.010673855819423532,False,True
2003-07-07,4.0,0.010163156200311007,False,True
2003-07-08,4.0,0.010210407996130507,False,True
2003-07-09,4.0,0.010306426366875447,False,True
2003-07-10,4.0,0.010118997060390073,False,True
2003-07-11,4.0,0.01046097665153692,False,True
2003-07-14,3.0,0.009679292893400089,False,True
2003-07-15,3.0,0.009771316695425173,False,True
2003-07-16,3.0,0.009637883159950884,False,True
2003-07-17,4.0,0.009900064345329734,False,True
2003-07-18,4.0,0.009983936607319752,False,True
2003-07-21,4.0,0.010847591871466139,False,True
2003-07-22,4.0,0.010934656833890482,False,True
2003-07-23,4.0,0.010456276495781002,False,True
2003-07-24,4.0,0.01040155539517905,False,True
2003-07-25,4.0,0.01018683149604506,False,True
2003-07-28,4.0,0.010135224070473833,False,True
2003-07-29,4.0,0.010206537712667765,False,True
2003-07-30,3.0,0.009548560544475004,False,True
2003-07-31,3.0,0.009193578439903972,False,True
2003-08-01,3.0,0.00934838044846033,False,True
2003-08-04,3.0,0.009405488536769195,False,True
2003-08-05,4.0,0.0103360249694341,False,True
2003-08-06,4.0,0.009922626689914083,False,True
2003-08-07,3.0,0.009542447719542102,False,True
2003-08-08,3.0,0.008799751011262515,False,True
2003-08-11,3.0,0.008423290952003913,False,True
2003-08-12,3.0,0.008875868959516899,False,True
2003-08-13,3.0,0.008833002959927474,False,True
2003-08-14,3.0,0.0076228482730028874,False,True
2003-08-15,3.0,0.007611142484785961,False,True
2003-08-18,3.0,0.007733783692129926,False,True
2003-08-19,3.0,0.0077112954462015436,False,True
2003-08-20,3.0,0.007735190016942589,False,True
2003-08-21,2.0,0.007063700738114386,False,True
2003-08-22,3.0,0.007731193446533973,False,True
2003-08-25,1.0,0.005603003122018437,False,True
2003-08-26,1.0,0.005607605159583121,False,True
2003-08-27,1.0,0.005431516360296971,False,True
2003-08-28,1.0,0.005538985814367849,False,True
2003-08-29,1.0,0.005602325802897743,False,True
2003-09-02,2.0,0.006097460619948989,False,True
2003-09-03,1.0,0.005576550518922605,False,True
2003-09-04,1.0,0.005489029072934712,False,True
2003-09-05,2.0,0.0059788517194322025,False,True
2003-09-08,2.0,0.00606056647485158,False,True
2003-09-09,2.0,0.006673396419706344,False,True
2003-09-10,3.0,0.007555204133170345,False,True
2003-09-11,3.0,0.007638761510036011,False,True
2003-09-12,2.0,0.0069314936197998715,False,True
2003-09-15,2.0,0.007086894746920425,False,True
2003-09-16,3.0,0.00785861924115554,False,True
2003-09-17,3.0,0.007980496184945403,False,True
2003-09-18,3.0,0.008467095847102712,False,True
2003-09-19,3.0,0.008563281801208158,False,True
2003-09-22,3.0,0.008725215455063903,False,True
2003-09-23,3.0,0.008807288895078515,False,True
2003-09-24,4.0,0.010205982772707303,False,True
2003-09-25,4.0,0.010192905863130059,False,True
2003-09-26,3.0,0.009730887870862749,False,True
2003-09-29,4.0,0.010085512045738756,False,True
2003-09-30,4.0,0.009972156658126412,False,True
2003-10-01,4.0,0.011658982822776347,False,True
2003-10-02,4.0,0.011656528236280854,False,True
2003-10-03,4.0,0.011847972334418906,False,True
2003-10-06,4.0,0.011286775950656953,False,True
2003-10-07,4.0,0.011292201543747648,False,True
2003-10-08,4.0,0.01081822253324027,False,True
2003-10-09,4.0,0.010870273773449858,False,True
2003-10-10,4.0,0.010189996683214237,False,True
2003-10-13,4.0,0.010228696857925153,False,True
2003-10-14,3.0,0.008381436420715796,False,True
2003-10-15,3.0,0.008147149562929727,False,True
2003-10-16,3.0,0.00768132960136973,False,True
2003-10-17,3.0,0.00831413721173393,False,True
2003-10-20,2.0,0.007458204227454631,False,True
2003-10-21,1.0,0.005171139360287249,False,True
2003-10-22,2.0,0.006886048105408976,False,True
2003-10-23,2.0,0.006477054650174908,False,True
2003-10-24,2.0,0.006490346368991339,False,True
2003-10-27,2.0,0.006370122993308464,False,True
2003-10-28,2.0,0.007442554340319329,False,True
2003-10-29,2.0,0.007360293261559288,False,True
2003-10-30,2.0,0.007367717108110697,False,True
2003-10-31,2.0,0.007194783339433619,False,True
2003-11-03,2.0,0.0074186686083824996,False,True
2003-11-04,3.0,0.007553452086895845,False,True
2003-11-05,3.0,0.007525074745951927,False,True
2003-11-06,2.0,0.007031015177196518,False,True
2003-11-07,2.0,0.007099738791921737,False,True
2003-11-10,2.0,0.007295950721930951,False,True
2003-11-11,2.0,0.005864595450381841,False,True
2003-11-12,2.0,0.006461170215477711,False,True
2003-11-13,2.0,0.006223116780829264,False,True
2003-11-14,2.0,0.006736576352823593,False,True
2003-11-17,2.0,0.005735626143363985,False,True
2003-11-18,2.0,0.006184083739311925,False,True
2003-11-19,2.0,0.0066284615183615425,False,True
2003-11-20,2.0,0.006862060021900231,False,True
2003-11-21,2.0,0.006415061385488878,False,True
2003-11-24,3.0,0.007848994180017126,False,True
2003-11-25,3.0,0.007853367508106864,False,True
2003-11-26,3.0,0.007774219939533106,False,True
2003-11-28,3.0,0.0076618339858318925,False,True
2003-12-01,3.0,0.00795529677786334,False,True
2003-12-02,3.0,0.008044208116248048,False,True
2003-12-03,3.0,0.007537255002564503,False,True
2003-12-04,3.0,0.007619550764164729,False,True
2003-12-05,3.0,0.007625467976249478,False,True
2003-12-08,2.0,0.007514680679499289,False,True
2003-12-09,2.0,0.007453702505218256,False,True
2003-12-10,2.0,0.007263871834917862,False,True
2003-12-11,2.0,0.007186607303641777,False,True
2003-12-12,2.0,0.007181197214063751,False,True
2003-12-15,2.0,0.006351950660493524,False,True
2003-12-16,2.0,0.0065226770965787426,False,True
2003-12-17,2.0,0.006469356555670638,False,True
2003-12-18,2.0,0.007030120541380294,False,True
2003-12-19,2.0,0.006537759241141505,False,True
2003-12-22,2.0,0.006438724395181602,False,True
2003-12-23,2.0,0.006362377344921886,False,True
2003-12-24,2.0,0.006393933620875354,False,True
2003-12-26,2.0,0.005806536301762121,False,True
2003-12-29,2.0,0.006275859201359546,False,True
2003-12-30,1.0,0.005458660131581307,False,True
2003-12-31,1.0,0.005330786129990734,False,True
2004-01-02,1.0,0.005073743050221596,False,True
2004-01-05,2.0,0.005721404109163157,False,True
2004-01-06,1.0,0.0051708575226788326,False,True
2004-01-07,1.0,0.005106223140378199,False,True
2004-01-08,1.0,0.0050865739171048,False,True
2004-01-09,1.0,0.005520583388070525,False,True
2004-01-12,1.0,0.005509566104973403,False,True
2004-01-13,2.0,0.005868883652276402,False,True
2004-01-14,2.0,0.006114857179441746,False,True
2004-01-15,2.0,0.006012435127568763,False,True
2004-01-16,2.0,0.006120086394317717,False,True
2004-01-20,1.0,0.0055315992677507555,False,True
2004-01-21,2.0,0.005719656214897706,False,True
2004-01-22,2.0,0.005914269168357485,False,True
2004-01-23,2.0,0.005852918110539454,False,True
2004-01-26,2.0,0.005814940816765269,False,True
2004-01-27,2.0,0.006635048263963847,False,True
2004-01-28,3.0,0.0077326057913645885,False,True
2004-01-29,3.0,0.007733843890407244,False,True
2004-01-30,2.0,0.007339122563475197,False,True
2004-02-02,2.0,0.007295588634298767,False,True
2004-02-03,2.0,0.0070988249124255805,False,True
2004-02-04,2.0,0.007173407711905737,False,True
2004-02-05,2.0,0.007182886088738301,False,True
2004-02-06,3.0,0.0077444559663635846,False,True
2004-02-09,3.0,0.0077753185218779036,False,True
2004-02-10,3.0,0.007600415615642336,False,True
2004-02-11,3.0,0.008053535314984418,False,True
2004-02-12,3.0,0.008166421399842225,False,True
2004-02-13,3.0,0.00761253185002106,False,True
2004-02-17,3.0,0.007578274082025358,False,True
2004-02-18,2.0,0.006551436298532147,False,True
2004-02-19,2.0,0.006627945817942464,False,True
2004-02-20,2.0,0.006625729851611622,False,True
2004-02-23,2.0,0.00663537323303314,False,True
2004-02-24,2.0,0.006656274645931453,False,True
2004-02-25,2.0,0.006236502157235665,False,True
2004-02-26,2.0,0.006232721970868852,False,True
2004-02-27,1.0,0.005289965466855958,False,True
2004-03-01,2.0,0.00578547577367675,False,True
2004-03-02,2.0,0.005941942885355194,False,True
2004-03-03,1.0,0.005169967458134275,False,True
2004-03-04,1.0,0.005088828206025238,False,True
2004-03-05,1.0,0.004830819250877659,False,True
2004-03-08,1.0,0.0046478306332611834,False,True
2004-03-09,1.0,0.004743858223250524,False,True
2004-03-10,2.0,0.006011701672350584,False,True
2004-03-11,2.0,0.0070693597223347145,False,True
2004-03-12,3.0,0.008090166962035449,False,True
2004-03-15,3.0,0.008824466761373138,False,True
2004-03-16,3.0,0.008920595399538853,False,True
2004-03-17,3.0,0.009631812170293722,False,True
2004-03-18,3.0,0.009623970631896628,False,True
2004-03-19,3.0,0.009397481703884243,False,True
2004-03-22,4.0,0.009757831756594712,False,True
2004-03-23,4.0,0.009669786677882233,False,True
2004-03-24,3.0,0.0094716270272837,False,True
2004-03-25,4.0,0.010845302252550289,False,True
2004-03-26,4.0,0.010742431851174213,False,True
2004-03-29,4.0,0.011440236606293865,False,True
2004-03-30,4.0,0.010806355770679862,False,True
2004-03-31,4.0,0.00985340143687442,False,True
2004-04-01,3.0,0.009408481910929467,False,True
2004-04-02,3.0,0.008514360743735454,False,True
2004-04-05,3.0,0.00859087151196988,False,True
2004-04-06,3.0,0.008242701587743052,False,True
2004-04-07,3.0,0.008505945505071265,False,True
2004-04-08,3.0,0.007769033769509556,False,True
2004-04-12,2.0,0.0064994377404408365,False,True
2004-04-13,3.0,0.007882832729777446,False,True
2004-04-14,3.0,0.007831898776260067,False,True
2004-04-15,2.0,0.006742245699789413,False,True
2004-04-16,2.0,0.006781692449621706,False,True
2004-04-19,2.0,0.0059623083628684275,False,True
2004-04-20,2.0,0.007323834015206746,False,True
2004-04-21,3.0,0.007488794038192246,False,True
2004-04-22,3.0,0.008292420559926945,False,True
2004-04-23,3.0,0.007969394559528857,False,True
2004-04-26,3.0,0.007720083899020265,False,True
2004-04-27,3.0,0.00775785252541937,False,True
2004-04-28,3.0,0.008403726114163084,False,True
2004-04-29,3.0,0.008579724689189872,False,True
2004-04-30,3.0,0.00841772931312295,False,True
2004-05-03,3.0,0.008254898860471748,False,True
2004-05-04,3.0,0.008282834728750665,False,True
2004-05-05,3.0,0.008301189584280428,False,True
2004-05-06,3.0,0.008294225432890294,False,True
2004-05-07,3.0,0.00889841213748461,False,True
2004-05-10,3.0,0.00840364202585409,False,True
2004-05-11,3.0,0.008581143812097212,False,True
2004-05-12,2.0,0.007379605426557741,False,True
2004-05-13,2.0,0.007341658537919448,False,True
2004-05-14,2.0,0.007346425964301374,False,True
2004-05-17,3.0,0.007503651278733791,False,True
2004-05-18,2.0,0.007328895994597125,False,True
2004-05-19,2.0,0.0071530199511741065,False,True
2004-05-20,2.0,0.0070611240278153535,False,True
2004-05-21,2.0,0.006599812337966804,False,True
2004-05-24,2.0,0.0065939514757055295,False,True
2004-05-25,3.0,0.00807253273859968,False,True
2004-05-26,3.0,0.007886657107163004,False,True
2004-05-27,2.0,0.006907235852811941,False,True
2004-05-28,2.0,0.006024189636698331,False,True
2004-06-01,2.0,0.0058256631488173135,False,True
2004-06-02,2.0,0.005843682425426913,False,True
2004-06-03,2.0,0.0063213320283967075,False,True
2004-06-04,2.0,0.00637606853493498,False,True
2004-06-07,2.0,0.006352283312001335,False,True
2004-06-08,2.0,0.006305189921358413,False,True
2004-06-09,2.0,0.007032863122276414,False,True
2004-06-10,2.0,0.007015530388305301,False,True
2004-06-14,3.0,0.007805666182148101,False,True
2004-06-15,3.0,0.007873726247947735,False,True
2004-06-16,2.0,0.006827245188757492,False,True
2004-06-17,2.0,0.006861778333165468,False,True
2004-06-18,2.0,0.006752638013689438,False,True
2004-06-21,2.0,0.006879352427437214,False,True
2004-06-22,2.0,0.006926030669533106,False,True
2004-06-23,2.0,0.0071982395847285325,False,True
2004-06-24,2.0,0.006877242640196303,False,True
2004-06-25,2.0,0.0070257779576396616,False,True
2004-06-28,1.0,0.0055259972147706105,False,True
2004-06-29,1.0,0.005558776513616838,False,True
2004-06-30,1.0,0.004993597033832305,False,True
2004-07-01,1.0,0.005652897794211266,False,True
2004-07-02,1.0,0.005044525458129396,False,True
2004-07-06,1.0,0.005175340318962455,False,True
2004-07-07,1.0,0.005195889114748542,False,True
2004-07-08,1.0,0.005552927989186898,False,True
2004-07-09,1.0,0.0055961817554438355,False,True
2004-07-12,1.0,0.0055825242675538065,False,True
2004-07-13,1.0,0.005448558513867576,False,True
2004-07-14,1.0,0.004693301527180505,False,True
2004-07-15,1.0,0.004726534105157343,False,True
2004-07-16,1.0,0.0046938435401013825,False,True
2004-07-19,1.0,0.004705427343208729,False,True
2004-07-20,1.0,0.005176087783219038,False,True
2004-07-21,2.0,0.00574338447861635,False,True
2004-07-22,1.0,0.005497864061847225,False,True
2004-07-23,2.0,0.005868665060895403,False,True
2004-07-26,1.0,0.005638918723562063,False,True
2004-07-27,2.0,0.006421534792667219,False,True
2004-07-28,2.0,0.006133280956587839,False,True
2004-07-29,2.0,0.006206890953602519,False,True
2004-07-30,2.0,0.006201430508135373,False,True
2004-08-02,2.0,0.00635017274608109,False,True
2004-08-03,2.0,0.006497989446518793,False,True
2004-08-04,2.0,0.006418470276698344,False,True
2004-08-05,3.0,0.007653098271835196,False,True
2004-08-06,3.0,0.008535693062812849,True,True
2004-08-09,3.0,0.008171518258977361,False,True
2004-08-10,3.0,0.008569614760826197,False,True
2004-08-11,3.0,0.008516949714291257,False,True
2004-08-12,3.0,0.008682811554871897,False,True
2004-08-13,3.0,0.008718084322063956,False,True
2004-08-16,3.0,0.009127039947881532,False,True
2004-08-17,3.0,0.009159401206640754,False,True
2004-08-18,4.0,0.009736648481418747,False,True
2004-08-19,4.0,0.00976315596859295,False,True
2004-08-20,4.0,0.00986162278720404,False,True
2004-08-23,4.0,0.009742042669614195,False,True
2004-08-24,4.0,0.0097415950386701,False,True
2004-08-25,3.0,0.008733506597761726,False,True
2004-08-26,2.0,0.007235910069996115,False,True
2004-08-27,2.0,0.007223228988337177,False,True
2004-08-30,2.0,0.007116394740300092,False,True
2004-08-31,2.0,0.007050892690595685,False,True
2004-09-01,2.0,0.005874879880217202,False,True
2004-09-02,2.0,0.0062619274127083445,False,True
2004-09-03,2.0,0.005852336143119018,False,True
2004-09-07,2.0,0.005981534882951538,False,True
2004-09-08,1.0,0.00553788649224943,False,True
2004-09-09,1.0,0.005350298562137794,False,True
2004-09-10,1.0,0.005259170948903297,False,True
2004-09-13,1.0,0.005127049349126718,False,True
2004-09-14,1.0,0.005109704177012307,False,True
2004-09-15,1.0,0.005349257354407532,False,True
2004-09-16,1.0,0.00536341894479006,False,True
2004-09-17,1.0,0.00542810201193361,False,True
2004-09-20,1.0,0.0051720826580191085,False,True
2004-09-21,1.0,0.005269534688494904,False,True
2004-09-22,2.0,0.006726993620115998,False,True
2004-09-23,2.0,0.006098895781338798,False,True
2004-09-24,2.0,0.00603480966693681,False,True
2004-09-27,2.0,0.005845785949227996,False,True
2004-09-28,2.0,0.006044578290650996,False,True
2004-09-29,2.0,0.006146032005105097,False,True
2004-09-30,2.0,0.005964251224676459,False,True
2004-10-01,2.0,0.00728409161388381,False,True
2004-10-04,2.0,0.00730900717651121,False,True
2004-10-05,2.0,0.006995327973255162,False,True
2004-10-06,2.0,0.007150198648708668,False,True
2004-10-07,3.0,0.007666459114240797,False,True
2004-10-08,3.0,0.0077932740807415595,False,True
2004-10-11,3.0,0.007607863074263645,False,True
2004-10-12,2.0,0.00655168999433399,False,True
2004-10-13,2.0,0.006748789778390945,False,True
2004-10-14,2.0,0.007210413134897592,False,True
2004-10-15,2.0,0.00713372679783586,False,True
2004-10-18,2.0,0.0070953128603013504,False,True
2004-10-19,3.0,0.007463602691510779,False,True
2004-10-20,3.0,0.007468565778858119,False,True
2004-10-21,2.0,0.006050614630783788,False,True
2004-10-22,2.0,0.006246045670121951,False,True
2004-10-25,2.0,0.006240495923148857,False,True
2004-10-26,3.0,0.007425376910598865,False,True
2004-10-27,3.0,0.008001422199589504,False,True
2004-10-28,3.0,0.007738301208073733,False,True
2004-10-29,3.0,0.007746519744102249,False,True
2004-11-01,3.0,0.007709610075640565,False,True
2004-11-02,3.0,0.0073746974117219035,False,True
2004-11-03,2.0,0.007175329380642856,False,True
2004-11-04,3.0,0.008029077327545407,False,True
2004-11-05,3.0,0.00801282510065751,False,True
2004-11-08,2.0,0.00722914972175128,False,True
2004-11-09,2.0,0.00727518564821854,False,True
2004-11-10,3.0,0.007383806769091057,False,True
2004-11-11,2.0,0.006423519289065583,False,True
2004-11-12,2.0,0.006285891223570735,False,True
2004-11-15,2.0,0.00587273238320117,False,True
2004-11-16,2.0,0.006120625910674264,False,True
2004-11-17,2.0,0.006140542167396791,False,True
2004-11-18,2.0,0.006159925944493363,False,True
2004-11-19,2.0,0.007261640121183258,False,True
2004-11-22,2.0,0.007278908273776603,False,True
2004-11-23,2.0,0.006915537191942028,False,True
2004-11-24,2.0,0.005690607913241901,False,True
2004-11-26,1.0,0.005640048429513351,False,True
2004-11-29,2.0,0.005741873424716488,False,True
2004-11-30,2.0,0.0058782574549866235,False,True
2004-12-01,2.0,0.006970455855776283,False,True
2004-12-02,2.0,0.00666659941243873,False,True
2004-12-03,2.0,0.0062515469151174265,False,True
2004-12-06,2.0,0.006256980142205175,False,True
2004-12-07,2.0,0.0067049620185010905,False,True
2004-12-08,2.0,0.00666620036254214,False,True
2004-12-09,2.0,0.006814189411288084,False,True
2004-12-10,2.0,0.005976612769387276,False,True
2004-12-13,2.0,0.006218187269152738,False,True
2004-12-14,2.0,0.006238323855609842,False,True
2004-12-15,2.0,0.006198412352141793,False,True
2004-12-16,2.0,0.006268354489992237,False,True
2004-12-17,2.0,0.0065877152731196546,False,True
2004-12-20,2.0,0.00643490709599642,False,True
2004-12-21,1.0,0.005624779717831027,False,True
2004-12-22,1.0,0.005640992828373369,False,True
2004-12-23,1.0,0.005642820057299968,False,True
2004-12-27,2.0,0.005811469792605552,False,True
2004-12-28,1.0,0.004883959366151969,False,True
2004-12-29,1.0,0.004853360658162689,False,True
2004-12-30,1.0,0.004757998556739897,False,True
2004-12-31,1.0,0.004770765354491262,False,True
2005-01-03,1.0,0.004883729233896424,False,True
2005-01-04,2.0,0.005693494450412275,False,True
2005-01-05,1.0,0.005673185842488588,False,True
2005-01-06,2.0,0.005809536625886079,False,True
2005-01-07,1.0,0.005496899190429506,False,True
2005-01-10,1.0,0.005592596906876175,False,True
2005-01-11,1.0,0.005104661721192569,False,True
2005-01-12,1.0,0.005146931134268073,False,True
2005-01-13,1.0,0.0054739946788481715,False,True
2005-01-14,2.0,0.005814251709758474,False,True
2005-01-18,2.0,0.0061206518076178966,False,True
2005-01-19,2.0,0.0065152790357416255,False,True
2005-01-20,2.0,0.006687022425457081,False,True
2005-01-21,2.0,0.006770084283736208,False,True
2005-01-24,2.0,0.006591207951102456,False,True
2005-01-25,2.0,0.006189799405149399,False,True
2005-01-26,2.0,0.00634436258357735,False,True
2005-01-27,2.0,0.006244239980339015,False,True
2005-01-28,2.0,0.006263611883029678,False,True
2005-01-31,2.0,0.006659498721644995,False,True
2005-02-01,2.0,0.006726907935312432,False,True
2005-02-02,2.0,0.006697409188139877,False,True
2005-02-03,2.0,0.006259092621845442,False,True
2005-02-04,2.0,0.006706964009355508,False,True
2005-02-07,2.0,0.006256094328561701,False,True
2005-02-08,1.0,0.00557529639846936,False,True
2005-02-09,2.0,0.005676240894472339,False,True
2005-02-10,1.0,0.005304079125352274,False,True
2005-02-11,1.0,0.005235650748079473,False,True
2005-02-14,1.0,0.00523765978477,False,True
2005-02-15,1.0,0.0051957424544122706,False,True
2005-02-16,1.0,0.005201981163476093,False,True
2005-02-17,2.0,0.00573895686456806,False,True
2005-02-18,1.0,0.005411971269552221,False,True
2005-02-22,2.0,0.006601239444952807,False,True
2005-02-23,2.0,0.006729973223941902,False,True
2005-02-24,2.0,0.00700509178134314,False,True
2005-02-25,2.0,0.006822114232581365,False,True
2005-02-28,2.0,0.007062858252012303,False,True
2005-03-01,2.0,0.007216639909505883,False,True
2005-03-02,2.0,0.006736611124781014,False,True
2005-03-03,2.0,0.006677637772531031,False,True
2005-03-04,2.0,0.006900415098285287,False,True
2005-03-07,2.0,0.006913044812655305,False,True
2005-03-08,2.0,0.007055410117904968,False,True
2005-03-09,3.0,0.007623587628885584,False,True
2005-03-10,3.0,0.007299594432383918,False,True
2005-03-11,3.0,0.0076137024892127345,False,True
2005-03-14,2.0,0.006480542739059161,False,True
2005-03-15,2.0,0.006765315792303795,False,True
2005-03-16,2.0,0.006760046999367536,False,True
2005-03-17,2.0,0.006181156308039432,False,True
2005-03-18,2.0,0.0059998366633572655,False,True
2005-03-21,2.0,0.0057843649042803045,False,True
2005-03-22,2.0,0.0062086269265702685,False,True
2005-03-23,2.0,0.006221700958807089,False,True
2005-03-24,1.0,0.005237291674553866,False,True
2005-03-28,1.0,0.005223535519908617,False,True
2005-03-29,1.0,0.005349633911658379,False,True
2005-03-30,2.0,0.006612583723179259,False,True
2005-03-31,2.0,0.006546973789131851,False,True
2005-04-01,2.0,0.006477293420631632,False,True
2005-04-04,2.0,0.006271766645995294,False,True
2005-04-05,2.0,0.0062527228352678935,False,True
2005-04-06,2.0,0.005950042272065355,False,True
2005-04-07,2.0,0.006159484045155481,False,True
2005-04-08,2.0,0.006561117691260832,False,True
2005-04-11,2.0,0.006435791839300798,False,True
2005-04-12,2.0,0.005890772500338389,False,True
2005-04-13,2.0,0.006814831788144707,False,True
2005-04-14,3.0,0.007334685697705742,False,True
2005-04-15,3.0,0.00845346858762051,False,True
2005-04-18,3.0,0.00837919879588229,False,True
2005-04-19,3.0,0.00753320946583361,False,True
2005-04-20,3.0,0.008131372219233126,False,True
2005-04-21,4.0,0.009957407983803542,False,True
2005-04-22,4.0,0.010022559474593356,False,True
2005-04-25,4.0,0.010270481865135211,False,True
2005-04-26,4.0,0.010413986153986022,False,True
2005-04-27,4.0,0.01030962294081303,False,True
2005-04-28,4.0,0.010483996117667154,False,True
2005-04-29,4.0,0.011144607079944085,False,True
2005-05-02,4.0,0.011101382902466784,False,True
2005-05-03,4.0,0.010700250257311575,False,True
2005-05-04,4.0,0.010882795343181505,False,True
2005-05-05,4.0,0.009701757782252097,False,True
2005-05-06,4.0,0.00972682701835589,False,True
2005-05-09,4.0,0.009743334764653165,False,True
2005-05-10,4.0,0.009459231711049062,False,True
2005-05-11,3.0,0.008022105493391411,False,True
2005-05-12,3.0,0.00830273102253163,False,True
2005-05-13,3.0,0.008048862467799622,False,True
2005-05-16,3.0,0.008120927611972476,False,True
2005-05-17,3.0,0.008246773050334326,False,True
2005-05-18,3.0,0.007716116704051489,False,True
2005-05-19,3.0,0.007279261501272523,False,True
2005-05-20,3.0,0.0073005787247319084,False,True
2005-05-23,3.0,0.007284743641819593,False,True
2005-05-24,2.0,0.0066455035374408875,False,True
2005-05-25,2.0,0.006684664476456755,False,True
2005-05-26,2.0,0.0067974403913784445,False,True
2005-05-27,2.0,0.006656507958670457,False,True
2005-05-31,2.0,0.006105005694484297,False,True
2005-06-01,2.0,0.006391053213495857,False,True
2005-06-02,1.0,0.005393033441420371,False,True
2005-06-03,1.0,0.00566112829975654,False,True
2005-06-06,1.0,0.005238948070811747,False,True
2005-06-07,1.0,0.005058225187188605,False,True
2005-06-08,1.0,0.0044868292059339725,False,True
2005-06-09,1.0,0.004530140550000532,False,True
2005-06-10,1.0,0.004565462865860818,False,True
2005-06-13,1.0,0.004496072956479969,False,True
2005-06-14,1.0,0.004531659585099302,False,True
2005-06-15,1.0,0.004397789894039026,False,True
2005-06-16,1.0,0.0041953859480649905,False,True
2005-06-17,1.0,0.004340241503126427,False,True
2005-06-20,1.0,0.003869369098777625,False,True
2005-06-21,1.0,0.0033060815878069847,False,True
2005-06-22,1.0,0.0032938121406661434,False,True
2005-06-23,1.0,0.004072284345610464,False,True
2005-06-24,1.0,0.004574318209199045,False,True
2005-06-27,1.0,0.004575206483402291,False,True
2005-06-28,1.0,0.005188487589373995,False,True
2005-06-29,1.0,0.005015471886121019,False,True
2005-06-30,1.0,0.005335136890993711,False,True
2005-07-01,1.0,0.005349290462671776,False,True
2005-07-05,2.0,0.005848670862775527,False,True
2005-07-06,2.0,0.006222010125553638,False,True
2005-07-07,2.0,0.0061670166691533265,False,True
2005-07-08,2.0,0.006861209738585227,False,True
2005-07-11,2.0,0.00707700848978744,False,True
2005-07-12,2.0,0.007065711890812782,False,True
2005-07-13,2.0,0.007065891134302959,False,True
2005-07-14,2.0,0.0062593184553643415,False,True
2005-07-15,2.0,0.005682163814917083,False,True
2005-07-18,2.0,0.006005863560137723,False,True
2005-07-19,2.0,0.005813694910367393,False,True
2005-07-20,2.0,0.0057976550541765,False,True
2005-07-21,2.0,0.005738066459323775,False,True
2005-07-22,2.0,0.005804723846194852,False,True
2005-07-25,2.0,0.005695620379276804,False,True
2005-07-26,1.0,0.00495173017317656,False,True
2005-07-27,1.0,0.004994143395684362,False,True
2005-07-28,1.0,0.004346165023244323,False,True
2005-07-29,1.0,0.0048338596343590265,False,True
2005-08-01,1.0,0.00481706580907075,False,True
2005-08-02,1.0,0.005104460289969125,False,True
2005-08-03,1.0,0.005089096640275257,False,True
2005-08-04,1.0,0.005569330108544119,False,True
2005-08-05,2.0,0.005770648603958039,False,True
2005-08-08,1.0,0.005509492434951005,False,True
2005-08-09,2.0,0.005673244451223675,False,True
2005-08-10,1.0,0.005394485319748644,False,True
2005-08-11,1.0,0.005533886581431419,False,True
2005-08-12,2.0,0.005688793949993927,False,True
2005-08-15,2.0,0.005720621352500504,False,True
2005-08-16,2.0,0.006390272812599185,False,True
2005-08-17,2.0,0.00613101913580641,False,True
2005-08-18,2.0,0.005853386432185159,False,True
2005-08-19,2.0,0.005845089042916582,False,True
2005-08-22,1.0,0.005441144697968148,False,True
2005-08-23,1.0,0.005434289477163306,False,True
2005-08-24,1.0,0.005371748569237721,False,True
2005-08-25,1.0,0.0051522321328193186,False,True
2005-08-26,1.0,0.005318913603430006,False,True
2005-08-29,1.0,0.005234328100746261,False,True
2005-08-30,1.0,0.005261362621639156,False,True
2005-08-31,2.0,0.005635677073518886,False,True
2005-09-01,1.0,0.005467201649501354,False,True
2005-09-02,1.0,0.005412964832965316,False,True
2005-09-06,1.0,0.005549711185969804,False,True
2005-09-07,1.0,0.005565716039808374,False,True
2005-09-08,2.0,0.005689648120669479,False,True
2005-09-09,2.0,0.006004550099185259,False,True
2005-09-12,2.0,0.006026650487855341,False,True
2005-09-13,2.0,0.006360269829345631,False,True
2005-09-14,2.0,0.006121887250922904,False,True
2005-09-15,2.0,0.006112322362972925,False,True
2005-09-16,2.0,0.006060464305954855,False,True
2005-09-19,2.0,0.006251618228264521,False,True
2005-09-20,2.0,0.006615209407014835,False,True
2005-09-21,2.0,0.006561140922173414,False,True
2005-09-22,2.0,0.006647624233428877,False,True
2005-09-23,2.0,0.0066111774146098545,False,True
2005-09-26,1.0,0.005521724194182258,False,True
2005-09-27,1.0,0.005443712129819662,False,True
2005-09-28,1.0,0.005419147002880331,False,True
2005-09-29,1.0,0.005534879381743879,False,True
2005-09-30,1.0,0.005553974363773611,False,True
2005-10-03,1.0,0.005204368522219409,False,True
2005-10-04,2.0,0.005784234065432446,False,True
2005-10-05,2.0,0.006904061784078225,False,True
2005-10-06,2.0,0.006274094011555084,False,True
2005-10-07,2.0,0.00643746499601471,False,True
2005-10-10,2.0,0.006391120569236058,False,True
2005-10-11,2.0,0.006053324087490853,False,True
2005-10-12,2.0,0.005973898362480561,True,True
2005-10-13,2.0,0.005938440713212187,False,True
2005-10-14,2.0,0.006552615285134278,False,True
2005-10-17,2.0,0.006659661934539296,False,True
2005-10-18,2.0,0.006989049322143094,False,True
2005-10-19,3.0,0.007857799539291515,False,True
2005-10-20,3.0,0.008557676984603685,False,True
2005-10-21,3.0,0.00863913685122325,False,True
2005-10-24,4.0,0.009786356888621589,False,True
2005-10-25,3.0,0.008930758808808288,False,True
2005-10-26,3.0,0.008938657361204094,False,True
2005-10-27,4.0,0.009287277571924067,False,True
2005-10-28,4.0,0.010180922394471638,False,True
2005-10-31,4.0,0.010288064394884586,False,True
2005-11-01,4.0,0.010168329499322247,False,True
2005-11-02,4.0,0.010385123320924807,False,True
2005-11-03,4.0,0.010262944177139958,False,True
2005-11-04,4.0,0.010269537852322926,False,True
2005-11-07,4.0,0.009684439098767532,False,True
2005-11-08,3.0,0.009132359372046726,False,True
2005-11-09,3.0,0.007807096624592091,False,True
2005-11-10,3.0,0.007952828264040071,False,True
2005-11-11,2.0,0.006929635588864262,False,True
2005-11-14,2.0,0.006863804492614067,False,True
2005-11-15,2.0,0.006830971645761973,False,True
2005-11-16,2.0,0.00577361850342504,False,True
2005-11-17,1.0,0.004738301671397869,False,True
2005-11-18,1.0,0.004589430222888438,False,True
2005-11-21,1.0,0.0043085009060912826,False,True
2005-11-22,1.0,0.0038849931465910125,False,True
2005-11-23,1.0,0.0038660983023558063,False,True
2005-11-25,1.0,0.00380566052310848,False,True
2005-11-28,1.0,0.004864004661014115,False,True
2005-11-29,1.0,0.004648280254791097,False,True
2005-11-30,1.0,0.005191226232734131,False,True
2005-12-01,2.0,0.005632317768439437,False,True
2005-12-02,2.0,0.005637730084979327,False,True
2005-12-05,2.0,0.005707744106474417,False,True
2005-12-06,1.0,0.005489410040399216,False,True
2005-12-07,2.0,0.005801343889933649,False,True
2005-12-08,1.0,0.005370930174426051,False,True
2005-12-09,1.0,0.005304463781209698,False,True
2005-12-12,1.0,0.005136932111006561,False,True
2005-12-13,1.0,0.00517157225498223,False,True
2005-12-14,1.0,0.0052080615454017255,False,True
2005-12-15,1.0,0.005205066616632633,False,True
2005-12-16,1.0,0.004668229005430923,False,True
2005-12-19,1.0,0.004974425611006609,False,True
2005-12-20,1.0,0.004612770500882049,False,True
2005-12-21,1.0,0.0032982178442149857,False,True
2005-12-22,1.0,0.003495037899804516,False,True
2005-12-23,1.0,0.0034179011095935292,False,True
2005-12-27,1.0,0.004314624121683444,False,True
2005-12-28,1.0,0.00412075873292896,False,True
2005-12-29,1.0,0.0041889367726412625,False,True
2005-12-30,1.0,0.004285442879577636,False,True
2006-01-03,2.0,0.006239312947137581,False,True
2006-01-04,2.0,0.006141685073127723,False,True
2006-01-05,2.0,0.006041332939547424,False,True
2006-01-06,2.0,0.006509235604383162,False,True
2006-01-09,2.0,0.00645953113308852,False,True
2006-01-10,2.0,0.006152409631271643,False,True
2006-01-11,2.0,0.006143949352116886,False,True
2006-01-12,2.0,0.006519425576518408,False,True
2006-01-13,2.0,0.006465574142817986,False,True
2006-01-17,2.0,0.006587894737496094,False,True
2006-01-18,2.0,0.006050373895479628,False,True
2006-01-19,2.0,0.006160979045804753,False,True
2006-01-20,3.0,0.00811595404076104,False,True
2006-01-23,3.0,0.007976107027897068,False,True
2006-01-24,2.0,0.006667782104890844,False,True
2006-01-25,2.0,0.006588137657234322,False,True
2006-01-26,2.0,0.006903888764344895,False,True
2006-01-27,2.0,0.0067470388987801964,False,True
2006-01-30,2.0,0.006672861728490576,False,True
2006-01-31,2.0,0.0067462873548560995,False,True
2006-02-01,2.0,0.0066859021580427695,False,True
2006-02-02,2.0,0.006906720512577783,False,True
2006-02-03,2.0,0.006979519678736111,False,True
2006-02-06,2.0,0.006966490459390443,False,True
2006-02-07,3.0,0.007189585192036849,False,True
2006-02-08,3.0,0.007457310836202895,False,True
2006-02-09,1.0,0.005542134010615286,False,True
2006-02-10,1.0,0.005561647165783265,False,True
2006-02-13,2.0,0.005593519687457225,False,True
2006-02-14,2.0,0.006195093991380159,False,True
2006-02-15,2.0,0.005966212146284198,False,True
2006-02-16,2.0,0.0059259843600942925,False,True
2006-02-17,2.0,0.005943162440814527,False,True
2006-02-21,2.0,0.0059085184494761895,False,True
2006-02-22,2.0,0.006216016760706952,False,True
2006-02-23,2.0,0.00572253732293018,False,True
2006-02-24,1.0,0.005425959157741151,False,True
2006-02-27,1.0,0.0054535021564503456,False,True
2006-02-28,2.0,0.005798271523160825,False,True
2006-03-01,2.0,0.005761269792880941,False,True
2006-03-02,2.0,0.005767192723535467,False,True
2006-03-03,2.0,0.005807187404449779,False,True
2006-03-06,2.0,0.006102276829022518,False,True
2006-03-07,1.0,0.005535869535734287,False,True
2006-03-08,1.0,0.005478444841269158,False,True
2006-03-09,1.0,0.005174623745174392,False,True
2006-03-10,2.0,0.0056055210926267245,False,True
2006-03-13,1.0,0.00557211518133866,False,True
2006-03-14,2.0,0.005907183342619518,False,True
2006-03-15,2.0,0.005874277807663104,False,True
2006-03-16,2.0,0.005878612836544673,False,True
2006-03-17,2.0,0.005828865574071137,False,True
2006-03-20,1.0,0.004937489691825775,False,True
2006-03-21,1.0,0.0048800006033005265,False,True
2006-03-22,1.0,0.00506697319839647,False,True
2006-03-23,1.0,0.005114807560093348,False,True
2006-03-24,1.0,0.004598568260990828,False,True
2006-03-27,1.0,0.004558705098091774,False,True
2006-03-28,1.0,0.0050140696267919165,False,True
2006-03-29,1.0,0.005016742942507588,False,True
2006-03-30,1.0,0.004842082665364841,False,True
2006-03-31,1.0,0.005021250395625339,False,True
2006-04-03,1.0,0.004214408231183919,False,True
2006-04-04,1.0,0.004396623146103547,False,True
2006-04-05,1.0,0.004518327145181356,False,True
2006-04-06,1.0,0.0045439959903022,False,True
2006-04-07,1.0,0.00533510830301931,False,True
2006-04-10,1.0,0.005100783038877019,False,True
2006-04-11,1.0,0.005175780924795516,False,True
2006-04-12,1.0,0.005186584424765635,False,True
2006-04-13,1.0,0.005181570267705606,False,True
2006-04-17,1.0,0.005214338332897848,False,True
2006-04-18,2.0,0.00680187424799372,False,True
2006-04-19,2.0,0.006542382082957817,False,True
2006-04-20,2.0,0.0065073613917993895,False,True
2006-04-21,2.0,0.006368538492433561,False,True
2006-04-24,2.0,0.006414150364014844,False,True
2006-04-25,2.0,0.006345741394452627,False,True
2006-04-26,2.0,0.006276144425076629,False,True
2006-04-27,2.0,0.006329384088882269,False,True
2006-04-28,2.0,0.005571668776154435,False,True
2006-05-01,2.0,0.0057277796148820495,False,True
2006-05-02,1.0,0.005382126533446026,False,True
2006-05-03,2.0,0.005569513463113795,False,True
2006-05-04,2.0,0.005595012792298577,False,True
2006-05-05,2.0,0.00593084832149632,False,True
2006-05-08,1.0,0.004181302124018612,False,True
2006-05-09,1.0,0.004171817764820073,False,True
2006-05-10,1.0,0.004225018372777913,False,True
2006-05-11,2.0,0.005561516834528135,False,True
2006-05-12,2.0,0.006283065427403828,False,True
2006-05-15,2.0,0.006236011269332988,False,True
2006-05-16,2.0,0.006175722395200615,False,True
2006-05-17,3.0,0.007412601649628916,False,True
2006-05-18,3.0,0.007456635215164583,True,True
2006-05-19,3.0,0.007659298789297615,False,True
2006-05-22,3.0,0.007289058152680866,False,True
2006-05-23,3.0,0.007295420877188221,True,True
2006-05-24,3.0,0.0072072498702561725,False,True
2006-05-25,3.0,0.007361299279155089,False,True
2006-05-26,3.0,0.007702293968704202,False,True
2006-05-30,3.0,0.008446763236723975,False,True
2006-05-31,4.0,0.009003025880217003,False,True
2006-06-01,4.0,0.009356838598289707,False,True
2006-06-02,3.0,0.008906110368194168,False,True
2006-06-05,4.0,0.010040431698315793,False,True
2006-06-06,4.0,0.010040987572276495,False,True
2006-06-07,4.0,0.009137498276612244,False,True
2006-06-08,4.0,0.008989551815081705,False,True
2006-06-09,4.0,0.008963792319138885,False,True
2006-06-12,4.0,0.00942043175832453,False,True
2006-06-13,4.0,0.009754785995031814,True,True
2006-06-14,4.0,0.009899514761658904,False,True
2006-06-15,4.0,0.011138230855073364,False,True
2006-06-16,4.0,0.010988828850757458,False,True
2006-06-19,4.0,0.010440815756287023,False,True
2006-06-20,4.0,0.010110724934494079,False,True
2006-06-21,4.0,0.009862212910009506,False,True
2006-06-22,4.0,0.009835224366959553,False,True
2006-06-23,3.0,0.00875730555139297,False,True
2006-06-26,3.0,0.008905050997308653,False,True
2006-06-27,4.0,0.009079256193120408,False,True
2006-06-28,4.0,0.00922483034729838,False,True
2006-06-29,4.0,0.010844663675979579,False,True
2006-06-30,4.0,0.010231892771846362,False,True
2006-07-03,4.0,0.009610689016112868,False,True
2006-07-05,4.0,0.009985000933717132,False,True
2006-07-06,3.0,0.008425036162278833,False,True
2006-07-07,3.0,0.008596146483671803,False,True
2006-07-10,3.0,0.008105135984080785,False,True
2006-07-11,3.0,0.008116806744743795,False,True
2006-07-12,3.0,0.008445900018520233,False,True
2006-07-13,4.0,0.009076999783765806,False,True
2006-07-14,4.0,0.009163878090037457,False,True
2006-07-17,4.0,0.009035255383340256,False,True
2006-07-18,3.0,0.008741424471515444,False,True
2006-07-19,4.0,0.009973049304095937,False,True
2006-07-20,3.0,0.008291004445275842,False,True
2006-07-21,3.0,0.008432622841722191,False,True
2006-07-24,4.0,0.009442233600635307,False,True
2006-07-25,4.0,0.009454599456104353,False,True
2006-07-26,4.0,0.009424832026139567,False,True
2006-07-27,4.0,0.009310689251592329,False,True
2006-07-28,4.0,0.009865956685477085,False,True
2006-07-31,4.0,0.009830318187102633,False,True
2006-08-01,4.0,0.0094100577701824,False,True
2006-08-02,3.0,0.008584300195073407,False,True
2006-08-03,3.0,0.00835189303765738,False,True
2006-08-04,3.0,0.00832970746914179,False,True
2006-08-07,3.0,0.008452251593787657,False,True
2006-08-08,3.0,0.0071495975313221344,False,True
2006-08-09,2.0,0.006818122588431122,False,True
2006-08-10,2.0,0.006462977755625006,False,True
2006-08-11,1.0,0.005042615591682455,False,True
2006-08-14,1.0,0.004753194644206351,False,True
2006-08-15,2.0,0.005985308958167027,False,True
2006-08-16,2.0,0.006042679857755283,False,True
2006-08-17,1.0,0.005271130333551714,False,True
2006-08-18,1.0,0.005261984703350497,False,True
2006-08-21,1.0,0.005194389285740302,False,True
2006-08-22,1.0,0.005089457244726344,False,True
2006-08-23,1.0,0.005296757582322298,False,True
2006-08-24,1.0,0.005297384040109536,False,True
2006-08-25,1.0,0.005213530996563302,False,True
2006-08-28,1.0,0.00515208409032274,False,True
2006-08-29,1.0,0.0048502125217111045,False,True
2006-08-30,1.0,0.00480613343833732,False,True
2006-08-31,1.0,0.0045971368816558646,False,True
2006-09-01,1.0,0.004677315865479048,False,True
2006-09-05,1.0,0.003380517816194651,False,True
2006-09-06,1.0,0.004118658052427711,False,True
2006-09-07,1.0,0.004311389604303661,False,True
2006-09-08,1.0,0.004316399438490604,False,True
2006-09-11,1.0,0.004199106099685571,False,True
2006-09-12,1.0,0.005008818244033992,False,True
2006-09-13,1.0,0.004826378152415778,False,True
2006-09-14,1.0,0.004869744633398767,False,True
2006-09-15,1.0,0.004853167008746468,False,True
2006-09-18,1.0,0.0047277330943828275,False,True
2006-09-19,1.0,0.004822213069095158,False,True
2006-09-20,1.0,0.0050028786966159425,False,True
2006-09-21,1.0,0.0052699671554787934,False,True
2006-09-22,1.0,0.005149296693822728,False,True
2006-09-25,2.0,0.005631924344185068,False,True
2006-09-26,1.0,0.004986405504017265,False,True
2006-09-27,1.0,0.004631247690199155,False,True
2006-09-28,1.0,0.00461378421592682,False,True
2006-09-29,1.0,0.004747242582173095,False,True
2006-10-02,1.0,0.004286505025193485,False,True
2006-10-03,1.0,0.004221347536931538,False,True
2006-10-04,1.0,0.005097067105839736,False,True
2006-10-05,1.0,0.005094105886998504,False,True
2006-10-06,1.0,0.005232688726722512,False,True
2006-10-09,1.0,0.005098690081489293,False,True
2006-10-10,1.0,0.004973490513696637,False,True
2006-10-11,1.0,0.004721010114190721,False,True
2006-10-12,1.0,0.004982223429808983,False,True
2006-10-13,1.0,0.004650299002008301,False,True
2006-10-16,1.0,0.004387421402567781,False,True
2006-10-17,1.0,0.0046066905297688365,False,True
2006-10-18,1.0,0.004606261891338989,False,True
2006-10-19,1.0,0.004488159975828998,False,True
2006-10-20,1.0,0.00425297784628977,False,True
2006-10-23,1.0,0.004396444284001264,False,True
2006-10-24,1.0,0.0034062633034987267,False,True
2006-10-25,1.0,0.0034463451678261644,False,True
2006-10-26,1.0,0.0033328287697219944,False,True
2006-10-27,1.0,0.004366786415520894,False,True
2006-10-30,1.0,0.004369761326888066,False,True
2006-10-31,1.0,0.004247785544664389,False,True
2006-11-01,1.0,0.0041876430766226705,False,True
2006-11-02,1.0,0.004157896311354023,False,True
2006-11-03,1.0,0.004138153959784492,False,True
2006-11-06,1.0,0.005022625441363907,False,True
2006-11-07,1.0,0.0050354191920529015,False,True
2006-11-08,1.0,0.005045476390007913,False,True
2006-11-09,1.0,0.0053189089836675595,False,True
2006-11-10,1.0,0.005088831405522514,False,True
2006-11-13,1.0,0.005127396916685652,False,True
2006-11-14,1.0,0.005313157372836289,False,True
2006-11-15,1.0,0.005193676662425105,False,True
2006-11-16,1.0,0.004534278354930416,False,True
2006-11-17,1.0,0.00452973234907872,False,True
2006-11-20,1.0,0.004541974999142375,False,True
2006-11-21,1.0,0.003819930977369067,False,True
2006-11-22,1.0,0.003770811137439579,False,True
2006-11-24,1.0,0.003911451955933778,False,True
2006-11-27,1.0,0.004866490597603571,False,True
2006-11-28,1.0,0.004917852428376056,False,True
2006-11-29,1.0,0.0054600895675446974,False,True
2006-11-30,1.0,0.005175532089649333,False,True
2006-12-01,1.0,0.005275100109917201,False,True
2006-12-04,2.0,0.00568693205245492,False,True
2006-12-05,2.0,0.005559244172961083,False,True
2006-12-06,2.0,0.0055808102675020425,False,True
2006-12-07,2.0,0.005704992628359299,False,True
2006-12-08,2.0,0.0057156137541479555,False,True
2006-12-11,2.0,0.005728479357801538,False,True
2006-12-12,2.0,0.0057371740906069155,False,True
2006-12-13,2.0,0.00571601897628099,False,True
2006-12-14,2.0,0.0059902128006884174,False,True
2006-12-15,1.0,0.004199359041789918,False,True
2006-12-18,1.0,0.004431985623280115,False,True
2006-12-19,1.0,0.003903391482271232,False,True
2006-12-20,1.0,0.003970628852461777,False,True
2006-12-21,1.0,0.004044258250149454,False,True
2006-12-22,1.0,0.0037158875840069567,False,True
2006-12-26,1.0,0.003745141602813713,False,True
2006-12-27,1.0,0.004139468677202325,False,True
2006-12-28,1.0,0.003972688413251958,False,True
2006-12-29,1.0,0.004211987826446123,False,True
2007-01-03,1.0,0.004197376271559534,False,True
2007-01-04,1.0,0.004190231468997574,False,True
2007-01-05,1.0,0.004517822238085562,False,True
2007-01-08,1.0,0.003824679895585985,False,True
2007-01-09,1.0,0.0037916574183971684,False,True
2007-01-10,1.0,0.0037832931484034302,False,True
2007-01-11,1.0,0.0041447506559162805,False,True
2007-01-12,1.0,0.004323837225265353,False,True
2007-01-16,1.0,0.004164647461699169,False,True
2007-01-17,1.0,0.00382711600085537,False,True
2007-01-18,1.0,0.0038349525891208103,False,True
2007-01-19,1.0,0.0034348713521973515,False,True
2007-01-22,1.0,0.0037163838613778655,False,True
2007-01-23,1.0,0.0035990463766419397,False,True
2007-01-24,1.0,0.004137486478989249,False,True
2007-01-25,1.0,0.005318932190101575,False,True
2007-01-26,1.0,0.005019568704769081,False,True
2007-01-29,1.0,0.005017053520070713,False,True
2007-01-30,1.0,0.0052061251242078175,False,True
2007-01-31,1.0,0.005423974874463542,False,True
2007-02-01,1.0,0.0053583182528720895,False,True
2007-02-02,1.0,0.00525432512636029,False,True
2007-02-05,1.0,0.0052774565864277985,False,True
2007-02-06,1.0,0.005256437475640272,False,True
2007-02-07,1.0,0.005139461610964225,False,True
2007-02-08,1.0,0.005150026263308664,False,True
2007-02-09,1.0,0.005336390545630326,False,True
2007-02-12,1.0,0.005373235230430826,False,True
2007-02-13,1.0,0.00527240194189811,False,True
2007-02-14,1.0,0.0044506843160606,False,True
2007-02-15,1.0,0.004383257214610402,False,True
2007-02-16,1.0,0.004372519520581709,False,True
2007-02-20,1.0,0.0042335071698042315,False,True
2007-02-21,1.0,0.0040343960685969744,False,True
2007-02-22,1.0,0.00385238855048464,False,True
2007-02-23,1.0,0.003983052036833133,False,True
2007-02-26,1.0,0.003989931171281304,False,True
2007-02-27,4.0,0.010270394399993561,True,True
2007-02-28,4.0,0.010448520043624513,False,True
2007-03-01,4.0,0.010445156801097524,False,True
2007-03-02,4.0,0.01066368493132142,True,True
2007-03-05,4.0,0.010821585451283637,False,True
2007-03-06,4.0,0.011583170584556882,False,True
2007-03-07,4.0,0.011216350385417032,False,True
2007-03-08,4.0,0.011505036582636456,False,True
2007-03-09,4.0,0.011531860617106348,False,True
2007-03-12,4.0,0.011525968536691735,False,True
2007-03-13,5.0,0.01246783473147764,False,True
2007-03-14,5.0,0.012773008301663254,False,True
2007-03-15,5.0,0.012915037641315913,False,True
2007-03-16,5.0,0.012907242402495866,False,True
2007-03-19,4.0,0.009495574163379155,False,True
2007-03-20,4.0,0.009531268445769906,False,True
2007-03-21,4.0,0.010472197119144634,False,True
2007-03-22,4.0,0.009804871389579955,False,True
2007-03-23,4.0,0.009211535551152013,False,True
2007-03-26,3.0,0.008519765789459078,False,True
2007-03-27,3.0,0.008730475425059833,False,True
2007-03-28,4.0,0.008962178096049657,False,True
2007-03-29,4.0,0.008996691077486215,False,True
2007-03-30,4.0,0.009000215023398159,False,True
2007-04-02,2.0,0.006589940330958902,False,True
2007-04-03,2.0,0.0067524033721874524,False,True
2007-04-04,2.0,0.006754533732845395,False,True
2007-04-05,2.0,0.006513837032991363,False,True
2007-04-09,2.0,0.0061129908184718905,False,True
2007-04-10,2.0,0.005997352648059773,False,True
2007-04-11,1.0,0.004580358339051139,False,True
2007-04-12,1.0,0.004846531963316704,False,True
2007-04-13,1.0,0.004904757616921417,False,True
2007-04-16,2.0,0.0055578006495591616,False,True
2007-04-17,1.0,0.005094408128645154,False,True
2007-04-18,1.0,0.004222682750217824,False,True
2007-04-19,1.0,0.004337238173663062,False,True
2007-04-20,1.0,0.004565397845793883,False,True
2007-04-23,1.0,0.004791319328284402,False,True
2007-04-24,1.0,0.004470702590194118,False,True
2007-04-25,1.0,0.004939129452490623,False,True
2007-04-26,1.0,0.005025458644705789,False,True
2007-04-27,1.0,0.005049235224510459,False,True
2007-04-30,2.0,0.005744222272534243,False,True
2007-05-01,1.0,0.0052312139938084645,False,True
2007-05-02,1.0,0.005246721003848679,False,True
2007-05-03,1.0,0.005265435761100099,False,True
2007-05-04,1.0,0.004707476955858897,False,True
2007-05-07,1.0,0.004711196006134772,False,True
2007-05-08,1.0,0.004771284394956109,False,True
2007-05-09,1.0,0.004711139112566911,False,True
2007-05-10,2.0,0.00592054592856894,False,True
2007-05-11,2.0,0.006349937132373587,False,True
2007-05-14,2.0,0.006388519435545765,False,True
2007-05-15,2.0,0.0058575683732944375,False,True
2007-05-16,2.0,0.006249810547792682,False,True
2007-05-17,2.0,0.006263892781438382,False,True
2007-05-18,2.0,0.005890743497396738,False,True
2007-05-21,2.0,0.005887643466370035,False,True
2007-05-22,2.0,0.005764274410616907,False,True
2007-05-23,2.0,0.005733439833796651,False,True
2007-05-24,2.0,0.006385274947931339,False,True
2007-05-25,2.0,0.006515898072310598,False,True
2007-05-29,2.0,0.006509704787033172,False,True
2007-05-30,2.0,0.006779621914415193,False,True
2007-05-31,1.0,0.005274869281166297,False,True
2007-06-01,1.0,0.004826303340765754,False,True
2007-06-04,1.0,0.004736333455416697,False,True
2007-06-05,1.0,0.005047624934532041,False,True
2007-06-06,1.0,0.005290827748369601,False,True
2007-06-07,3.0,0.00713726766526513,False,True
2007-06-08,3.0,0.007620540458467522,False,True
2007-06-11,3.0,0.0076089041442942065,False,True
2007-06-12,3.0,0.008062655783317971,False,True
2007-06-13,4.0,0.009197734919894446,False,True
2007-06-14,4.0,0.008865313464288553,False,True
2007-06-15,4.0,0.008913401097549107,False,True
2007-06-18,4.0,0.008926079036868113,False,True
2007-06-19,3.0,0.008683806322894868,False,True
2007-06-20,4.0,0.009439678042496189,False,True
2007-06-21,4.0,0.009551815123012166,False,True
2007-06-22,4.0,0.010060754508564087,False,True
2007-06-25,4.0,0.010017229933069175,False,True
2007-06-26,4.0,0.009810433096342053,False,True
2007-06-27,4.0,0.008894956229870741,False,True
2007-06-28,3.0,0.008359919010187934,False,True
2007-06-29,3.0,0.008362721036876627,False,True
2007-07-02,3.0,0.008255888651772842,False,True
2007-07-03,3.0,0.007291299096896218,False,True
2007-07-05,3.0,0.007182184247272424,False,True
2007-07-06,3.0,0.00701176483451751,False,True
2007-07-09,3.0,0.007009242715255657,False,True
2007-07-10,3.0,0.007955085839170296,False,True
2007-07-11,3.0,0.007252335222172467,False,True
2007-07-12,3.0,0.008697664779027817,False,True
2007-07-13,3.0,0.007685793636115687,False,True
2007-07-16,3.0,0.007621545585746877,False,True
2007-07-17,3.0,0.0074866416199710455,False,True
2007-07-18,3.0,0.007350177250207839,False,True
2007-07-19,3.0,0.007349260578731773,False,True
2007-07-20,3.0,0.008274782576636447,False,True
2007-07-23,3.0,0.007917225050689746,False,True
2007-07-24,4.0,0.00965259716467414,False,True
2007-07-25,4.0,0.009754964192618515,False,True
2007-07-26,4.0,0.011481280583797814,False,True
2007-07-27,5.0,0.012008743742374628,False,True
2007-07-30,5.0,0.012097138417643032,False,True
2007-07-31,5.0,0.012227613252736478,False,True
2007-08-01,4.0,0.010949676177697237,False,True
2007-08-02,4.0,0.011016045808252637,False,True
2007-08-03,5.0,0.012604598231261605,False,True
2007-08-06,5.0,0.01483579719079094,False,True
2007-08-07,5.0,0.01507277380119627,False,True
2007-08-08,5.0,0.01565208991499187,False,True
2007-08-09,5.0,0.017151381711148526,False,True
2007-08-10,5.0,0.017017209884761644,False,True
2007-08-13,5.0,0.016411110001354947,False,True
2007-08-14,5.0,0.016753489491476533,False,True
2007-08-15,5.0,0.01609133574913165,False,True
2007-08-16,5.0,0.015775941848774514,False,True
2007-08-17,5.0,0.01703620458432172,False,True
2007-08-20,5.0,0.016719679427546878,False,True
2007-08-21,5.0,0.016582345816970025,False,True
2007-08-22,5.0,0.01687263990373321,False,True
2007-08-23,5.0,0.01506050975452252,False,True
2007-08-24,5.0,0.01396623517991682,False,True
2007-08-27,5.0,0.014066348348718201,False,True
2007-08-28,5.0,0.014684249180707947,False,True
2007-08-29,5.0,0.013881127542792249,False,True
2007-08-30,5.0,0.013938350658974146,False,True
2007-08-31,5.0,0.014238395746714535,False,True
2007-09-04,5.0,0.013272646696759467,False,True
2007-09-05,5.0,0.013045293051539788,False,True
2007-09-06,5.0,0.013047958232731707,False,True
2007-09-07,5.0,0.01261253993702487,False,True
2007-09-10,5.0,0.01261933917936925,False,True
2007-09-11,5.0,0.013108266646417063,False,True
2007-09-12,5.0,0.012758731348234758,False,True
2007-09-13,5.0,0.012926034925059298,False,True
2007-09-14,5.0,0.012572685232062356,False,True
2007-09-17,5.0,0.012421856425002408,False,True
2007-09-18,5.0,0.01247486158807092,False,True
2007-09-19,4.0,0.011450280639007082,False,True
2007-09-20,4.0,0.011595201988940318,False,True
2007-09-21,4.0,0.011367814624522243,False,True
2007-09-24,4.0,0.011296838364656201,False,True
2007-09-25,4.0,0.010692021746423095,False,True
2007-09-26,4.0,0.010713847237522195,False,True
2007-09-27,4.0,0.009164542647129643,False,True
2007-09-28,4.0,0.009249758731394928,False,True
2007-10-01,4.0,0.009222213059754288,False,True
2007-10-02,4.0,0.009231790267912,False,True
2007-10-03,4.0,0.00935827549366886,False,True
2007-10-04,4.0,0.009334081451135455,False,True
2007-10-05,4.0,0.009200591795315656,False,True
2007-10-08,2.0,0.0059020258983690475,False,True
2007-10-09,2.0,0.006042611937253907,False,True
2007-10-10,2.0,0.005639880735392126,False,True
2007-10-11,2.0,0.005895907574733273,False,True
2007-10-12,2.0,0.005635322494282762,False,True
2007-10-15,2.0,0.006275236644427829,False,True
2007-10-16,2.0,0.006511650408821269,False,True
2007-10-17,2.0,0.006453386248089745,False,True
2007-10-18,2.0,0.006387144954195575,False,True
2007-10-19,3.0,0.00863153950263678,False,True
2007-10-22,3.0,0.008767607714656381,False,True
2007-10-23,4.0,0.009168930249696831,False,True
2007-10-24,4.0,0.009133384625197137,False,True
2007-10-25,3.0,0.008595973201999958,False,True
2007-10-26,4.0,0.009548360606286077,False,True
2007-10-29,4.0,0.009305099701478685,False,True
2007-10-30,4.0,0.009415541157161865,False,True
2007-10-31,4.0,0.009986985168798961,False,True
2007-11-01,5.0,0.012107412247492236,False,True
2007-11-02,5.0,0.012010172305956779,False,True
2007-11-05,5.0,0.011968245400329428,False,True
2007-11-06,5.0,0.012495890483021226,False,True
2007-11-07,5.0,0.014678071445266255,False,True
2007-11-08,5.0,0.013117089282683958,False,True
2007-11-09,5.0,0.013475604464116038,False,True
2007-11-12,5.0,0.013196354689840952,False,True
2007-11-13,5.0,0.015818298513117498,False,True
2007-11-14,5.0,0.01588233337371058,False,True
2007-11-15,5.0,0.015450528803180276,False,True
2007-11-16,5.0,0.015513832750110496,False,True
2007-11-19,5.0,0.015934954841836473,False,True
2007-11-20,5.0,0.015454166534637218,False,True
2007-11-21,5.0,0.014543638400353977,False,True
2007-11-23,5.0,0.015576848421164292,False,True
2007-11-26,5.0,0.01648789706959463,False,True
2007-11-27,5.0,0.016724396328102485,False,True
2007-11-28,5.0,0.017136712486067445,False,True
2007-11-29,5.0,0.01713781184588893,False,True
2007-11-30,5.0,0.01674895793472503,False,True
2007-12-03,5.0,0.016568483876073254,False,True
2007-12-04,5.0,0.01471676229119179,False,True
2007-12-05,5.0,0.01518276906905865,False,True
2007-12-06,5.0,0.015054484061328689,False,True
2007-12-07,5.0,0.015081097391782698,False,True
2007-12-10,5.0,0.013995370540472606,False,True
2007-12-11,5.0,0.016071468297690177,False,True
2007-12-12,5.0,0.015240318579838708,False,True
2007-12-13,5.0,0.014754157910085877,False,True
2007-12-14,5.0,0.013635205538904262,False,True
2007-12-17,5.0,0.013986508885448189,False,True
2007-12-18,4.0,0.011745797449939657,False,True
2007-12-19,4.0,0.011742078316190228,False,True
2007-12-20,4.0,0.011606149394061564,False,True
2007-12-21,5.0,0.012401755933544232,False,True
2007-12-24,5.0,0.012368922202512504,False,True
2007-12-26,4.0,0.011747577909318305,False,True
2007-12-27,4.0,0.011610364618130786,False,True
2007-12-28,4.0,0.011637125297193143,False,True
2007-12-31,4.0,0.011439050880454377,False,True
2008-01-02,4.0,0.009996440183839847,False,True
2008-01-03,4.0,0.009774873081615983,False,True
2008-01-04,4.0,0.011468345507585234,False,True
2008-01-07,4.0,0.011221040655762715,False,True
2008-01-08,4.0,0.01154484493587747,False,True
2008-01-09,5.0,0.012132771968143989,False,True
2008-01-10,5.0,0.012436814398912624,False,True
2008-01-11,5.0,0.01267720359019908,False,True
2008-01-14,5.0,0.012078985039244627,False,True
2008-01-15,5.0,0.012908864136855772,False,True
2008-01-16,5.0,0.012771694960681762,False,True
2008-01-17,5.0,0.014091036007447313,True,True
2008-01-18,5.0,0.01387172712593255,False,True
2008-01-22,5.0,0.013896331923228991,False,True
2008-01-23,5.0,0.015783830030279864,False,True
2008-01-24,5.0,0.01627481739092152,False,True
2008-01-25,5.0,0.01559529254165082,False,True
2008-01-28,5.0,0.01654690441059766,False,True
2008-01-29,5.0,0.016097951422780348,False,True
2008-01-30,5.0,0.01552074524756288,False,True
2008-01-31,5.0,0.016144082741894945,False,True
2008-02-01,5.0,0.016199006067753485,False,True
2008-02-04,5.0,0.01607752596436767,False,True
2008-02-05,5.0,0.016985410583960324,False,True
2008-02-06,5.0,0.017024236488756304,False,True
2008-02-07,5.0,0.015299326769395034,False,True
2008-02-08,5.0,0.015248982214896293,False,True
2008-02-11,5.0,0.014939042561932991,False,True
2008-02-12,5.0,0.013958137920850258,False,True
2008-02-13,5.0,0.014170465653434605,False,True
2008-02-14,5.0,0.01395773181260194,False,True
2008-02-15,5.0,0.013136421453791207,False,True
2008-02-19,5.0,0.013008743121923832,False,True
2008-02-20,5.0,0.0131633584855537,False,True
2008-02-21,5.0,0.012692347333067549,False,True
2008-02-22,5.0,0.012373277496587702,False,True
2008-02-25,5.0,0.01280769220011172,False,True
2008-02-26,3.0,0.008980767012341724,False,True
2008-02-27,3.0,0.008575191510722125,False,True
2008-02-28,3.0,0.008986746007736197,False,True
2008-02-29,4.0,0.01184307722143585,False,True
2008-03-03,4.0,0.011723591712627919,False,True
2008-03-04,4.0,0.0115331929788886,False,True
2008-03-05,4.0,0.010917270364391704,False,True
2008-03-06,4.0,0.011851225479539899,False,True
2008-03-07,4.0,0.011915847293020492,False,True
2008-03-10,5.0,0.012349377654563084,False,True
2008-03-11,5.0,0.01621369336354765,False,True
2008-03-12,5.0,0.016045024500810433,False,True
2008-03-13,5.0,0.015934483513488765,False,True
2008-03-14,5.0,0.015999297025117206,False,True
2008-03-17,5.0,0.015689910927960352,False,True
2008-03-18,5.0,0.02014149400800915,False,True
2008-03-19,5.0,0.02093804620483339,False,True
2008-03-20,5.0,0.020935324346074497,False,True
2008-03-24,5.0,0.021330810821797077,False,True
2008-03-25,5.0,0.021294055802686496,False,True
2008-03-26,5.0,0.021429834397963383,False,True
2008-03-27,5.0,0.020737752457403835,False,True
2008-03-28,5.0,0.020721578912606006,False,True
2008-03-31,5.0,0.020168790194296238,False,True
2008-04-01,5.0,0.020017582634206076,False,True
2008-04-02,5.0,0.019787901599801982,False,True
2008-04-03,5.0,0.01978484112389737,False,True
2008-04-04,5.0,0.018583345458405356,False,True
2008-04-07,5.0,0.01820721801651329,False,True
2008-04-08,5.0,0.015033278647423286,False,True
2008-04-09,5.0,0.013357285784752536,False,True
2008-04-10,4.0,0.011990599531144343,False,True
2008-04-11,5.0,0.01267370923351471,False,True
2008-04-14,5.0,0.012654108106920081,False,True
2008-04-15,5.0,0.012550160189606646,False,True
2008-04-16,5.0,0.013473824152137596,False,True
2008-04-17,5.0,0.013173005041136275,False,True
2008-04-18,5.0,0.0137840823994256,False,True
2008-04-21,4.0,0.010355688127996643,False,True
2008-04-22,4.0,0.01066321568624781,False,True
2008-04-23,4.0,0.010681647568392284,False,True
2008-04-24,4.0,0.010796732762396202,False,True
2008-04-25,4.0,0.010897357194787648,False,True
2008-04-28,4.0,0.010766652277487092,False,True
2008-04-29,4.0,0.010529706647041523,False,True
2008-04-30,4.0,0.010608075957772127,False,True
2008-05-01,4.0,0.00932013749479205,False,True
2008-05-02,3.0,0.00908199665458935,False,True
2008-05-05,4.0,0.009394620677225194,False,True
2008-05-06,3.0,0.007840525474529656,False,True
2008-05-07,4.0,0.009652967866807744,False,True
2008-05-08,3.0,0.008444463557196772,False,True
2008-05-09,3.0,0.00864746481829021,False,True
2008-05-12,3.0,0.00870760267802553,False,True
2008-05-13,3.0,0.008708993449639407,False,True
2008-05-14,3.0,0.008620550425316554,False,True
2008-05-15,3.0,0.008882290711379717,False,True
2008-05-16,3.0,0.008856612447085304,False,True
2008-05-19,3.0,0.008724987133426768,False,True
2008-05-20,4.0,0.009111378812204038,False,True
2008-05-21,3.0,0.009063246640373097,False,True
2008-05-22,3.0,0.009042847648437385,False,True
2008-05-23,4.0,0.009593121536641552,False,True
2008-05-27,4.0,0.009536049993398129,False,True
2008-05-28,3.0,0.008334002989093665,False,True
2008-05-29,3.0,0.008402907216543248,False,True
2008-05-30,3.0,0.008177387726194252,False,True
2008-06-02,3.0,0.008106417502003553,False,True
2008-06-03,3.0,0.008207811791678671,False,True
2008-06-04,3.0,0.008073198694998134,False,True
2008-06-05,4.0,0.00933183563829932,False,True
2008-06-06,5.0,0.012324491684174977,False,True
2008-06-09,5.0,0.012321780275827048,False,True
2008-06-10,5.0,0.012200980036694625,False,True
2008-06-11,5.0,0.01227485435745879,False,True
2008-06-12,5.0,0.01229889367322622,False,True
2008-06-13,5.0,0.012759343441381727,False,True
2008-06-16,5.0,0.012574161877656732,False,True
2008-06-17,5.0,0.012555995495726151,False,True
2008-06-18,5.0,0.012519086617067446,False,True
2008-06-19,5.0,0.012597055610855125,False,True
2008-06-20,5.0,0.013150242196551235,False,True
2008-06-23,5.0,0.013167196351451025,False,True
2008-06-24,5.0,0.013142745393121791,False,True
2008-06-25,4.0,0.011778743122200433,False,True
2008-06-26,4.0,0.01150522996887105,True,True
2008-06-27,4.0,0.011417715039058364,False,True
2008-06-30,4.0,0.011512077226811914,False,True
2008-07-01,4.0,0.011071115094121202,False,True
2008-07-02,4.0,0.011659703526145995,True,True
2008-07-03,4.0,0.010424357902295244,False,True
2008-07-07,4.0,0.010334494754828623,False,True
2008-07-08,4.0,0.011989995958007763,False,True
2008-07-09,5.0,0.012950135273092677,True,True
2008-07-10,5.0,0.013147438037575369,False,True
2008-07-11,5.0,0.012684215768603076,False,True
2008-07-14,5.0,0.012673096261496326,True,True
2008-07-15,5.0,0.012750186191044965,False,True
2008-07-16,5.0,0.014882191599198074,False,True
2008-07-17,5.0,0.01348796277753046,False,True
2008-07-18,5.0,0.013474686441396844,False,True
2008-07-21,5.0,0.013459999096436848,False,True
2008-07-22,5.0,0.01396471702776293,False,True
2008-07-23,5.0,0.013002883023374035,False,True
2008-07-24,5.0,0.01456595484129162,False,True
2008-07-25,5.0,0.014433021395021459,False,True
2008-07-28,5.0,0.014424010546319447,False,True
2008-07-29,5.0,0.014574980300521132,False,True
2008-07-30,5.0,0.015088825073280509,False,True
2008-07-31,5.0,0.015234964638873048,False,True
2008-08-01,5.0,0.01507543676877154,False,True
2008-08-04,5.0,0.014956370848507438,False,True
2008-08-05,5.0,0.015397116680440729,False,True
2008-08-06,5.0,0.015149577582717118,False,True
2008-08-07,5.0,0.016044090872620827,False,True
2008-08-08,5.0,0.01720289098617039,False,True
2008-08-11,5.0,0.01695874932017071,False,True
2008-08-12,5.0,0.017323455815556246,False,True
2008-08-13,5.0,0.015970404924047978,False,True
2008-08-14,5.0,0.015989290683387742,False,True
2008-08-15,5.0,0.014833629223071491,False,True
2008-08-18,5.0,0.014491271363547486,False,True
2008-08-19,5.0,0.01398099117127299,False,True
2008-08-20,5.0,0.013631091849132406,False,True
2008-08-21,5.0,0.013528390224973668,False,True
2008-08-22,5.0,0.013462182788159185,False,True
2008-08-25,5.0,0.012451221876330843,False,True
2008-08-26,5.0,0.012460441790012149,False,True
2008-08-27,4.0,0.011625800724560053,False,True
2008-08-28,4.0,0.010475057433473796,False,True
2008-08-29,4.0,0.010914939033298598,False,True
2008-09-02,4.0,0.010502445335284058,False,True
2008-09-03,4.0,0.010490530555800662,False,True
2008-09-04,5.0,0.012972732924494466,False,True
2008-09-05,5.0,0.01298822782103893,False,True
2008-09-08,5.0,0.013886800325748079,False,True
2008-09-09,5.0,0.016522919403739296,False,True
2008-09-10,5.0,0.016521018405085134,False,True
2008-09-11,5.0,0.017041686550293055,False,True
2008-09-12,5.0,0.016680960329943612,False,True
2008-09-15,5.0,0.020321183581481383,False,True
2008-09-16,5.0,0.021051501433315262,False,True
2008-09-17,5.0,0.02390566501877082,False,True
2008-09-18,5.0,0.02683943973067016,False,True
2008-09-19,5.0,0.02922147420717675,False,True
2008-09-22,5.0,0.030894189717989677,False,True
2008-09-23,5.0,0.031042517122885943,False,True
2008-09-24,5.0,0.030174675572370087,False,True
2008-09-25,5.0,0.030722428204628074,False,True
2008-09-26,5.0,0.030107066612636024,False,True
2008-09-29,5.0,0.037702805117678345,False,True
2008-09-30,5.0,0.040899098790558516,False,True
2008-10-01,5.0,0.040583728995265196,False,True
2008-10-02,5.0,0.041614917925451377,False,True
2008-10-03,5.0,0.040055145577762366,False,True
2008-10-06,5.0,0.04039114588421966,False,True
2008-10-07,5.0,0.04127646858221506,True,True
2008-10-08,5.0,0.03835573651829205,False,True
2008-10-09,5.0,0.03862757500608632,False,True
2008-10-10,5.0,0.03844290070793878,False,True
2008-10-13,5.0,0.051976043027237996,False,True
2008-10-14,5.0,0.051933594545992334,False,True
2008-10-15,5.0,0.055405412962344504,False,True
2008-10-16,5.0,0.05757285006257872,False,True
2008-10-17,5.0,0.053459092749451216,False,True
2008-10-20,5.0,0.052909867398946285,False,True
2008-10-21,5.0,0.05310079684233856,False,True
2008-10-22,5.0,0.05426767183707331,False,True
2008-10-23,5.0,0.05478624150486143,False,True
2008-10-24,5.0,0.05464765417656414,False,True
2008-10-27,5.0,0.05337507730084876,False,True
2008-10-28,5.0,0.06144414737894698,False,True
2008-10-29,5.0,0.05754296079567197,False,True
2008-10-30,5.0,0.05773839044490282,False,True
2008-10-31,5.0,0.04940220075935508,False,True
2008-11-03,5.0,0.04939552963328576,False,True
2008-11-04,5.0,0.04267778696696951,False,True
2008-11-05,5.0,0.04439310285759481,False,True
2008-11-06,5.0,0.046522849083837504,False,True
2008-11-07,5.0,0.045278993013911216,False,True
2008-11-10,5.0,0.04468852645194261,False,True
2008-11-11,5.0,0.04169444556091888,False,True
2008-11-12,5.0,0.04384824162299347,False,True
2008-11-13,5.0,0.046756892575272296,False,True
2008-11-14,5.0,0.04742784849084555,False,True
2008-11-17,5.0,0.037995011176941124,False,True
2008-11-18,5.0,0.03823755047974829,False,True
2008-11-19,5.0,0.039976687176803,False,True
2008-11-20,5.0,0.04190206880077677,False,True
2008-11-21,5.0,0.046899090696318084,False,True
2008-11-24,5.0,0.04922574208033834,False,True
2008-11-25,5.0,0.04787159294378847,False,True
2008-11-26,5.0,0.0473173894964393,False,True
2008-11-28,5.0,0.04666741583346104,False,True
2008-12-01,5.0,0.052618714935698155,False,True
2008-12-02,5.0,0.0539259527845242,False,True
2008-12-03,5.0,0.05249000998685959,False,True
2008-12-04,5.0,0.0494989824547505,False,True
2008-12-05,5.0,0.04940164478416852,False,True
2008-12-08,5.0,0.04972389949971832,False,True
2008-12-09,5.0,0.05025487099533512,False,True
2008-12-10,5.0,0.046597013336651734,False,True
2008-12-11,5.0,0.04250712974164052,False,True
2008-12-12,5.0,0.039927668984326266,False,True
2008-12-15,5.0,0.036765181144190764,False,True
2008-12-16,5.0,0.03900782339163008,False,True
2008-12-17,5.0,0.03815697305869155,False,True
2008-12-18,5.0,0.03853764478715127,False,True
2008-12-19,5.0,0.027833713822649545,False,True
2008-12-22,5.0,0.026796121131988666,False,True
2008-12-23,5.0,0.02605308844067459,False,True
2008-12-24,5.0,0.024692853340128607,False,True
2008-12-26,5.0,0.02273617846760775,False,True
2008-12-29,5.0,0.019943660980464406,False,True
2008-12-30,5.0,0.02028895475137994,False,True
2008-12-31,5.0,0.020396318933548343,False,True
2009-01-02,5.0,0.02008299201742582,False,True
2009-01-05,5.0,0.020218044293614384,False,True
2009-01-06,5.0,0.01966325104336087,False,True
2009-01-07,5.0,0.01715798489160821,False,True
2009-01-08,5.0,0.01697729734413206,False,True
2009-01-09,5.0,0.016991503211427207,False,True
2009-01-12,5.0,0.0180579115340289,False,True
2009-01-13,5.0,0.017386398132564308,False,True
2009-01-14,5.0,0.019515583121603057,False,True
2009-01-15,5.0,0.019420488837189123,False,True
2009-01-16,5.0,0.019493228128498612,False,True
2009-01-20,5.0,0.024016530252382404,False,True
2009-01-21,5.0,0.026175668185299605,False,True
2009-01-22,5.0,0.025776118540212962,False,True
2009-01-23,5.0,0.023742258156559327,False,True
2009-01-26,5.0,0.024010873961823997,False,True
2009-01-27,5.0,0.02417392734285156,False,True
2009-01-28,5.0,0.025385418067922633,False,True
2009-01-29,5.0,0.026614778915570975,False,True
2009-01-30,5.0,0.026689244120144555,False,True
2009-02-02,5.0,0.026228836445784717,False,True
2009-02-03,5.0,0.026715859721243743,False,True
2009-02-04,5.0,0.025228346946971555,False,True
2009-02-05,5.0,0.02564012110599109,False,True
2009-02-06,5.0,0.026546732479572375,False,True
2009-02-09,5.0,0.02116978700096675,False,True
2009-02-10,5.0,0.02313736094357896,False,True
2009-02-11,5.0,0.022874724379826235,False,True
2009-02-12,5.0,0.022836368263953365,False,True
2009-02-13,5.0,0.022939877927774837,False,True
2009-02-17,5.0,0.025668161908122558,False,True
2009-02-18,5.0,0.02330157683313732,False,True
2009-02-19,5.0,0.022110274163465865,False,True
2009-02-20,5.0,0.021627727330277454,False,True
2009-02-23,5.0,0.023027641162883798,True,True
2009-02-24,5.0,0.025580016555023108,False,True
2009-02-25,5.0,0.025610809558308717,False,True
2009-02-26,5.0,0.02489243830946284,False,True
2009-02-27,5.0,0.023037644701065466,False,True
2009-03-02,5.0,0.024541823273757292,True,True
2009-03-03,5.0,0.022451545288488656,False,True
2009-03-04,5.0,0.023869016115167653,False,True
2009-03-05,5.0,0.02501574157440069,True,True
2009-03-06,5.0,0.025345962270703258,False,True
2009-03-09,5.0,0.02349844816242661,False,True
2009-03-10,5.0,0.030489375597416244,False,True
2009-03-11,5.0,0.030532544793895177,False,True
2009-03-12,5.0,0.0327651237341213,False,True
2009-03-13,5.0,0.03136917292269526,False,True
2009-03-16,5.0,0.029398393939055807,False,True
2009-03-17,5.0,0.030566198901604537,False,True
2009-03-18,5.0,0.030551438266855115,False,True
2009-03-19,5.0,0.02992952603423632,False,True
2009-03-20,5.0,0.026966664135648077,False,True
2009-03-23,5.0,0.03125712375578522,False,True
2009-03-24,5.0,0.032211909964306625,False,True
2009-03-25,5.0,0.02849979055924353,False,True
2009-03-26,5.0,0.028428043772669716,False,True
2009-03-27,5.0,0.029238137041282822,False,True
2009-03-30,5.0,0.028401440994473063,False,True
2009-03-31,5.0,0.028427890256059844,False,True
2009-04-01,5.0,0.027005443023630855,False,True
2009-04-02,5.0,0.027687181102679072,False,True
2009-04-03,5.0,0.027525826150241916,False,True
2009-04-06,5.0,0.02694688736817028,False,True
2009-04-07,5.0,0.027607571655867802,False,True
2009-04-08,5.0,0.027368966155556076,False,True
2009-04-09,5.0,0.027846715104961856,False,True
2009-04-13,5.0,0.021703193892609204,False,True
2009-04-14,5.0,0.021673364528850735,False,True
2009-04-15,5.0,0.02175379491729753,False,True
2009-04-16,5.0,0.021311103888107735,False,True
2009-04-17,5.0,0.02023316507040347,False,True
2009-04-20,5.0,0.021571093792504974,False,True
2009-04-21,5.0,0.021932396903515616,False,True
2009-04-22,5.0,0.021873982118274467,False,True
2009-04-23,5.0,0.020744973016654858,False,True
2009-04-24,5.0,0.02103859720556713,False,True
2009-04-27,5.0,0.021109921692885926,False,True
2009-04-28,5.0,0.019817464960503357,False,True
2009-04-29,5.0,0.020292526044598466,False,True
2009-04-30,5.0,0.017903394754872896,False,True
2009-05-01,5.0,0.017934144135698587,False,True
2009-05-04,5.0,0.018624020722186545,False,True
2009-05-05,5.0,0.01865462931262563,False,True
2009-05-06,5.0,0.01874568147774096,False,True
2009-05-07,5.0,0.019325035817507122,False,True
2009-05-08,5.0,0.014602979854744791,False,True
2009-05-11,5.0,0.016040224578248885,False,True
2009-05-12,5.0,0.015734111249818838,False,True
2009-05-13,5.0,0.017884760656389248,False,True
2009-05-14,5.0,0.017579327099600188,False,True
2009-05-15,5.0,0.017655985444307368,False,True
2009-05-18,5.0,0.019072325804641764,False,True
2009-05-19,5.0,0.018482360730994733,False,True
2009-05-20,5.0,0.01858095877224278,False,True
2009-05-21,5.0,0.01925405128225407,False,True
2009-05-22,5.0,0.016839879382974904,False,True
2009-05-26,5.0,0.018352997622996994,False,True
2009-05-27,5.0,0.018377905644135613,False,True
2009-05-28,5.0,0.01862406347628731,False,True
2009-05-29,5.0,0.017795347233094734,False,True
2009-06-01,5.0,0.017991145465203848,False,True
2009-06-02,5.0,0.017963287789501185,False,True
2009-06-03,5.0,0.016536001494539897,False,True
2009-06-04,5.0,0.01657270269723645,False,True
2009-06-05,5.0,0.016101937915324063,False,True
2009-06-08,5.0,0.014370206614267661,False,True
2009-06-09,5.0,0.0143258078607959,False,True
2009-06-10,5.0,0.014263137639802763,False,True
2009-06-11,5.0,0.013100878590718176,False,True
2009-06-12,5.0,0.013023093894514946,False,True
2009-06-15,5.0,0.013566026612353437,False,True
2009-06-16,5.0,0.01292994844917608,False,True
2009-06-17,4.0,0.012313929957567906,False,True
2009-06-18,4.0,0.011964145698515673,False,True
2009-06-19,3.0,0.009536583429199224,False,True
2009-06-22,4.0,0.012267899073393535,False,True
2009-06-23,4.0,0.012030666578058404,False,True
2009-06-24,4.0,0.01164734186046461,False,True
2009-06-25,5.0,0.013358845599157565,False,True
2009-06-26,5.0,0.01335805210913529,False,True
2009-06-29,5.0,0.013598410246896866,False,True
2009-06-30,5.0,0.013732376345113704,False,True
2009-07-01,5.0,0.013665812936571237,False,True
2009-07-02,5.0,0.01551683726377593,False,True
2009-07-06,5.0,0.014445855432817546,False,True
2009-07-07,5.0,0.014968869599206177,False,True
2009-07-08,5.0,0.014967467287554364,False,True
2009-07-09,5.0,0.014751798326356827,False,True
2009-07-10,5.0,0.01465371418901465,False,True
2009-07-13,5.0,0.014095211242262474,False,True
2009-07-14,5.0,0.014145156413905772,False,True
2009-07-15,5.0,0.01601912198350574,False,True
2009-07-16,5.0,0.015218501836013636,False,True
2009-07-17,5.0,0.01520440984188949,False,True
2009-07-20,5.0,0.015304355604050423,False,True
2009-07-21,5.0,0.015012024701426312,False,True
2009-07-22,5.0,0.015027162419269482,False,True
2009-07-23,4.0,0.012851456172386765,False,True
2009-07-24,4.0,0.01284203054439009,False,True
2009-07-27,4.0,0.010524784877670286,False,True
2009-07-28,4.0,0.010592366766278056,False,True
2009-07-29,4.0,0.011049353023939073,False,True
2009-07-30,4.0,0.010623363388391338,False,True
2009-07-31,4.0,0.009665482630614012,False,True
2009-08-03,4.0,0.00992782736787386,False,True
2009-08-04,3.0,0.007689122566775679,False,True
2009-08-05,3.0,0.00793036213683723,False,True
2009-08-06,3.0,0.008298273857624295,False,True
2009-08-07,3.0,0.008445953674708125,False,True
2009-08-10,3.0,0.008692483971714826,False,True
2009-08-11,4.0,0.00971544635321668,False,True
2009-08-12,3.0,0.008260665920352198,False,True
2009-08-13,3.0,0.0083555270387961,False,True
2009-08-14,3.0,0.008849367806993282,False,True
2009-08-17,4.0,0.011263263201010334,False,True
2009-08-18,4.0,0.011484353375236124,False,True
2009-08-19,4.0,0.011198354863532413,False,True
2009-08-20,4.0,0.011524931473741023,False,True
2009-08-21,4.0,0.011849755591014357,False,True
2009-08-24,4.0,0.01185660764840941,False,True
2009-08-25,4.0,0.011792481204138889,False,True
2009-08-26,4.0,0.01161287733123743,False,True
2009-08-27,4.0,0.011166515100753897,False,True
2009-08-28,4.0,0.011127526127415303,False,True
2009-08-31,4.0,0.01073237305697684,False,True
2009-09-01,4.0,0.012123930943961688,False,True
2009-09-02,4.0,0.01194903481463489,False,True
2009-09-03,4.0,0.012018634263238471,False,True
2009-09-04,4.0,0.01018321926439184,False,True
2009-09-08,4.0,0.010116115673011445,False,True
2009-09-09,4.0,0.010148961099525988,False,True
2009-09-10,4.0,0.010117129115343423,False,True
2009-09-11,3.0,0.009052881356757851,False,True
2009-09-14,3.0,0.009139680451077905,False,True
2009-09-15,3.0,0.009146650080864032,False,True
2009-09-16,4.0,0.009811830065162067,False,True
2009-09-17,4.0,0.009934891164423896,False,True
2009-09-18,4.0,0.009855983171603418,False,True
2009-09-21,3.0,0.009535156387791847,False,True
2009-09-22,2.0,0.006139714297315443,False,True
2009-09-23,2.0,0.007057724826470556,False,True
2009-09-24,3.0,0.007890366434676574,False,True
2009-09-25,3.0,0.007732391971992404,False,True
2009-09-28,3.0,0.00864440145467143,False,True
2009-09-29,3.0,0.008595841856886211,False,True
2009-09-30,3.0,0.00832828169257119,False,True
2009-10-01,4.0,0.011026971505584416,False,True
2009-10-02,4.0,0.010861223866755731,False,True
2009-10-05,4.0,0.011671061774197845,False,True
2009-10-06,4.0,0.011509134410130196,False,True
2009-10-07,4.0,0.011530726922329123,False,True
2009-10-08,4.0,0.011702612938617175,False,True
2009-10-09,4.0,0.011760207719786706,False,True
2009-10-12,4.0,0.01168757418803741,False,True
2009-10-13,4.0,0.01134401773008525,False,True
2009-10-14,4.0,0.011727053765091512,False,True
2009-10-15,4.0,0.011448098624243955,False,True
2009-10-16,4.0,0.011060511566927935,False,True
2009-10-19,4.0,0.01118158559966541,False,True
2009-10-20,4.0,0.011324748664828497,False,True
2009-10-21,3.0,0.008621853092653921,False,True
2009-10-22,3.0,0.00848707951764586,False,True
2009-10-23,3.0,0.009043485144964107,False,True
2009-10-26,3.0,0.009218436075242377,False,True
2009-10-27,3.0,0.009264409790452972,False,True
2009-10-28,4.0,0.010445573276532193,False,True
2009-10-29,4.0,0.012135485349029413,False,True
2009-10-30,5.0,0.014155740771098478,False,True
2009-11-02,5.0,0.014364689957233662,False,True
2009-11-03,5.0,0.01332587120184536,False,True
2009-11-04,5.0,0.013221046310541799,False,True
2009-11-05,5.0,0.014405992852220212,False,True
2009-11-06,5.0,0.014125866916272637,False,True
2009-11-09,5.0,0.015412753590226251,False,True
2009-11-10,5.0,0.015194133338126106,False,True
2009-11-11,5.0,0.014988670588757403,False,True
2009-11-12,5.0,0.014871495679083096,False,True
2009-11-13,5.0,0.01448975780558111,False,True
2009-11-16,5.0,0.014781130627812906,False,True
2009-11-17,5.0,0.013291235414407949,False,True
2009-11-18,4.0,0.012304462103743715,False,True
2009-11-19,4.0,0.009761977683995081,False,True
2009-11-20,4.0,0.009911782206332043,False,True
2009-11-23,4.0,0.010278058865798877,False,True
2009-11-24,4.0,0.010321938901072336,False,True
2009-11-25,3.0,0.00937036696208272,False,True
2009-11-27,4.0,0.01082722789509989,False,True
2009-11-30,3.0,0.00913265298473715,False,True
2009-12-01,3.0,0.009663243404731488,False,True
2009-12-02,3.0,0.009595261098299014,False,True
2009-12-03,3.0,0.009441688956468148,False,True
2009-12-04,3.0,0.009432767329781586,False,True
2009-12-07,3.0,0.008609380367117706,False,True
2009-12-08,3.0,0.008992092682159171,False,True
2009-12-09,3.0,0.00908509092813938,False,True
2009-12-10,3.0,0.00846797572042938,False,True
2009-12-11,3.0,0.008436433107419958,False,True
2009-12-14,3.0,0.007845770164106267,False,True
2009-12-15,3.0,0.008010433987705743,False,True
2009-12-16,3.0,0.007919927544192039,False,True
2009-12-17,2.0,0.007088752817835827,False,True
2009-12-18,2.0,0.00718548025486919,False,True
2009-12-21,2.0,0.007002885010775425,False,True
2009-12-22,2.0,0.007055707098517429,False,True
2009-12-23,2.0,0.00656880126341767,False,True
2009-12-24,2.0,0.006556850644462628,False,True
2009-12-28,2.0,0.006466916430349679,False,True
2009-12-29,1.0,0.0055872648393997795,False,True
2009-12-30,1.0,0.005594531404950612,False,True
2009-12-31,2.0,0.0063201050181522335,False,True
2010-01-04,3.0,0.007484682080346721,False,True
2010-01-05,3.0,0.007347267478144753,False,True
2010-01-06,2.0,0.007076972812461921,False,True
2010-01-07,2.0,0.007095614693194682,False,True
2010-01-08,2.0,0.005851888023743626,False,True
2010-01-11,2.0,0.005808592188894746,False,True
2010-01-12,2.0,0.006216816388978452,False,True
2010-01-13,2.0,0.00646648888317446,False,True
2010-01-14,2.0,0.00646741307062873,False,True
2010-01-15,2.0,0.007193545249345331,False,True
2010-01-19,3.0,0.007859493051562085,False,True
2010-01-20,3.0,0.008478569158294313,False,True
2010-01-21,4.0,0.01000965546173729,False,True
2010-01-22,4.0,0.011352553625520847,False,True
2010-01-25,4.0,0.010376638769666099,False,True
2010-01-26,4.0,0.010265791784358803,False,True
2010-01-27,4.0,0.010439104463471776,False,True
2010-01-28,4.0,0.010537628037603714,False,True
2010-01-29,4.0,0.010479344746100063,False,True
2010-02-01,4.0,0.011529136893131888,False,True
2010-02-02,4.0,0.012198711423925424,False,True
2010-02-03,4.0,0.011846728544070345,False,True
2010-02-04,5.0,0.013940972719546507,False,True
2010-02-05,5.0,0.014018995619940675,False,True
2010-02-08,5.0,0.013167841265610956,False,True
2010-02-09,5.0,0.014017976966326874,False,True
2010-02-10,5.0,0.013361613652673715,False,True
2010-02-11,4.0,0.01253216458730328,False,True
2010-02-12,4.0,0.012439222314539929,False,True
2010-02-16,5.0,0.013413688751261699,False,True
2010-02-17,5.0,0.013397566353032471,False,True
2010-02-18,5.0,0.013026714488762964,False,True
2010-02-19,4.0,0.012612262534790529,False,True
2010-02-22,4.0,0.012159500108577019,False,True
2010-02-23,4.0,0.012155061118896868,False,True
2010-02-24,4.0,0.01235656495340874,False,True
2010-02-25,3.0,0.008299745571156229,False,True
2010-02-26,3.0,0.008305611900951082,False,True
2010-03-01,3.0,0.007834938364843148,False,True
2010-03-02,3.0,0.007390038600379583,False,True
2010-03-03,2.0,0.007274952185395422,False,True
2010-03-04,2.0,0.007047729873588542,False,True
2010-03-05,3.0,0.00741937470975105,False,True
2010-03-08,2.0,0.00633130848345998,False,True
2010-03-09,2.0,0.006323077113934837,False,True
2010-03-10,2.0,0.0062478401041782036,False,True
2010-03-11,2.0,0.006260980860170318,False,True
2010-03-12,2.0,0.00622770219944176,False,True
2010-03-15,1.0,0.004621414307474116,False,True
2010-03-16,1.0,0.004451004930616,False,True
2010-03-17,1.0,0.00419242033342674,False,True
2010-03-18,1.0,0.004298488149503894,False,True
2010-03-19,1.0,0.004514485215233758,False,True
2010-03-22,1.0,0.004553377098920442,False,True
2010-03-23,1.0,0.004618283065855302,False,True
2010-03-24,1.0,0.005198888927947991,False,True
2010-03-25,1.0,0.00421113424961124,False,True
2010-03-26,1.0,0.004187259247899281,False,True
2010-03-29,1.0,0.0043165794837976374,False,True
2010-03-30,1.0,0.004283406023050788,False,True
2010-03-31,1.0,0.004421087114906626,False,True
2010-04-01,1.0,0.004694576147152066,False,True
2010-04-05,1.0,0.0049537793364212105,False,True
2010-04-06,1.0,0.004694963585566326,False,True
2010-04-07,1.0,0.004965166401416209,False,True
2010-04-08,1.0,0.004988101423261401,False,True
2010-04-09,1.0,0.004823863027899916,False,True
2010-04-12,1.0,0.004746518653478324,False,True
2010-04-13,1.0,0.004500256395859439,False,True
2010-04-14,1.0,0.004722790262722487,False,True
2010-04-15,1.0,0.004592277969238613,False,True
2010-04-16,2.0,0.0068564839803091655,False,True
2010-04-19,2.0,0.006809849760049535,False,True
2010-04-20,2.0,0.007012873453235188,False,True
2010-04-21,2.0,0.006906419222674457,False,True
2010-04-22,2.0,0.006744048695163467,False,True
2010-04-23,2.0,0.0066919707339246105,False,True
2010-04-26,2.0,0.006886724252125466,False,True
2010-04-27,3.0,0.009473998656814248,False,True
2010-04-28,3.0,0.009591042134655677,False,True
2010-04-29,4.0,0.010040083835734629,False,True
2010-04-30,4.0,0.011066124164040155,False,True
2010-05-03,4.0,0.011652063987613995,False,True
2010-05-04,4.0,0.01287933411487084,False,True
2010-05-05,4.0,0.012896982855841333,False,True
2010-05-06,5.0,0.014854025478367944,False,True
2010-05-07,5.0,0.014936962887923745,False,True
2010-05-10,5.0,0.01956465902845608,False,True
2010-05-11,5.0,0.01955774614246349,False,True
2010-05-12,5.0,0.0200259314780678,False,True
2010-05-13,5.0,0.019999939583505908,False,True
2010-05-14,5.0,0.020419800670872068,False,True
2010-05-17,5.0,0.019706499058658636,False,True
2010-05-18,5.0,0.01973138744479963,False,True
2010-05-19,5.0,0.01909924215827204,False,True
2010-05-20,5.0,0.021019717217336496,True,True
2010-05-21,5.0,0.02116482959023349,False,True
2010-05-24,5.0,0.020681601922566475,False,True
2010-05-25,5.0,0.020758680621877117,False,True
2010-05-26,5.0,0.019252654344920763,False,True
2010-05-27,5.0,0.02119188196014471,False,True
2010-05-28,5.0,0.017243509594716194,False,True
2010-06-01,5.0,0.017575060758311653,False,True
2010-06-02,5.0,0.018810447872768147,False,True
2010-06-03,5.0,0.01880678144659538,False,True
2010-06-04,5.0,0.020257846762366607,False,True
2010-06-07,5.0,0.02032118080737347,False,True
2010-06-08,5.0,0.02061107722055092,False,True
2010-06-09,5.0,0.02061617138945684,False,True
2010-06-10,5.0,0.01959190156157578,False,True
2010-06-11,5.0,0.019215395327759607,False,True
2010-06-14,5.0,0.018851252903174496,False,True
2010-06-15,5.0,0.01975492596217037,False,True
2010-06-16,5.0,0.019635154641188986,False,True
2010-06-17,5.0,0.017733398692250255,False,True
2010-06-18,5.0,0.017316705393627386,False,True
2010-06-21,5.0,0.016528714655084993,False,True
2010-06-22,5.0,0.01586164461403999,False,True
2010-06-23,5.0,0.01582826098848719,False,True
2010-06-24,5.0,0.013358809682352164,False,True
2010-06-25,4.0,0.012720916140388455,False,True
2010-06-28,4.0,0.012472793932130955,False,True
2010-06-29,5.0,0.015130187574435952,False,True
2010-06-30,4.0,0.01254651741664544,False,True
2010-07-01,4.0,0.012328823489697792,False,True
2010-07-02,4.0,0.012307443115827226,False,True
2010-07-06,4.0,0.009897183259257848,False,True
2010-07-07,5.0,0.01392152945255172,False,True
2010-07-08,5.0,0.014300920251046774,False,True
2010-07-09,5.0,0.014520892915789967,False,True
2010-07-12,5.0,0.014541425346865897,False,True
2010-07-13,5.0,0.01464954525512004,False,True
2010-07-14,5.0,0.01462458036457409,False,True
2010-07-15,5.0,0.01376658384344837,False,True
2010-07-16,5.0,0.016013118133407177,False,True
2010-07-19,5.0,0.016107791031588246,False,True
2010-07-20,5.0,0.013578323693454632,False,True
2010-07-21,5.0,0.013798006593100038,False,True
2010-07-22,5.0,0.014620127295948433,False,True
2010-07-23,5.0,0.014404072151986573,False,True
2010-07-26,5.0,0.014485792728118008,False,True
2010-07-27,4.0,0.012632623969647792,False,True
2010-07-28,4.0,0.01280301477859965,False,True
2010-07-29,4.0,0.012833298326874057,False,True
2010-07-30,4.0,0.012837801782077506,False,True
2010-08-02,5.0,0.013478048731299467,False,True
2010-08-03,5.0,0.013591184407364537,False,True
2010-08-04,5.0,0.013640669063774013,False,True
2010-08-05,4.0,0.010373364776752343,False,True
2010-08-06,4.0,0.010551357984659159,False,True
2010-08-09,4.0,0.010319895798984064,False,True
2010-08-10,3.0,0.009650907506180478,False,True
2010-08-11,4.0,0.011397986899503061,False,True
2010-08-12,4.0,0.01119861523005324,False,True
2010-08-13,4.0,0.010627665860699218,False,True
2010-08-16,4.0,0.010643087531028106,False,True
2010-08-17,4.0,0.011200339843093505,False,True
2010-08-18,4.0,0.011174644615659013,False,True
2010-08-19,4.0,0.012018085040832472,False,True
2010-08-20,4.0,0.009936593386912282,False,True
2010-08-23,4.0,0.009931106065633624,False,True
2010-08-24,4.0,0.009945086227434865,False,True
2010-08-25,4.0,0.010146874920271267,False,True
2010-08-26,4.0,0.010175724682248078,False,True
2010-08-27,4.0,0.011387958846068762,False,True
2010-08-30,4.0,0.011739264176037706,False,True
2010-08-31,3.0,0.009567661945963648,False,True
2010-09-01,4.0,0.012729236465843388,False,True
2010-09-02,4.0,0.01290624393660281,False,True
2010-09-03,5.0,0.013321995090071793,False,True
2010-09-07,5.0,0.013391282404653244,False,True
2010-09-08,5.0,0.013499149108489622,False,True
2010-09-09,4.0,0.012565974682738113,False,True
2010-09-10,4.0,0.012483042083355751,False,True
2010-09-13,4.0,0.012528658377500425,False,True
2010-09-14,4.0,0.011484325306687143,False,True
2010-09-15,4.0,0.011482388069825598,False,True
2010-09-16,4.0,0.011036851616275455,False,True
2010-09-17,4.0,0.010580877264994537,False,True
2010-09-20,3.0,0.009451294569218203,False,True
2010-09-21,3.0,0.009620707105804113,False,True
2010-09-22,2.0,0.007335788019214515,False,True
2010-09-23,3.0,0.0077830216068589374,False,True
2010-09-24,3.0,0.008837701887482001,False,True
2010-09-27,3.0,0.00822436078303842,False,True
2010-09-28,3.0,0.008187845241201558,False,True
2010-09-29,3.0,0.008307164911932776,False,True
2010-09-30,3.0,0.008410268463198383,False,True
2010-10-01,3.0,0.008038447657334342,False,True
2010-10-04,3.0,0.00842740936001379,False,True
2010-10-05,4.0,0.009929216754698753,False,True
2010-10-06,4.0,0.009935742587029126,False,True
2010-10-07,4.0,0.009984099514681793,False,True
2010-10-08,3.0,0.009348019277817449,False,True
2010-10-11,3.0,0.009287617164762195,False,True
2010-10-12,3.0,0.009113745005080212,False,True
2010-10-13,3.0,0.00866030327114825,False,True
2010-10-14,2.0,0.007167796179085057,False,True
2010-10-15,2.0,0.00685911355332086,False,True
2010-10-18,2.0,0.006960969591716646,False,True
2010-10-19,3.0,0.008445829760801932,False,True
2010-10-20,3.0,0.008676934153088137,False,True
2010-10-21,3.0,0.008655741830272281,False,True
2010-10-22,3.0,0.008148204487768824,False,True
2010-10-25,2.0,0.006336158938829928,False,True
2010-10-26,2.0,0.00632052405757435,False,True
2010-10-27,2.0,0.006367430439980893,False,True
2010-10-28,2.0,0.006227352500690278,False,True
2010-10-29,2.0,0.006236446468933943,False,True
2010-11-01,2.0,0.0061871295995329055,False,True
2010-11-02,2.0,0.006238144680339365,False,True
2010-11-03,2.0,0.006130570301164954,False,True
2010-11-04,3.0,0.0077398859134222685,False,True
2010-11-05,3.0,0.007640448385282539,False,True
2010-11-08,2.0,0.00572306157454878,False,True
2010-11-09,2.0,0.00610323948849397,False,True
2010-11-10,2.0,0.006131691531379056,False,True
2010-11-11,2.0,0.006375421340895962,False,True
2010-11-12,3.0,0.007347332219504638,False,True
2010-11-15,3.0,0.007365033691262534,False,True
2010-11-16,3.0,0.00864405220442442,False,True
2010-11-17,3.0,0.00863634245280666,False,True
2010-11-18,3.0,0.009583586045347144,False,True
2010-11-19,3.0,0.009594800529813128,False,True
2010-11-22,3.0,0.009407275916989543,False,True
2010-11-23,4.0,0.01011429558727003,False,True
2010-11-24,3.0,0.009504394833932232,False,True
2010-11-26,3.0,0.00950829265718299,False,True
2010-11-29,3.0,0.009510566012480591,False,True
2010-11-30,3.0,0.009428596099540458,False,True
2010-12-01,4.0,0.011231966381653889,False,True
2010-12-02,4.0,0.01173060197687677,False,True
2010-12-03,4.0,0.011183773383989869,False,True
2010-12-06,4.0,0.011185308400866414,False,True
2010-12-07,4.0,0.009957692504316502,False,True
2010-12-08,4.0,0.009934209476214196,False,True
2010-12-09,3.0,0.009295898381951736,False,True
2010-12-10,3.0,0.009352829016557993,False,True
2010-12-13,3.0,0.009309918938158464,False,True
2010-12-14,3.0,0.007978293189103872,False,True
2010-12-15,3.0,0.007591766362548152,False,True
2010-12-16,2.0,0.007117580843486818,False,True
2010-12-17,2.0,0.007033446098927678,False,True
2010-12-20,2.0,0.006505683008286052,False,True
2010-12-21,1.0,0.004229001059938091,False,True
2010-12-22,1.0,0.003139733129814547,False,True
2010-12-23,1.0,0.003294075696863722,False,True
2010-12-27,1.0,0.0031917193415048404,False,True
2010-12-28,1.0,0.0031833860289870826,False,True
2010-12-29,1.0,0.003154230192460886,False,True
2010-12-30,1.0,0.0032129685453999328,False,True
2010-12-31,1.0,0.002952591229355192,False,True
2011-01-03,1.0,0.004008310030322632,False,True
2011-01-04,1.0,0.004088966749005477,False,True
2011-01-05,1.0,0.0036755780680503454,False,True
2011-01-06,1.0,0.0036815273084345344,False,True
2011-01-07,1.0,0.0038011088067598114,False,True
2011-01-10,1.0,0.003867442788339107,False,True
2011-01-11,1.0,0.003696682032875755,False,True
2011-01-12,1.0,0.004223402054996818,False,True
2011-01-13,1.0,0.004227276696051662,False,True
2011-01-14,1.0,0.00449222472317185,False,True
2011-01-18,1.0,0.004482403515079571,False,True
2011-01-19,1.0,0.005548979328398634,False,True
2011-01-20,1.0,0.005541114796319867,False,True
2011-01-21,1.0,0.005532344215722219,False,True
2011-01-24,1.0,0.0049517501244651825,False,True
2011-01-25,1.0,0.004911422985573645,False,True
2011-01-26,1.0,0.004868811621539918,False,True
2011-01-27,1.0,0.0047844637552923956,False,True
2011-01-28,2.0,0.007049914995821722,False,True
2011-01-31,2.0,0.007294877716269067,False,True
2011-02-01,3.0,0.008397815805113944,False,True
2011-02-02,3.0,0.008213032892757153,False,True
2011-02-03,3.0,0.008181678826251338,False,True
2011-02-04,3.0,0.008011886895340773,False,True
2011-02-07,3.0,0.008134594393673648,False,True
2011-02-08,3.0,0.007452059730677701,False,True
2011-02-09,3.0,0.007518488942801105,False,True
2011-02-10,3.0,0.007528542011115039,False,True
2011-02-11,3.0,0.007516652712812815,False,True
2011-02-14,3.0,0.007498375673790644,False,True
2011-02-15,3.0,0.007611303487583193,False,True
2011-02-16,3.0,0.007707186544758422,False,True
2011-02-17,1.0,0.005124022026809472,False,True
2011-02-18,1.0,0.004995315928456281,False,True
2011-02-22,2.0,0.006860116125610837,False,True
2011-02-23,2.0,0.007038531335655945,False,True
2011-02-24,2.0,0.007016061306199306,False,True
2011-02-25,3.0,0.007536945625153084,False,True
2011-02-28,3.0,0.00749952119541478,False,True
2011-03-01,3.0,0.008568282331536536,False,True
2011-03-02,3.0,0.008577974236785682,False,True
2011-03-03,4.0,0.009807775205580396,False,True
2011-03-04,4.0,0.009907011648004036,False,True
2011-03-07,4.0,0.010087602836510176,False,True
2011-03-08,4.0,0.010414037126725865,False,True
2011-03-09,4.0,0.01024178415881614,False,True
2011-03-10,4.0,0.0112434669117677,False,True
2011-03-11,4.0,0.011478487178205446,False,True
2011-03-14,4.0,0.0102483172074768,False,True
2011-03-15,4.0,0.010532248670946273,False,True
2011-03-16,4.0,0.011605884981799644,False,True
2011-03-17,4.0,0.011874077274516838,False,True
2011-03-18,4.0,0.011813358984611333,False,True
2011-03-21,4.0,0.012019481548606744,False,True
2011-03-22,4.0,0.01203108476433192,False,True
2011-03-23,4.0,0.010959962362523175,False,True
2011-03-24,4.0,0.011211058566742212,False,True
2011-03-25,4.0,0.011019678974396034,False,True
2011-03-28,4.0,0.010749863863932637,False,True
2011-03-29,4.0,0.010938559340254525,False,True
2011-03-30,3.0,0.009572799817823939,False,True
2011-03-31,3.0,0.009492175434291655,False,True
2011-04-01,3.0,0.009300720030485984,False,True
2011-04-04,3.0,0.008515689072850257,False,True
2011-04-05,2.0,0.005678907504867672,False,True
2011-04-06,1.0,0.005046394020425692,False,True
2011-04-07,1.0,0.00520260893026977,False,True
2011-04-08,1.0,0.004237239632824206,False,True
2011-04-11,1.0,0.004170179495023839,False,True
2011-04-12,1.0,0.0048536143423089425,False,True
2011-04-13,1.0,0.004210587155030408,False,True
2011-04-14,1.0,0.004127189850821645,False,True
2011-04-15,1.0,0.0041650201709682545,False,True
2011-04-18,1.0,0.004755599667532512,False,True
2011-04-19,1.0,0.004647048190129661,False,True
2011-04-20,2.0,0.005992226656091011,False,True
2011-04-21,2.0,0.006011640657249474,False,True
2011-04-25,2.0,0.006031978848550994,False,True
2011-04-26,2.0,0.006472543530381041,False,True
2011-04-27,2.0,0.006628616593798992,False,True
2011-04-28,2.0,0.006614765854050179,False,True
2011-04-29,2.0,0.006427718420410764,False,True
2011-05-02,2.0,0.00637515220752475,False,True
2011-05-03,2.0,0.00594959491490046,False,True
2011-05-04,2.0,0.0064210967617504295,False,True
2011-05-05,2.0,0.007046265267603677,False,True
2011-05-06,2.0,0.007043099037977261,False,True
2011-05-09,2.0,0.006144755837514545,False,True
2011-05-10,2.0,0.006276682272169483,False,True
2011-05-11,2.0,0.006390101968450981,False,True
2011-05-12,2.0,0.00636969793047987,False,True
2011-05-13,2.0,0.006766977567444617,False,True
2011-05-16,2.0,0.0064556293550849094,False,True
2011-05-17,2.0,0.006123519248090239,False,True
2011-05-18,2.0,0.0065900221020592205,False,True
2011-05-19,2.0,0.006585320434788151,False,True
2011-05-20,2.0,0.006822578712450806,False,True
2011-05-23,3.0,0.007373400554330792,False,True
2011-05-24,2.0,0.007247817628798589,False,True
2011-05-25,2.0,0.007017117649624674,False,True
2011-05-26,2.0,0.007023894032300605,False,True
2011-05-27,2.0,0.006998097837806971,False,True
2011-05-31,2.0,0.007267499923030855,False,True
2011-06-01,3.0,0.00906343980718228,False,True
2011-06-02,3.0,0.0088786552285984,False,True
2011-06-03,3.0,0.008979530690511382,False,True
2011-06-06,3.0,0.009224944772388135,False,True
2011-06-07,3.0,0.009216487657881946,False,True
2011-06-08,3.0,0.008640890418281984,False,True
2011-06-09,3.0,0.008997956755114186,False,True
2011-06-10,3.0,0.009407741926446757,False,True
2011-06-13,3.0,0.009123932570913288,False,True
2011-06-14,4.0,0.009972986596458634,False,True
2011-06-15,4.0,0.01072961291856643,False,True
2011-06-16,4.0,0.010635373246639282,False,True
2011-06-17,4.0,0.01058454637621144,False,True
2011-06-20,4.0,0.010147772960202125,False,True
2011-06-21,3.0,0.00942837012599064,False,True
2011-06-22,3.0,0.009540562717641032,False,True
2011-06-23,3.0,0.009248227463197145,False,True
2011-06-24,3.0,0.009331924071577133,False,True
2011-06-27,4.0,0.009717166292109424,False,True
2011-06-28,4.0,0.010242170188572208,False,True
2011-06-29,4.0,0.010288066261033124,False,True
2011-06-30,3.0,0.009561851786142129,False,True
2011-07-01,4.0,0.010018653663115811,False,True
2011-07-05,4.0,0.009761758550761824,False,True
2011-07-06,3.0,0.007867722501584205,False,True
2011-07-07,3.0,0.008011693629543874,False,True
2011-07-08,3.0,0.008595064257238546,False,True
2011-07-11,4.0,0.010420211394676896,False,True
2011-07-12,4.0,0.010043532723238404,False,True
2011-07-13,4.0,0.009818533054881822,False,True
2011-07-14,4.0,0.010010195172422258,False,True
2011-07-15,3.0,0.009299616525376671,False,True
2011-07-18,3.0,0.009515898471851171,False,True
2011-07-19,4.0,0.009858213551421288,False,True
2011-07-20,4.0,0.009684750506951159,False,True
2011-07-21,4.0,0.009966894718727692,False,True
2011-07-22,3.0,0.009232041175352925,False,True
2011-07-25,3.0,0.009361790559020191,False,True
2011-07-26,3.0,0.009418331193612517,False,True
2011-07-27,4.0,0.010279322004133758,False,True
2011-07-28,4.0,0.010204805943796054,False,True
2011-07-29,3.0,0.009229495646896369,False,True
2011-08-01,3.0,0.009222396715801648,False,True
2011-08-02,4.0,0.011167365521139887,False,True
2011-08-03,4.0,0.011347911931960747,False,True
2011-08-04,5.0,0.016496374537745176,True,True
2011-08-05,5.0,0.016565384073857825,False,True
2011-08-08,5.0,0.022382383048894228,False,True
2011-08-09,5.0,0.027231278481327354,False,True
2011-08-10,5.0,0.02804371399283058,True,True
2011-08-11,5.0,0.03196140665499663,False,True
2011-08-12,5.0,0.03220203918798123,False,True
2011-08-15,5.0,0.03321717036685575,False,True
2011-08-16,5.0,0.03300898412195161,False,True
2011-08-17,5.0,0.033058914078968,False,True
2011-08-18,5.0,0.0347056212043739,False,True
2011-08-19,5.0,0.03471352156821939,False,True
2011-08-22,5.0,0.03447807419724322,False,True
2011-08-23,5.0,0.03611491169176905,False,True
2011-08-24,5.0,0.034156734251572174,False,True
2011-08-25,5.0,0.03436851324150974,False,True
2011-08-26,5.0,0.02872942085133494,False,True
2011-08-29,5.0,0.026989454518345078,False,True
2011-08-30,5.0,0.023305465884285666,False,True
2011-08-31,5.0,0.020336669520603454,False,True
2011-09-01,5.0,0.020690972336021782,False,True
2011-09-02,5.0,0.021017837396534816,False,True
2011-09-06,5.0,0.020959326232823823,False,True
2011-09-07,5.0,0.022438693610776553,False,True
2011-09-08,5.0,0.018545604877873732,False,True
2011-09-09,5.0,0.019673137014386985,False,True
2011-09-12,5.0,0.019710616038916055,False,True
2011-09-13,5.0,0.01769765748807026,False,True
2011-09-14,5.0,0.017717026833235033,False,True
2011-09-15,5.0,0.017551233316175772,False,True
2011-09-16,5.0,0.01723492713686766,False,True
2011-09-19,5.0,0.015825632276809616,False,True
2011-09-20,5.0,0.01580929413694019,False,True
2011-09-21,5.0,0.017506477314173298,False,True
2011-09-22,5.0,0.019082484656595067,False,True
2011-09-23,5.0,0.0182579118737574,False,True
2011-09-26,5.0,0.019385076607642753,False,True
2011-09-27,5.0,0.017917263503472402,False,True
2011-09-28,5.0,0.018523513174378815,False,True
2011-09-29,5.0,0.017219512996487444,False,True
2011-09-30,5.0,0.018389906213278656,False,True
2011-10-03,5.0,0.019411518644674806,False,True
2011-10-04,5.0,0.02017266961142114,False,True
2011-10-05,5.0,0.020226889142001863,False,True
2011-10-06,5.0,0.02094421383166609,False,True
2011-10-07,5.0,0.020907608103841128,False,True
2011-10-10,5.0,0.023079629806347833,False,True
2011-10-11,5.0,0.0214749847387531,False,True
2011-10-12,5.0,0.019148684214806394,False,True
2011-10-13,5.0,0.019253206976299828,False,True
2011-10-14,5.0,0.018870372958557143,False,True
2011-10-17,5.0,0.019721818092414432,False,True
2011-10-18,5.0,0.01917730449994242,False,True
2011-10-19,5.0,0.019675863768601795,False,True
2011-10-20,5.0,0.01791488320438049,False,True
2011-10-21,5.0,0.015290670462131183,False,True
2011-10-24,5.0,0.014839774966774633,False,True
2011-10-25,5.0,0.01629269008584343,False,True
2011-10-26,5.0,0.015946936671576345,False,True
2011-10-27,5.0,0.017246467130351478,False,True
2011-10-28,5.0,0.015601484227726736,False,True
2011-10-31,5.0,0.01756461551529177,False,True
2011-11-01,5.0,0.019358879343034808,False,True
2011-11-02,5.0,0.01974461223573381,False,True
2011-11-03,5.0,0.01982952727610327,False,True
2011-11-04,5.0,0.01901523116374572,False,True
2011-11-07,5.0,0.018402471260940592,False,True
2011-11-08,5.0,0.018046573796433603,False,True
2011-11-09,5.0,0.021128921728355204,False,True
2011-11-10,5.0,0.020641646698976987,False,True
2011-11-11,5.0,0.02101926779364437,False,True
2011-11-14,5.0,0.020391989983172883,False,True
2011-11-15,5.0,0.0202515396534205,False,True
2011-11-16,5.0,0.01836555035622561,False,True
2011-11-17,5.0,0.018721874280939216,False,True
2011-11-18,5.0,0.01771608108285785,False,True
2011-11-21,5.0,0.016793711856282582,False,True
2011-11-22,5.0,0.01602661069400704,False,True
2011-11-23,5.0,0.015521094299846081,False,True
2011-11-25,5.0,0.015543234959365942,False,True
2011-11-28,5.0,0.017863432388324732,False,True
2011-11-29,5.0,0.01739845900055154,False,True
2011-11-30,5.0,0.018863609229355167,False,True
2011-12-01,5.0,0.018748411072469103,False,True
2011-12-02,5.0,0.017933798937576947,False,True
2011-12-05,5.0,0.01799541680853058,False,True
2011-12-06,5.0,0.017951297944487524,False,True
2011-12-07,5.0,0.017289324292758236,False,True
2011-12-08,5.0,0.017685999529064685,False,True
2011-12-09,5.0,0.01816399342747708,False,True
2011-12-12,5.0,0.017850077508451648,False,True
2011-12-13,5.0,0.018023323897277555,False,True
2011-12-14,5.0,0.01708953602133729,False,True
2011-12-15,5.0,0.017010683952229513,False,True
2011-12-16,5.0,0.015368465569482133,False,True
2011-12-19,5.0,0.015776910370433144,False,True
2011-12-20,5.0,0.013316157501269943,False,True
2011-12-21,5.0,0.013320741805380749,False,True
2011-12-22,5.0,0.013502586738414105,False,True
2011-12-23,5.0,0.01343812901005488,False,True
2011-12-27,5.0,0.013437180307160023,False,True
2011-12-28,5.0,0.013859639355833111,False,True
2011-12-29,4.0,0.012776720961419259,False,True
2011-12-30,4.0,0.012082287750021082,False,True
2012-01-03,4.0,0.011875968294784666,False,True
2012-01-04,4.0,0.0114711515471095,False,True
2012-01-05,4.0,0.010705134019423863,False,True
2012-01-06,4.0,0.01084594103672022,False,True
2012-01-09,4.0,0.010851254306890365,False,True
2012-01-10,4.0,0.009981549515980596,False,True
2012-01-11,2.0,0.007124287953554377,False,True
2012-01-12,2.0,0.007121121587343636,False,True
2012-01-13,2.0,0.007235167921545612,False,True
2012-01-17,2.0,0.0069700247574417,False,True
2012-01-18,3.0,0.007391691345406824,False,True
2012-01-19,2.0,0.006027757228649516,False,True
2012-01-20,2.0,0.005713649739598343,False,True
2012-01-23,1.0,0.005383779076242091,False,True
2012-01-24,1.0,0.004198242124212003,False,True
2012-01-25,1.0,0.004503264919776919,False,True
2012-01-26,1.0,0.005034397906977547,False,True
2012-01-27,1.0,0.00497397788648694,False,True
2012-01-30,1.0,0.005125832212601672,False,True
2012-01-31,1.0,0.00472671636022904,False,True
2012-02-01,1.0,0.005148257571030954,False,True
2012-02-02,1.0,0.0051476542390405345,False,True
2012-02-03,2.0,0.005813388624754097,False,True
2012-02-06,2.0,0.00588255073150124,False,True
2012-02-07,1.0,0.0053753140823416265,False,True
2012-02-08,1.0,0.005313869167879491,False,True
2012-02-09,1.0,0.00530386592262845,False,True
2012-02-10,2.0,0.005806198396676596,False,True
2012-02-13,2.0,0.005925430011067297,False,True
2012-02-14,1.0,0.00564460191346904,False,True
2012-02-15,1.0,0.005609431412561495,False,True
2012-02-16,2.0,0.006089391822974089,False,True
2012-02-17,2.0,0.0059340727337162365,False,True
2012-02-21,2.0,0.00589601635749237,False,True
2012-02-22,2.0,0.005810523279688413,False,True
2012-02-23,2.0,0.005843031418139123,False,True
2012-02-24,1.0,0.004610351928839809,False,True
2012-02-27,1.0,0.004589633450504284,False,True
2012-02-28,1.0,0.004621013949494666,False,True
2012-02-29,1.0,0.004885751926320795,False,True
2012-03-01,1.0,0.005088177663129754,False,True
2012-03-02,1.0,0.004722582690880206,False,True
2012-03-05,1.0,0.004651100228900907,False,True
2012-03-06,2.0,0.00635107114945658,False,True
2012-03-07,2.0,0.006451351347119961,False,True
2012-03-08,2.0,0.00630849566304192,False,True
2012-03-09,2.0,0.0063477682856306105,False,True
2012-03-12,2.0,0.0063480666903978755,False,True
2012-03-13,3.0,0.007762496636932221,False,True
2012-03-14,3.0,0.007776478263110901,False,True
2012-03-15,3.0,0.007863211146880763,False,True
2012-03-16,3.0,0.007864722020303744,False,True
2012-03-19,3.0,0.007875251447329633,False,True
2012-03-20,3.0,0.007774688813503103,False,True
2012-03-21,3.0,0.007745673987063345,False,True
2012-03-22,3.0,0.008001677324765078,False,True
2012-03-23,3.0,0.007877689067443839,False,True
2012-03-26,2.0,0.006773562081708791,False,True
2012-03-27,2.0,0.00692741435467442,False,True
2012-03-28,2.0,0.0069536241319371,False,True
2012-03-29,2.0,0.0070025651258809165,False,True
2012-03-30,2.0,0.007007639331774236,False,True
2012-04-02,1.0,0.005573672369078934,False,True
2012-04-03,2.0,0.005713663315208678,False,True
2012-04-04,2.0,0.006244413771116541,False,True
2012-04-05,2.0,0.006233793005524923,False,True
2012-04-09,2.0,0.006756624565792741,False,True
2012-04-10,3.0,0.007974621788010608,False,True
2012-04-11,3.0,0.008399713439958417,False,True
2012-04-12,3.0,0.009176257207019976,False,True
2012-04-13,3.0,0.009674344713567302,False,True
2012-04-16,3.0,0.008649454140839194,False,True
2012-04-17,4.0,0.009863378932492395,False,True
2012-04-18,4.0,0.00983951885038002,False,True
2012-04-19,4.0,0.009926768598927365,False,True
2012-04-20,4.0,0.009850722207412536,False,True
2012-04-23,3.0,0.009647223140997578,False,True
2012-04-24,4.0,0.00978301787447036,False,True
2012-04-25,4.0,0.010315592991528368,False,True
2012-04-26,4.0,0.010486843809528478,False,True
2012-04-27,4.0,0.009956153016858753,False,True
2012-04-30,3.0,0.0086169314159962,False,True
2012-05-01,3.0,0.0085442533130257,False,True
2012-05-02,3.0,0.00789917411364013,False,True
2012-05-03,2.0,0.007357082981672183,False,True
2012-05-04,3.0,0.008706323328789132,False,True
2012-05-07,3.0,0.007506426813676574,False,True
2012-05-08,3.0,0.007513481764763386,False,True
2012-05-09,3.0,0.00755449066871118,False,True
2012-05-10,3.0,0.007594964769353554,False,True
2012-05-11,2.0,0.007333384375337598,False,True
2012-05-14,3.0,0.007714289402650813,False,True
2012-05-15,2.0,0.006373431773276323,False,True
2012-05-16,2.0,0.005715524651988939,True,True
2012-05-17,2.0,0.006128069787269111,False,True
2012-05-18,2.0,0.0061426133787694116,False,True
2012-05-21,3.0,0.007923343196198404,False,True
2012-05-22,3.0,0.008027115851733616,False,True
2012-05-23,3.0,0.00813162767385522,False,True
2012-05-24,3.0,0.007388150497075894,False,True
2012-05-25,2.0,0.0073420363559830015,False,True
2012-05-29,3.0,0.008186703396298624,False,True
2012-05-30,3.0,0.008791170799236926,False,True
2012-05-31,3.0,0.008685755745908626,False,True
2012-06-01,4.0,0.010556000084087748,True,True
2012-06-04,4.0,0.010403257409594609,False,True
2012-06-05,4.0,0.010642286814826438,False,True
2012-06-06,4.0,0.012568213557420695,False,True
2012-06-07,4.0,0.011842075283495831,False,True
2012-06-08,4.0,0.01176403447622027,False,True
2012-06-11,4.0,0.011581800301563371,False,True
2012-06-12,4.0,0.012017503974961154,False,True
2012-06-13,4.0,0.01217171724799186,False,True
2012-06-14,4.0,0.012519305343089983,False,True
2012-06-15,4.0,0.01275877620415929,False,True
2012-06-18,4.0,0.012453256127026125,False,True
2012-06-19,4.0,0.011862154115689198,False,True
2012-06-20,4.0,0.011845291486987762,False,True
2012-06-21,4.0,0.01142211682531809,False,True
2012-06-22,4.0,0.011458699016729383,False,True
2012-06-25,4.0,0.012510080883433044,False,True
2012-06-26,4.0,0.0109916936258522,False,True
2012-06-27,4.0,0.011231828829769504,False,True
2012-06-28,4.0,0.011060265142030491,False,True
2012-06-29,4.0,0.01215868479794786,False,True
2012-07-02,4.0,0.011896087370497351,False,True
2012-07-03,4.0,0.011628411026347369,False,True
2012-07-05,4.0,0.01158347402442864,False,True
2012-07-06,4.0,0.011704778927852254,False,True
2012-07-09,4.0,0.011717239322255848,False,True
2012-07-10,4.0,0.011594452784682916,False,True
2012-07-11,4.0,0.011594038107544908,False,True
2012-07-12,4.0,0.009884500634146077,False,True
2012-07-13,4.0,0.010639397416010428,False,True
2012-07-16,3.0,0.009498639430489165,False,True
2012-07-17,3.0,0.009579800688343534,False,True
2012-07-18,3.0,0.009477210221017504,False,True
2012-07-19,3.0,0.009397219484417064,False,True
2012-07-20,3.0,0.007505590926727852,False,True
2012-07-23,3.0,0.007833350811849656,False,True
2012-07-24,3.0,0.007848348002168874,False,True
2012-07-25,3.0,0.007814690023177287,False,True
2012-07-26,3.0,0.008799178075629,False,True
2012-07-27,4.0,0.010074339696548933,False,True
2012-07-30,3.0,0.009695426876832561,False,True
2012-07-31,4.0,0.009841850432627166,False,True
2012-08-01,3.0,0.009742838605946418,False,True
2012-08-02,3.0,0.009133157352622627,False,True
2012-08-03,4.0,0.010319725691826227,False,True
2012-08-06,4.0,0.01020257966463067,False,True
2012-08-07,4.0,0.010151152108404116,False,True
2012-08-08,4.0,0.01014686190471488,False,True
2012-08-09,3.0,0.00961020580722009,False,True
2012-08-10,3.0,0.009073570662162578,False,True
2012-08-13,3.0,0.008503697886796332,False,True
2012-08-14,3.0,0.008497552500359279,False,True
2012-08-15,3.0,0.007642466616675743,False,True
2012-08-16,2.0,0.006187654296026214,False,True
2012-08-17,2.0,0.006161349424334306,False,True
2012-08-20,2.0,0.00594236471992575,False,True
2012-08-21,2.0,0.005982307984884867,False,True
2012-08-22,1.0,0.005364952096147711,False,True
2012-08-23,1.0,0.0035804088666603136,False,True
2012-08-24,1.0,0.003890519739587381,False,True
2012-08-27,1.0,0.003704942119985085,False,True
2012-08-28,1.0,0.0037198883877882366,False,True
2012-08-29,1.0,0.003722145430900919,False,True
2012-08-30,1.0,0.004273261748616956,False,True
2012-08-31,1.0,0.004495218324030709,False,True
2012-09-04,1.0,0.004508275934343352,False,True
2012-09-05,1.0,0.0045059084205996145,False,True
2012-09-06,2.0,0.006869953825646767,False,True
2012-09-07,2.0,0.006919502180489968,False,True
2012-09-10,2.0,0.007178565285182029,False,True
2012-09-11,2.0,0.00710905365569391,False,True
2012-09-12,2.0,0.007110437598042203,False,True
2012-09-13,3.0,0.0076209169903144885,False,True
2012-09-14,3.0,0.007560775504437546,False,True
2012-09-17,3.0,0.007678823710345603,False,True
2012-09-18,3.0,0.007695606403639116,False,True
2012-09-19,3.0,0.007690531545047504,False,True
2012-09-20,2.0,0.007164289192915699,False,True
2012-09-21,2.0,0.007184151970067217,False,True
2012-09-24,2.0,0.007233550847346737,False,True
2012-09-25,3.0,0.008006352746433425,False,True
2012-09-26,2.0,0.006254341624788602,False,True
2012-09-27,2.0,0.00668822342712462,False,True
2012-09-28,2.0,0.006574397777447388,False,True
2012-10-01,2.0,0.006561246954857331,False,True
2012-10-02,2.0,0.006547199573510014,False,True
2012-10-03,1.0,0.004873671448739721,False,True
2012-10-04,1.0,0.005161792070572569,False,True
2012-10-05,1.0,0.0050938648129199736,False,True
2012-10-08,1.0,0.005168483826636724,False,True
2012-10-09,2.0,0.005765174518994177,False,True
2012-10-10,2.0,0.0059297959508836946,False,True
2012-10-11,2.0,0.005934774275131503,False,True
2012-10-12,2.0,0.005946467378393573,False,True
2012-10-15,2.0,0.005820184406765763,False,True
2012-10-16,2.0,0.006175387662945542,False,True
2012-10-17,2.0,0.005751336531409216,False,True
2012-10-18,1.0,0.0056350646039268855,False,True
2012-10-19,2.0,0.00728574273762165,False,True
2012-10-22,2.0,0.007280115336169487,False,True
2012-10-23,3.0,0.008050385080012197,False,True
2012-10-24,3.0,0.007619685427152812,False,True
2012-10-25,3.0,0.0077469514943144125,False,True
2012-10-26,3.0,0.0077521239287705445,False,True
2012-10-31,3.0,0.007438865072726031,False,True
2012-11-01,3.0,0.007981926334961415,False,True
2012-11-02,3.0,0.008346479698272192,False,True
2012-11-05,3.0,0.008362899465828976,False,True
2012-11-06,3.0,0.008345427201887957,False,True
2012-11-07,4.0,0.00981740509606942,False,True
2012-11-08,4.0,0.009877861091085084,False,True
2012-11-09,4.0,0.009995784301277913,False,True
2012-11-12,3.0,0.009326896758675469,False,True
2012-11-13,3.0,0.009287284709981863,False,True
2012-11-14,3.0,0.00923115330145515,True,True
2012-11-15,3.0,0.009238348717540994,False,True
2012-11-16,3.0,0.009340443371133924,False,True
2012-11-19,4.0,0.011102042635877968,False,True
2012-11-20,4.0,0.011107911119456389,False,True
2012-11-21,4.0,0.010615021977246196,False,True
2012-11-23,4.0,0.011061638394678453,False,True
2012-11-26,4.0,0.011047919677458785,False,True
2012-11-27,4.0,0.010835536788822936,False,True
2012-11-28,3.0,0.008920130904496212,False,True
2012-11-29,3.0,0.008115777493491355,False,True
2012-11-30,3.0,0.008130038990180291,False,True
2012-12-03,3.0,0.008312701428908068,False,True
2012-12-04,3.0,0.008218380188761898,False,True
2012-12-05,2.0,0.006888457380111363,False,True
2012-12-06,2.0,0.006772593063166247,False,True
2012-12-07,2.0,0.006754954673859511,False,True
2012-12-10,1.0,0.004767704333717249,False,True
2012-12-11,1.0,0.004932668778508387,False,True
2012-12-12,1.0,0.00494959295561915,False,True
2012-12-13,1.0,0.004277113289036625,False,True
2012-12-14,1.0,0.0044092731904551595,False,True
2012-12-17,1.0,0.005047528426567657,False,True
2012-12-18,1.0,0.005463742820799656,False,True
2012-12-19,2.0,0.005959356540356422,False,True
2012-12-20,2.0,0.0060702812464517196,False,True
2012-12-21,2.0,0.006542556180631253,False,True
2012-12-24,2.0,0.006569113680723234,False,True
2012-12-26,2.0,0.006743798224377765,False,True
2012-12-27,2.0,0.006709179488230061,False,True
2012-12-28,2.0,0.007295724093863336,False,True
2012-12-31,3.0,0.008686016849475342,False,True
2013-01-02,4.0,0.010843900044955957,False,True
2013-01-03,4.0,0.010887678668961228,False,True
2013-01-04,4.0,0.01067424702691855,False,True
2013-01-07,4.0,0.010630226852996867,False,True
2013-01-08,4.0,0.010364065764776364,False,True
2013-01-09,4.0,0.009964261775411366,False,True
2013-01-10,4.0,0.009814686705734777,False,True
2013-01-11,4.0,0.009765841881424096,False,True
2013-01-14,3.0,0.009294978968500466,False,True
2013-01-15,3.0,0.009212410497227189,False,True
2013-01-16,3.0,0.009012908991888268,False,True
2013-01-17,3.0,0.008974928884456423,False,True
2013-01-18,3.0,0.00799188694702348,False,True
2013-01-22,2.0,0.007119860159985191,False,True
2013-01-23,1.0,0.003345086302316736,False,True
2013-01-24,1.0,0.0032134117655851827,False,True
2013-01-25,1.0,0.0032601639317008857,False,True
2013-01-28,1.0,0.0031282420745795975,False,True
2013-01-29,1.0,0.0028666841561932853,False,True
2013-01-30,1.0,0.00332860333647605,False,True
2013-01-31,1.0,0.003113417080643845,False,True
2013-02-01,1.0,0.0038602619574108128,False,True
2013-02-04,1.0,0.005272746393339696,False,True
2013-02-05,2.0,0.005812328633430292,False,True
2013-02-06,2.0,0.005805314114766788,False,True
2013-02-07,2.0,0.005777139864185066,False,True
2013-02-08,2.0,0.0058684776767887765,False,True
2013-02-11,2.0,0.005831083400548036,False,True
2013-02-12,2.0,0.005831530252727354,False,True
2013-02-13,2.0,0.00582466497176206,False,True
2013-02-14,2.0,0.005696729806553297,False,True
2013-02-15,1.0,0.005671134344637479,False,True
2013-02-19,2.0,0.0058252256141617925,False,True
2013-02-20,2.0,0.006765470885328715,False,True
2013-02-21,2.0,0.006966807715737498,False,True
2013-02-22,2.0,0.006836638641455411,False,True
2013-02-25,3.0,0.007906202075018241,False,True
2013-02-26,3.0,0.0075335163109839995,False,True
2013-02-27,3.0,0.008336424184251788,False,True
2013-02-28,3.0,0.00832291490198862,False,True
2013-03-01,3.0,0.008203890237882627,False,True
2013-03-04,3.0,0.008291212752970638,False,True
2013-03-05,3.0,0.008643316739246199,False,True
2013-03-06,3.0,0.008642746245207505,False,True
2013-03-07,3.0,0.008645013473517954,False,True
2013-03-08,3.0,0.008667050804669814,False,True
2013-03-11,3.0,0.008522889864844877,False,True
2013-03-12,3.0,0.007663534392799759,False,True
2013-03-13,2.0,0.00729703917634875,False,True
2013-03-14,2.0,0.007134735683564315,False,True
2013-03-15,1.0,0.004188529588758961,False,True
2013-03-18,1.0,0.004732791818176363,False,True
2013-03-19,1.0,0.003910981114779245,False,True
2013-03-20,1.0,0.004074808095551442,False,True
2013-03-21,1.0,0.00492325280031715,False,True
2013-03-22,1.0,0.005099156953091695,False,True
2013-03-25,1.0,0.004678468480531235,False,True
2013-03-26,1.0,0.005061118036270348,False,True
2013-03-27,1.0,0.005073063491792328,False,True
2013-03-28,1.0,0.005051096489387953,False,True
2013-04-01,1.0,0.005186779567547291,False,True
2013-04-02,1.0,0.005279480330262355,False,True
2013-04-03,2.0,0.006090727620993787,False,True
2013-04-04,2.0,0.005994079534354273,False,True
2013-04-05,2.0,0.006086972588813069,False,True
2013-04-08,2.0,0.006131186304236146,False,True
2013-04-09,2.0,0.006119221863176543,False,True
2013-04-10,2.0,0.006660948603381352,False,True
2013-04-11,2.0,0.006069317266662837,False,True
2013-04-12,2.0,0.006025388595160745,False,True
2013-04-15,3.0,0.008901515237666031,False,True
2013-04-16,3.0,0.009480250093913269,False,True
2013-04-17,4.0,0.010288965635440964,False,True
2013-04-18,4.0,0.010325597976295274,False,True
2013-04-19,4.0,0.010614143820579217,False,True
2013-04-22,4.0,0.01059482909139492,False,True
2013-04-23,4.0,0.01051631524220565,False,True
2013-04-24,4.0,0.01048608294593569,False,True
2013-04-25,4.0,0.010406800672570304,False,True
2013-04-26,4.0,0.010343013023497065,False,True
2013-04-29,4.0,0.010459519736624132,False,True
2013-04-30,4.0,0.009987405842330793,False,True
2013-05-01,4.0,0.01026984281416756,False,True
2013-05-02,4.0,0.01056771320996084,False,True
2013-05-03,3.0,0.00838581535317306,False,True
2013-05-06,3.0,0.00771653365664914,False,True
2013-05-07,2.0,0.00613913437508325,False,True
2013-05-08,1.0,0.00541522633832439,False,True
2013-05-09,1.0,0.005606509553552405,False,True
2013-05-10,1.0,0.005600531741068366,False,True
2013-05-13,1.0,0.005250777501577382,False,True
2013-05-14,1.0,0.005572309525816278,False,True
2013-05-15,1.0,0.005592439671320782,False,True
2013-05-16,2.0,0.005872334899893308,False,True
2013-05-17,2.0,0.006093728071387626,False,True
2013-05-20,2.0,0.006183073081642349,False,True
2013-05-21,1.0,0.005092467827183348,False,True
2013-05-22,2.0,0.005754212285733,False,True
2013-05-23,1.0,0.005437631125533102,False,True
2013-05-24,1.0,0.005465862902813079,False,True
2013-05-28,1.0,0.005532682697202163,False,True
2013-05-29,2.0,0.005917093637220038,False,True
2013-05-30,2.0,0.005824527697372313,False,True
2013-05-31,2.0,0.007072610666297336,False,True
2013-06-03,2.0,0.007255587022665032,False,True
2013-06-04,2.0,0.006820304592226786,False,True
2013-06-05,3.0,0.007411931515079918,False,True
2013-06-06,3.0,0.007875178129751418,False,True
2013-06-07,3.0,0.008178020604916203,False,True
2013-06-10,3.0,0.008179715460507032,False,True
2013-06-11,3.0,0.008488220921371982,False,True
2013-06-12,3.0,0.008493904288837402,False,True
2013-06-13,3.0,0.009561565965378022,False,True
2013-06-14,3.0,0.009665216958342321,False,True
2013-06-17,4.0,0.009741333870435711,False,True
2013-06-18,4.0,0.009825827176837502,False,True
2013-06-19,4.0,0.010448950017518803,False,True
2013-06-20,4.0,0.01183374976261795,False,True
2013-06-21,4.0,0.011699871558984266,False,True
2013-06-24,4.0,0.011983053161954657,False,True
2013-06-25,4.0,0.011916107363690335,False,True
2013-06-26,4.0,0.011985539339472738,False,True
2013-06-27,4.0,0.011531960290534906,False,True
2013-06-28,4.0,0.011554548965398991,False,True
2013-07-01,4.0,0.011412614613105094,False,True
2013-07-02,4.0,0.011184483374952333,False,True
2013-07-03,4.0,0.010376390924539444,False,True
2013-07-05,4.0,0.01066638005684126,False,True
2013-07-08,4.0,0.010562249353453505,False,True
2013-07-09,4.0,0.010532007613331276,False,True
2013-07-10,4.0,0.009737300595858629,False,True
2013-07-11,2.0,0.006707205446164529,False,True
2013-07-12,2.0,0.00670271009521499,False,True
2013-07-15,1.0,0.0049555248774244935,False,True
2013-07-16,1.0,0.005246263361121674,False,True
2013-07-17,1.0,0.004987870630553511,False,True
2013-07-18,1.0,0.004947196860792295,False,True
2013-07-19,1.0,0.004479455994781073,False,True
2013-07-22,1.0,0.004472956149698169,False,True
2013-07-23,1.0,0.004575968524917468,False,True
2013-07-24,1.0,0.004930247443053607,False,True
2013-07-25,1.0,0.004487132424638625,False,True
2013-07-26,1.0,0.004435385972230601,False,True
2013-07-29,1.0,0.0044493313689801944,False,True
2013-07-30,1.0,0.004445535143868721,False,True
2013-07-31,1.0,0.002791057296576712,False,True
2013-08-01,1.0,0.004226854919917174,False,True
2013-08-02,1.0,0.0042286485062389585,False,True
2013-08-05,1.0,0.004070297953972085,False,True
2013-08-06,1.0,0.0044519786621542694,False,True
2013-08-07,1.0,0.004417804999487726,False,True
2013-08-08,1.0,0.004519258103116099,False,True
2013-08-09,1.0,0.004594940609862063,False,True
2013-08-12,1.0,0.004579029706069016,False,True
2013-08-13,1.0,0.004508155798037742,False,True
2013-08-14,1.0,0.004688123374325167,False,True
2013-08-15,2.0,0.006007450539229139,False,True
2013-08-16,2.0,0.0059949651267330465,False,True
2013-08-19,2.0,0.006097894991264141,False,True
2013-08-20,2.0,0.006265442135700181,False,True
2013-08-21,1.0,0.004903878016247668,False,True
2013-08-22,2.0,0.005671125985588359,False,True
2013-08-23,2.0,0.005906814169732605,False,True
2013-08-26,2.0,0.005838024838210412,False,True
2013-08-27,2.0,0.006971518714724222,False,True
2013-08-28,2.0,0.0068966540403522,False,True
2013-08-29,2.0,0.006999364421179283,False,True
2013-08-30,2.0,0.006995115814589239,False,True
2013-09-03,2.0,0.007083460728220536,False,True
2013-09-04,3.0,0.0075446904887634435,False,True
2013-09-05,2.0,0.006564992790745574,False,True
2013-09-06,2.0,0.006506418501134812,False,True
2013-09-09,2.0,0.006777324890055919,False,True
2013-09-10,2.0,0.006947710412631278,False,True
2013-09-11,2.0,0.006642856644741312,False,True
2013-09-12,2.0,0.006497252624048926,False,True
2013-09-13,2.0,0.006464636218890112,False,True
2013-09-16,2.0,0.006397562058560375,False,True
2013-09-17,1.0,0.003865935485549179,False,True
2013-09-18,1.0,0.004535692136110955,False,True
2013-09-19,1.0,0.004765871185864566,False,True
2013-09-20,1.0,0.0053026589986880715,False,True
2013-09-23,2.0,0.005707312401383632,False,True
2013-09-24,1.0,0.0056392845441158,False,True
2013-09-25,2.0,0.005773364144012621,False,True
2013-09-26,2.0,0.00577501702589469,False,True
2013-09-27,1.0,0.005472185392777289,False,True
2013-09-30,1.0,0.005422747906800226,False,True
2013-10-01,2.0,0.005789590743677142,False,True
2013-10-02,2.0,0.0057032695107775925,False,True
2013-10-03,2.0,0.006185629642903528,False,True
2013-10-04,2.0,0.006297232156642265,False,True
2013-10-07,2.0,0.006513484897574919,False,True
2013-10-08,2.0,0.005927431614406814,False,True
2013-10-09,2.0,0.005997299154136562,False,True
2013-10-10,3.0,0.008695307732969589,False,True
2013-10-11,3.0,0.008802022362161467,False,True
2013-10-14,3.0,0.008827493386855362,False,True
2013-10-15,3.0,0.009025740230853866,False,True
2013-10-16,4.0,0.009701054065164413,False,True
2013-10-17,4.0,0.009699212030776078,False,True
2013-10-18,3.0,0.00950416689840213,False,True
2013-10-21,3.0,0.009396134249609582,False,True
2013-10-22,3.0,0.00940848527257108,False,True
2013-10-23,3.0,0.009067812390784736,False,True
2013-10-24,3.0,0.008988980954624455,False,True
2013-10-25,3.0,0.008406353799001615,False,True
2013-10-28,2.0,0.0071112024170724465,False,True
2013-10-29,2.0,0.007026019107818737,False,True
2013-10-30,1.0,0.0055766889626106585,False,True
2013-10-31,2.0,0.005762469134088265,False,True
2013-11-01,2.0,0.005741835938612635,False,True
2013-11-04,1.0,0.005097404145699178,False,True
2013-11-05,1.0,0.004232056119070544,False,True
2013-11-06,1.0,0.004054579849794453,False,True
2013-11-07,1.0,0.005403007089803668,False,True
2013-11-08,2.0,0.006456932813974265,False,True
2013-11-11,2.0,0.006315700553665409,False,True
2013-11-12,2.0,0.006189662208041734,False,True
2013-11-13,2.0,0.006459909367092559,False,True
2013-11-14,2.0,0.006477608642983508,False,True
2013-11-15,2.0,0.0065262906425710395,False,True
2013-11-18,2.0,0.006546411023642933,False,True
2013-11-19,2.0,0.0063993535979478535,False,True
2013-11-20,2.0,0.006387689656122244,False,True
2013-11-21,2.0,0.006651890714954549,False,True
2013-11-22,2.0,0.00669711762451639,False,True
2013-11-25,2.0,0.006633540146096601,False,True
2013-11-26,2.0,0.006596928650792311,False,True
2013-11-27,1.0,0.005094871522517426,False,True
2013-11-29,1.0,0.00405850885998163,False,True
2013-12-02,1.0,0.004204955923796539,False,True
2013-12-03,1.0,0.004263630922011925,False,True
2013-12-04,1.0,0.0037965050150999707,False,True
2013-12-05,1.0,0.0037715206185299954,False,True
2013-12-06,1.0,0.004736915131525429,False,True
2013-12-09,1.0,0.004608233500331631,False,True
2013-12-10,1.0,0.004669510619433393,False,True
2013-12-11,1.0,0.005578338636986865,False,True
2013-12-12,1.0,0.005144093043048789,False,True
2013-12-13,1.0,0.004879100799992187,False,True
2013-12-16,1.0,0.0052714963378331205,False,True
2013-12-17,1.0,0.0053059334004895604,False,True
2013-12-18,2.0,0.007031284909196772,False,True
2013-12-19,2.0,0.007029425277065331,False,True
2013-12-20,2.0,0.007080618209652556,False,True
2013-12-23,2.0,0.007086323406663928,False,True
2013-12-24,2.0,0.007056887903083035,False,True
2013-12-26,2.0,0.006883691734830369,False,True
2013-12-27,2.0,0.006405852861854351,False,True
2013-12-30,2.0,0.006418612469378005,False,True
2013-12-31,2.0,0.006319370234739902,False,True
2014-01-02,2.0,0.005945456325633402,False,True
2014-01-03,2.0,0.0057577450678009965,False,True
2014-01-06,2.0,0.005867458862198368,False,True
2014-01-07,2.0,0.005854562042528708,False,True
2014-01-08,2.0,0.00570880634515733,False,True
2014-01-09,1.0,0.003967426291612255,False,True
2014-01-10,1.0,0.003949662577588302,False,True
2014-01-13,1.0,0.0052831558656923966,False,True
2014-01-14,2.0,0.005870339403617781,False,True
2014-01-15,2.0,0.005973056100284231,False,True
2014-01-16,2.0,0.005868270782846153,False,True
2014-01-17,2.0,0.005967572722359241,False,True
2014-01-21,2.0,0.00601659408761381,False,True
2014-01-22,2.0,0.005917416303049993,False,True
2014-01-23,2.0,0.00592060078806408,False,True
2014-01-24,3.0,0.008153077501102049,False,True
2014-01-27,3.0,0.008197656969730903,False,True
2014-01-28,3.0,0.00820198397512798,False,True
2014-01-29,3.0,0.008488425643596361,False,True
2014-01-30,3.0,0.009232231773169043,False,True
2014-01-31,3.0,0.00923581747498463,False,True
2014-02-03,4.0,0.01047046849060313,False,True
2014-02-04,4.0,0.010179660894891904,False,True
2014-02-05,4.0,0.009896475799550457,False,True
2014-02-06,4.0,0.010799281458589962,False,True
2014-02-07,4.0,0.011610662547197163,False,True
2014-02-10,4.0,0.011579967467136725,False,True
2014-02-11,4.0,0.012064320027440317,False,True
2014-02-12,4.0,0.01184534515914806,False,True
2014-02-13,4.0,0.010304185566180755,False,True
2014-02-14,4.0,0.010162092110351042,False,True
2014-02-18,4.0,0.010103118497606514,False,True
2014-02-19,4.0,0.00980347553572857,False,True
2014-02-20,3.0,0.009529576017527455,False,True
2014-02-21,3.0,0.00929982574193118,False,True
2014-02-24,2.0,0.005842508484911469,False,True
2014-02-25,2.0,0.005931141781659052,False,True
2014-02-26,2.0,0.0058061749839523336,False,True
2014-02-27,1.0,0.005269775275741215,False,True
2014-02-28,1.0,0.004409895834730305,False,True
2014-03-03,1.0,0.005138319973433807,False,True
2014-03-04,2.0,0.0057887979316030005,False,True
2014-03-05,2.0,0.005782297921033259,False,True
2014-03-06,2.0,0.005684381539389044,False,True
2014-03-07,1.0,0.005626393631426906,False,True
2014-03-10,2.0,0.005650936390439412,False,True
2014-03-11,1.0,0.005505466016675575,False,True
2014-03-12,1.0,0.005355031666634639,False,True
2014-03-13,2.0,0.006338401060073198,False,True
2014-03-14,2.0,0.006161230545284472,False,True
2014-03-17,2.0,0.006680509072245853,False,True
2014-03-18,2.0,0.0069096883757017655,False,True
2014-03-19,2.0,0.0070625747373624925,False,True
2014-03-20,2.0,0.007203729107948156,False,True
2014-03-21,2.0,0.006920832410322977,False,True
2014-03-24,2.0,0.005685716684578469,False,True
2014-03-25,2.0,0.0058425414418122965,False,True
2014-03-26,2.0,0.006071570985287161,False,True
2014-03-27,2.0,0.00606097564299824,False,True
2014-03-28,2.0,0.006252676645819629,False,True
2014-03-31,2.0,0.006516020254717012,False,True
2014-04-01,2.0,0.00676781810440438,False,True
2014-04-02,2.0,0.00575451505008261,False,True
2014-04-03,2.0,0.005668943368056971,False,True
2014-04-04,2.0,0.0063924462765980235,False,True
2014-04-07,2.0,0.00668978908875844,False,True
2014-04-08,2.0,0.0066313825562262585,False,True
2014-04-09,2.0,0.00709786802778478,False,True
2014-04-10,3.0,0.00906569544270711,False,True
2014-04-11,3.0,0.009289931044472587,False,True
2014-04-14,3.0,0.009530845540100304,False,True
2014-04-15,4.0,0.009610092643624297,False,True
2014-04-16,4.0,0.01001581908790005,False,True
2014-04-17,4.0,0.009950324685668265,False,True
2014-04-21,4.0,0.009766861992750165,False,True
2014-04-22,4.0,0.009635064089833997,False,True
2014-04-23,4.0,0.009605736255565198,False,True
2014-04-24,4.0,0.009623497761102249,False,True
2014-04-25,3.0,0.009252361916780945,False,True
2014-04-28,3.0,0.008745279397710483,False,True
2014-04-29,3.0,0.008774187115568603,False,True
2014-04-30,3.0,0.008335754430750728,False,True
2014-05-01,1.0,0.005600172555665216,False,True
2014-05-02,1.0,0.0046579351026896166,False,True
2014-05-05,1.0,0.004364806129748142,False,True
2014-05-06,1.0,0.005050643109332331,False,True
2014-05-07,1.0,0.00448637345853824,False,True
2014-05-08,1.0,0.004510495396253812,False,True
2014-05-09,1.0,0.004420909310702989,False,True
2014-05-12,1.0,0.005000680058590999,False,True
2014-05-13,1.0,0.004933771799908205,False,True
2014-05-14,1.0,0.005140302136308069,False,True
2014-05-15,1.0,0.005311265373866868,False,True
2014-05-16,1.0,0.005334679436968329,False,True
2014-05-19,1.0,0.005281751104467861,False,True
2014-05-20,1.0,0.005509818208586218,False,True
2014-05-21,2.0,0.005962049082513121,False,True
2014-05-22,2.0,0.005971985652538138,False,True
2014-05-23,2.0,0.006049028758433418,False,True
2014-05-27,1.0,0.005517524389346363,False,True
2014-05-28,1.0,0.005440917573721439,False,True
2014-05-29,1.0,0.005493751359183094,False,True
2014-05-30,1.0,0.005493739730594568,False,True
2014-06-02,1.0,0.0049978252075740075,False,True
2014-06-03,1.0,0.005010246778791329,False,True
2014-06-04,1.0,0.004734204514574701,False,True
2014-06-05,1.0,0.003723576117899477,False,True
2014-06-06,1.0,0.0037513366228035566,False,True
2014-06-09,1.0,0.00376206230069362,False,True
2014-06-10,1.0,0.002879709752583296,False,True
2014-06-11,1.0,0.0029496330277330573,False,True
2014-06-12,1.0,0.0038350420348854395,False,True
2014-06-13,1.0,0.003783089590586859,False,True
2014-06-16,1.0,0.00353935291799868,False,True
2014-06-17,1.0,0.003499897151714974,False,True
2014-06-18,1.0,0.0037595064903027664,False,True
2014-06-19,1.0,0.0037569844408689773,False,True
2014-06-20,1.0,0.00375434264292505,False,True
2014-06-23,1.0,0.003745951945081807,False,True
2014-06-24,1.0,0.0042885618642498425,False,True
2014-06-25,1.0,0.004142712264514652,False,True
2014-06-26,1.0,0.004008444489348574,False,True
2014-06-27,1.0,0.004028967279507079,False,True
2014-06-30,1.0,0.004030554997655094,False,True
2014-07-01,1.0,0.004192192932199784,False,True
2014-07-02,1.0,0.0034784019375450896,False,True
2014-07-03,1.0,0.0036094218590126907,False,True
2014-07-07,1.0,0.003918525280998843,False,True
2014-07-08,1.0,0.004521169188788651,False,True
2014-07-09,1.0,0.004226891209383834,False,True
2014-07-10,1.0,0.004402085991823413,False,True
2014-07-11,1.0,0.004395665450345526,False,True
2014-07-14,1.0,0.004566241474906103,False,True
2014-07-15,1.0,0.004177811770891156,False,True
2014-07-16,1.0,0.0041301153426761845,False,True
2014-07-17,1.0,0.005342146429733398,False,True
2014-07-18,2.0,0.005988344440722455,False,True
2014-07-21,2.0,0.006035861774834136,False,True
2014-07-22,2.0,0.005921041095642947,False,True
2014-07-23,2.0,0.005932375732810466,False,True
2014-07-24,2.0,0.005755030226317299,False,True
2014-07-25,2.0,0.005810117637380263,False,True
2014-07-28,1.0,0.0054395552584462,False,True
2014-07-29,1.0,0.005462267795477221,False,True
2014-07-30,1.0,0.00533750388292788,False,True
2014-07-31,3.0,0.007601863245734864,False,True
2014-08-01,3.0,0.007395725015731302,False,True
2014-08-04,3.0,0.007782248778334136,False,True
2014-08-05,3.0,0.007921497778024401,False,True
2014-08-06,3.0,0.007428878706800902,False,True
2014-08-07,2.0,0.006693000674477111,False,True
2014-08-08,3.0,0.007668126823330215,False,True
2014-08-11,3.0,0.007543127764116533,False,True
2014-08-12,3.0,0.007477938318484614,False,True
2014-08-13,3.0,0.007808828681709042,False,True
2014-08-14,3.0,0.007890605665230591,False,True
2014-08-15,3.0,0.007887310426048042,False,True
2014-08-18,3.0,0.008184166339296608,False,True
2014-08-19,3.0,0.008289253394200247,False,True
2014-08-20,2.0,0.005788738906100956,False,True
2014-08-21,2.0,0.005616127105516538,False,True
2014-08-22,1.0,0.0055581358011943275,False,True
2014-08-25,1.0,0.004493613174696528,False,True
2014-08-26,1.0,0.0044520086366770925,False,True
2014-08-27,1.0,0.0038397428143381977,False,True
2014-08-28,1.0,0.003255584138022057,False,True
2014-08-29,1.0,0.0032641077031177928,False,True
2014-09-02,1.0,0.0031715594382009126,False,True
2014-09-03,1.0,0.003036204414949683,False,True
2014-09-04,1.0,0.003086994483658564,False,True
2014-09-05,1.0,0.003182371086575898,False,True
2014-09-08,1.0,0.0028192378346974883,False,True
2014-09-09,1.0,0.003243773882537686,False,True
2014-09-10,1.0,0.0033193818343700355,False,True
2014-09-11,1.0,0.0032391098323519356,False,True
2014-09-12,1.0,0.0036001702331307896,False,True
2014-09-15,1.0,0.003315563746567314,False,True
2014-09-16,1.0,0.003930273051495506,False,True
2014-09-17,1.0,0.003946443753974259,False,True
2014-09-18,1.0,0.00411049328333848,False,True
2014-09-19,1.0,0.0040365089371726766,False,True
2014-09-22,1.0,0.004607555073412389,False,True
2014-09-23,1.0,0.004837983097984353,False,True
2014-09-24,1.0,0.005324729799596754,False,True
2014-09-25,2.0,0.006665546170796672,False,True
2014-09-26,2.0,0.007158851345503688,False,True
2014-09-29,2.0,0.006982689050387363,False,True
2014-09-30,2.0,0.006908804367567981,False,True
2014-10-01,3.0,0.0076420587815845265,False,True
2014-10-02,3.0,0.007560691830689243,False,True
2014-10-03,3.0,0.008272988412638498,False,True
2014-10-06,3.0,0.007943076998515292,False,True
2014-10-07,3.0,0.008729180778591207,False,True
2014-10-08,4.0,0.010058993462184494,False,True
2014-10-09,4.0,0.011297097891932955,False,True
2014-10-10,4.0,0.011453811437088965,False,True
2014-10-13,4.0,0.011991823003102652,False,True
2014-10-14,4.0,0.011630475124222125,False,True
2014-10-15,4.0,0.011186467503206314,True,True
2014-10-16,4.0,0.01068426853007866,False,True
2014-10-17,4.0,0.011640656682002577,False,True
2014-10-20,4.0,0.012110266009276916,False,True
2014-10-21,5.0,0.012987255741303516,False,True
2014-10-22,5.0,0.013126302824945365,False,True
2014-10-23,5.0,0.013207309736206721,False,True
2014-10-24,5.0,0.013358964468120552,False,True
2014-10-27,4.0,0.012639112996806093,False,True
2014-10-28,4.0,0.01217302769954797,False,True
2014-10-29,4.0,0.010533875628782217,False,True
2014-10-30,4.0,0.009829040587253033,False,True
2014-10-31,3.0,0.008208066451350086,False,True
2014-11-03,3.0,0.008278857426449873,False,True
2014-11-04,3.0,0.007728096208420216,False,True
2014-11-05,3.0,0.007572021159132865,False,True
2014-11-06,3.0,0.00732070155738613,False,True
2014-11-07,3.0,0.007341954415716583,False,True
2014-11-10,2.0,0.005992838250663312,False,True
2014-11-11,1.0,0.005212627817130989,False,True
2014-11-12,1.0,0.004780658215743006,False,True
2014-11-13,1.0,0.0046877591013156535,False,True
2014-11-14,1.0,0.004590631781696629,False,True
2014-11-17,1.0,0.0037922400650678726,False,True
2014-11-18,1.0,0.003744188356663367,False,True
2014-11-19,1.0,0.003717420623315287,False,True
2014-11-20,1.0,0.002446675355305793,False,True
2014-11-21,1.0,0.0026317487391465076,False,True
2014-11-24,1.0,0.0023148273711439725,False,True
2014-11-25,1.0,0.0021971636032389916,False,True
2014-11-26,1.0,0.002135330944083604,False,True
2014-11-28,1.0,0.0023765508108594875,False,True
2014-12-01,1.0,0.003142057388075076,False,True
2014-12-02,1.0,0.003508870051852381,False,True
2014-12-03,1.0,0.0035510486792337736,False,True
2014-12-04,1.0,0.0036059534647537926,False,True
2014-12-05,1.0,0.0035989235800929034,False,True
2014-12-08,1.0,0.004261456205045886,False,True
2014-12-09,1.0,0.00406628877189274,False,True
2014-12-10,2.0,0.006056149326668498,False,True
2014-12-11,2.0,0.006183123886520804,False,True
2014-12-12,3.0,0.007218753571736502,False,True
2014-12-15,2.0,0.00714691018569328,False,True
2014-12-16,3.0,0.007285766263452446,False,True
2014-12-17,4.0,0.00953684793199321,False,True
2014-12-18,4.0,0.011766633260431284,False,True
2014-12-19,4.0,0.011666596571286563,False,True
2014-12-22,4.0,0.011589020082141898,False,True
2014-12-23,4.0,0.011556777875231742,False,True
2014-12-24,4.0,0.011550258381163027,False,True
2014-12-26,4.0,0.011572989073516778,False,True
2014-12-29,4.0,0.011356518093689696,False,True
2014-12-30,4.0,0.011464778392332712,False,True
2014-12-31,4.0,0.010859285438549166,False,True
2015-01-02,4.0,0.01082058777707626,False,True
2015-01-05,4.0,0.011087891606890431,False,True
2015-01-06,4.0,0.011233244593109655,False,True
2015-01-07,4.0,0.011279484162090282,False,True
2015-01-08,4.0,0.01099345656902077,False,True
2015-01-09,3.0,0.009266736161792485,False,True
2015-01-12,3.0,0.009346336543652157,False,True
2015-01-13,3.0,0.009223816624553115,False,True
2015-01-14,3.0,0.009213611301452821,False,True
2015-01-15,3.0,0.009358684185313524,False,True
2015-01-16,4.0,0.010232218990638045,False,True
2015-01-20,4.0,0.010250764782862217,False,True
2015-01-21,4.0,0.010389101927051371,False,True
2015-01-22,4.0,0.010969764913819425,False,True
2015-01-23,4.0,0.011073834645805851,False,True
2015-01-26,4.0,0.009759610545780773,False,True
2015-01-27,4.0,0.01019148602320327,False,True
2015-01-28,4.0,0.010392365695787437,False,True
2015-01-29,3.0,0.009450198686411974,False,True
2015-01-30,4.0,0.00978996314056191,False,True
2015-02-02,4.0,0.010334020286746163,False,True
2015-02-03,4.0,0.011008943060126737,False,True
2015-02-04,4.0,0.010938858312011699,False,True
2015-02-05,4.0,0.010760309263588879,False,True
2015-02-06,4.0,0.010383135639250836,False,True
2015-02-09,4.0,0.01048628044006876,False,True
2015-02-10,4.0,0.010768484730724831,False,True
2015-02-11,4.0,0.009999795000783525,False,True
2015-02-12,4.0,0.01015205109791703,False,True
2015-02-13,4.0,0.010174745278767688,False,True
2015-02-17,3.0,0.009236686069217941,False,True
2015-02-18,3.0,0.008071779418405535,False,True
2015-02-19,3.0,0.007950876185606078,False,True
2015-02-20,2.0,0.006565619544519206,False,True
2015-02-23,2.0,0.006127003299241079,False,True
2015-02-24,1.0,0.0052010364609611165,False,True
2015-02-25,1.0,0.00495221992098687,False,True
2015-02-26,1.0,0.004511956632980884,False,True
2015-02-27,1.0,0.004473403682982887,False,True
2015-03-02,1.0,0.004267506648154519,False,True
2015-03-03,1.0,0.00393974640590062,False,True
2015-03-04,1.0,0.004219684156828322,False,True
2015-03-05,1.0,0.00343082580649981,False,True
2015-03-06,1.0,0.005053162566054625,False,True
2015-03-09,1.0,0.005178605842615914,False,True
2015-03-10,2.0,0.006776847676667197,False,True
2015-03-11,2.0,0.006772433578280836,False,True
2015-03-12,3.0,0.007535415313154435,False,True
2015-03-13,3.0,0.007622059432818652,False,True
2015-03-16,3.0,0.00859999213809982,False,True
2015-03-17,3.0,0.008617995496838086,False,True
2015-03-18,3.0,0.00933504047858459,False,True
2015-03-19,3.0,0.009389927352239437,False,True
2015-03-20,4.0,0.009574903867488986,False,True
2015-03-23,4.0,0.009508635906355681,False,True
2015-03-24,4.0,0.009581002673278787,False,True
2015-03-25,4.0,0.010308435554841379,False,True
2015-03-26,4.0,0.009631114079374614,False,True
2015-03-27,4.0,0.009584196818919406,False,True
2015-03-30,3.0,0.008881313975903355,False,True
2015-03-31,3.0,0.009267360102104013,False,True
2015-04-01,3.0,0.008716675705071278,False,True
2015-04-02,3.0,0.008596046340523867,False,True
2015-04-06,3.0,0.007972853044221021,False,True
2015-04-07,3.0,0.00793966979995803,False,True
2015-04-08,3.0,0.007209146782931669,False,True
2015-04-09,3.0,0.007214080492777738,False,True
2015-04-10,2.0,0.006919626611968242,False,True
2015-04-13,2.0,0.0070095751833210455,False,True
2015-04-14,2.0,0.006824703358554811,False,True
2015-04-15,1.0,0.005427175010144918,False,True
2015-04-16,1.0,0.0053540605169894685,False,True
2015-04-17,2.0,0.0063794353007280615,False,True
2015-04-20,2.0,0.006007342832184077,False,True
2015-04-21,1.0,0.005423046273503843,False,True
2015-04-22,1.0,0.005321888884419877,False,True
2015-04-23,1.0,0.005299441083395331,False,True
2015-04-24,1.0,0.005106945770340292,False,True
2015-04-27,1.0,0.005240117028977379,False,True
2015-04-28,1.0,0.005242155874243257,False,True
2015-04-29,1.0,0.005299064404830301,False,True
2015-04-30,2.0,0.005826156391032329,False,True
2015-05-01,2.0,0.0064366749148554135,False,True
2015-05-04,2.0,0.006463137146519907,False,True
2015-05-05,2.0,0.0071214325711367365,False,True
2015-05-06,3.0,0.007196937732588733,False,True
2015-05-07,2.0,0.00660669306420867,False,True
2015-05-08,2.0,0.007116789919152423,False,True
2015-05-11,3.0,0.007259949972783596,False,True
2015-05-12,2.0,0.007168029136453677,False,True
2015-05-13,2.0,0.00712737613322909,False,True
2015-05-14,3.0,0.007713430926092046,False,True
2015-05-15,3.0,0.0076156283437837004,False,True
2015-05-18,3.0,0.007622441446042077,False,True
2015-05-19,3.0,0.007534470375927712,False,True
2015-05-20,2.0,0.006883681791923821,False,True
2015-05-21,2.0,0.006334179276467298,False,True
2015-05-22,2.0,0.006348266370940789,False,True
2015-05-26,2.0,0.006123846566450967,False,True
2015-05-27,2.0,0.006348462507846984,False,True
2015-05-28,2.0,0.006351098527550329,False,True
2015-05-29,1.0,0.005560650662306726,False,True
2015-06-01,1.0,0.005411700939352897,False,True
2015-06-02,1.0,0.005348639557604988,False,True
2015-06-03,1.0,0.00536476136114595,False,True
2015-06-04,1.0,0.005021969707325607,False,True
2015-06-05,1.0,0.005001662244694629,False,True
2015-06-08,1.0,0.005055967882188968,False,True
2015-06-09,1.0,0.005080850935784982,False,True
2015-06-10,2.0,0.0062505471398442885,False,True
2015-06-11,2.0,0.006230240152628054,False,True
2015-06-12,2.0,0.006445979168754544,False,True
2015-06-15,2.0,0.005979586931668985,False,True
2015-06-16,2.0,0.005604417901413493,False,True
2015-06-17,2.0,0.005655836402082226,False,True
2015-06-18,2.0,0.006053290056800957,False,True
2015-06-19,2.0,0.0062228553864104265,False,True
2015-06-22,2.0,0.0064244928434326574,False,True
2015-06-23,2.0,0.006407059507668419,False,True
2015-06-24,2.0,0.006276513481877528,False,True
2015-06-25,2.0,0.006325147468384121,False,True
2015-06-26,2.0,0.006022092673053999,False,True
2015-06-29,3.0,0.008392055879558397,False,True
2015-06-30,3.0,0.007639090031964142,False,True
2015-07-01,3.0,0.00792465050125313,False,True
2015-07-02,3.0,0.00773809228916436,False,True
2015-07-06,3.0,0.007710052784642292,False,True
2015-07-07,3.0,0.007734814721761471,False,True
2015-07-08,3.0,0.008820819050576521,False,True
2015-07-09,3.0,0.008261331836131298,False,True
2015-07-10,3.0,0.009078559343835111,False,True
2015-07-13,4.0,0.009467135191829007,False,True
2015-07-14,4.0,0.009565320989238608,False,True
2015-07-15,3.0,0.009361109252306911,False,True
2015-07-16,4.0,0.00955287172348325,False,True
2015-07-17,4.0,0.009547587338580672,False,True
2015-07-20,2.0,0.007177386698445581,False,True
2015-07-21,3.0,0.007394668953223978,False,True
2015-07-22,3.0,0.0073288949907209695,False,True
2015-07-23,3.0,0.007554831629605176,False,True
2015-07-24,3.0,0.008092596258649502,False,True
2015-07-27,3.0,0.008071863765216993,False,True
2015-07-28,3.0,0.007251033089269201,False,True
2015-07-29,3.0,0.007408895451346674,False,True
2015-07-30,2.0,0.006797284865084896,False,True
2015-07-31,2.0,0.006208670174676118,False,True
2015-08-03,2.0,0.006122886441681974,False,True
2015-08-04,2.0,0.006143227740094239,False,True
2015-08-05,2.0,0.0057525556776434035,False,True
2015-08-06,2.0,0.006007731336160888,False,True
2015-08-07,2.0,0.005982530182489548,False,True
2015-08-10,2.0,0.0070543576050347175,False,True
2015-08-11,3.0,0.007454406046342419,False,True
2015-08-12,3.0,0.0073449747538821405,False,True
2015-08-13,2.0,0.006743387939039478,False,True
2015-08-14,2.0,0.006584643851590719,False,True
2015-08-17,2.0,0.005865099266843326,False,True
2015-08-18,1.0,0.005547739482083667,False,True
2015-08-19,2.0,0.00593095273186016,False,True
2015-08-20,3.0,0.008054009273227863,False,True
2015-08-21,4.0,0.011373374951876958,True,True
2015-08-24,5.0,0.014810450107070243,False,True
2015-08-25,5.0,0.014589734428606976,False,True
2015-08-26,5.0,0.01920061472273626,False,True
2015-08-27,5.0,0.020722052111466292,False,True
2015-08-28,5.0,0.020255225673769115,False,True
2015-08-31,5.0,0.020232742737440065,False,True
2015-09-01,5.0,0.0213208171808018,False,True
2015-09-02,5.0,0.022271773221162538,False,True
2015-09-03,5.0,0.0222016265501045,False,True
2015-09-04,5.0,0.02216039422119327,False,True
2015-09-08,5.0,0.023680770795914137,False,True
2015-09-09,5.0,0.023800151854932176,False,True
2015-09-10,5.0,0.02344585542801985,False,True
2015-09-11,5.0,0.021912065713932467,False,True
2015-09-14,5.0,0.01875818204952223,False,True
2015-09-15,5.0,0.018365309368462385,False,True
2015-09-16,5.0,0.015625772372956787,False,True
2015-09-17,5.0,0.014303440034069349,False,True
2015-09-18,5.0,0.014955106373901185,False,True
2015-09-21,5.0,0.014869169370831077,False,True
2015-09-22,5.0,0.012742839223067057,False,True
2015-09-23,4.0,0.011769052698111905,False,True
2015-09-24,4.0,0.011785905214636898,False,True
2015-09-25,4.0,0.010997042391951265,False,True
2015-09-28,4.0,0.010700261870310415,False,True
2015-09-29,4.0,0.010290251168566309,False,True
2015-09-30,4.0,0.011607777284020706,False,True
2015-10-01,4.0,0.011532763591332044,False,True
2015-10-02,4.0,0.012217540323049073,False,True
2015-10-05,5.0,0.012724982904500914,False,True
2015-10-06,4.0,0.012526882035633414,False,True
2015-10-07,5.0,0.012713375624085274,False,True
2015-10-08,4.0,0.011953989093163059,False,True
2015-10-09,4.0,0.011934648282487937,False,True
2015-10-12,4.0,0.01122944186893497,False,True
2015-10-13,4.0,0.011456370863496051,False,True
2015-10-14,4.0,0.011514181656137148,False,True
2015-10-15,4.0,0.011947003940484034,False,True
2015-10-16,3.0,0.008454529686094222,False,True
2015-10-19,3.0,0.008495895154447744,False,True
2015-10-20,3.0,0.007723874421805559,False,True
2015-10-21,3.0,0.00815257828561847,False,True
2015-10-22,3.0,0.00840277467178318,False,True
2015-10-23,3.0,0.007634547241641908,False,True
2015-10-26,3.0,0.007533797990098156,False,True
2015-10-27,3.0,0.007546562132368487,False,True
2015-10-28,3.0,0.007777869950194724,False,True
2015-10-29,3.0,0.0078068441037417785,False,True
2015-10-30,3.0,0.008052251254872503,False,True
2015-11-02,3.0,0.007990130234946267,False,True
2015-11-03,3.0,0.00764112117458048,False,True
2015-11-04,3.0,0.007219490677811633,False,True
2015-11-05,3.0,0.007267823481694929,False,True
2015-11-06,3.0,0.00728302860279876,False,True
2015-11-09,3.0,0.007933178910249283,False,True
2015-11-10,3.0,0.007635962296433449,False,True
2015-11-11,2.0,0.006533963473557026,False,True
2015-11-12,2.0,0.006946651987473372,False,True
2015-11-13,3.0,0.00747049994508471,False,True
2015-11-16,3.0,0.00865846950758023,False,True
2015-11-17,3.0,0.00791309846269365,False,True
2015-11-18,3.0,0.009185568359614427,False,True
2015-11-19,3.0,0.00909516385627884,False,True
2015-11-20,3.0,0.008534894150361365,False,True
2015-11-23,3.0,0.008485041152346232,False,True
2015-11-24,3.0,0.008461388535123857,False,True
2015-11-25,3.0,0.008459399857531937,False,True
2015-11-27,3.0,0.008463390794660942,False,True
2015-11-30,3.0,0.008117708408126223,False,True
2015-12-01,3.0,0.008594155002150291,False,True
2015-12-02,3.0,0.009109444208609692,False,True
2015-12-03,3.0,0.009156663623247779,False,True
2015-12-04,4.0,0.009986332308452892,False,True
2015-12-07,4.0,0.009594858425199335,False,True
2015-12-08,4.0,0.009782348845434633,False,True
2015-12-09,3.0,0.008895075185479755,False,True
2015-12-10,3.0,0.008944102876431576,False,True
2015-12-11,4.0,0.010092180393099623,False,True
2015-12-14,4.0,0.010282547992631081,False,True
2015-12-15,4.0,0.010814324774476913,False,True
2015-12-16,4.0,0.01163174037437025,False,True
2015-12-17,4.0,0.012258073489582225,False,True
2015-12-18,5.0,0.01300060540586417,False,True
2015-12-21,5.0,0.012796416453813759,False,True
2015-12-22,5.0,0.012912190096852343,False,True
2015-12-23,5.0,0.012812795681210859,False,True
2015-12-24,4.0,0.011475533295545598,False,True
2015-12-28,4.0,0.01135457289701561,False,True
2015-12-29,4.0,0.011598717298580129,False,True
2015-12-30,4.0,0.011570672296287008,False,True
2015-12-31,4.0,0.011857590697110235,False,True
2016-01-04,4.0,0.011375196720873332,False,True
2016-01-05,4.0,0.011310958958242856,False,True
2016-01-06,4.0,0.011357096246821139,False,True
2016-01-07,4.0,0.011749215785725024,False,True
2016-01-08,4.0,0.011508350110299586,True,True
2016-01-11,4.0,0.01087441969895856,False,True
2016-01-12,4.0,0.010876258108883586,False,True
2016-01-13,4.0,0.011813883260680454,True,True
2016-01-14,4.0,0.012343096282182182,False,True
2016-01-15,5.0,0.01306452588649926,False,True
2016-01-19,5.0,0.013154159749466493,False,True
2016-01-20,4.0,0.012267097541100865,True,True
2016-01-21,5.0,0.012762009850795408,False,True
2016-01-22,5.0,0.014639949977546595,False,True
2016-01-25,5.0,0.01465888679560589,False,True
2016-01-26,5.0,0.015432890873867207,False,True
2016-01-27,5.0,0.015341483890928678,False,True
2016-01-28,5.0,0.014374624807833662,False,True
2016-01-29,5.0,0.015707221953014307,False,True
2016-02-01,5.0,0.01570990361556797,False,True
2016-02-02,5.0,0.016375697405346272,False,True
2016-02-03,5.0,0.014901076867741714,False,True
2016-02-04,5.0,0.01420642889628833,False,True
2016-02-05,5.0,0.01385546670790168,False,True
2016-02-08,5.0,0.014365164273167946,False,True
2016-02-09,5.0,0.014031869238724808,False,True
2016-02-10,5.0,0.013944372967464955,False,True
2016-02-11,5.0,0.012889502253499038,False,True
2016-02-12,5.0,0.013604154732972665,False,True
2016-02-16,5.0,0.013808710770687935,False,True
2016-02-17,5.0,0.014115255557832647,False,True
2016-02-18,5.0,0.014163087530494537,False,True
2016-02-19,4.0,0.012439328829765407,False,True
2016-02-22,5.0,0.013086402428661463,False,True
2016-02-23,4.0,0.012464019016568866,False,True
2016-02-24,4.0,0.012450296244039013,False,True
2016-02-25,5.0,0.01277257660424456,False,True
2016-02-26,4.0,0.01147325899005323,False,True
2016-02-29,4.0,0.010887258785497263,False,True
2016-03-01,4.0,0.012123226030877845,False,True
2016-03-02,4.0,0.012044029903620402,False,True
2016-03-03,4.0,0.010981486313318186,False,True
2016-03-04,4.0,0.010316528830911982,False,True
2016-03-07,4.0,0.00982084116908906,False,True
2016-03-08,4.0,0.009903725137423526,False,True
2016-03-09,4.0,0.009745220683739961,False,True
2016-03-10,4.0,0.009741554932906491,False,True
2016-03-11,4.0,0.009930145815763665,False,True
2016-03-14,3.0,0.00900898654510552,False,True
2016-03-15,3.0,0.009117897160319499,False,True
2016-03-16,3.0,0.008848526143125063,False,True
2016-03-17,3.0,0.008799749950179502,False,True
2016-03-18,3.0,0.008157298927978512,False,True
2016-03-21,2.0,0.005971017646483694,False,True
2016-03-22,2.0,0.006022943645695742,False,True
2016-03-23,2.0,0.006432049930855679,False,True
2016-03-24,2.0,0.006429531218631962,False,True
2016-03-28,2.0,0.006431746807446351,False,True
2016-03-29,1.0,0.005602976754864186,False,True
2016-03-30,1.0,0.005583443100800884,False,True
2016-03-31,2.0,0.005688345202968709,False,True
2016-04-01,1.0,0.00428058966623077,False,True
2016-04-04,1.0,0.004416373203442475,False,True
2016-04-05,1.0,0.005380328128722957,False,True
2016-04-06,2.0,0.005835486037906219,False,True
2016-04-07,2.0,0.006628151671399241,False,True
2016-04-08,2.0,0.006560389149565196,False,True
2016-04-11,2.0,0.006589921825164031,False,True
2016-04-12,2.0,0.007100472993647019,False,True
2016-04-13,3.0,0.007239795093708773,False,True
2016-04-14,3.0,0.0072297899686202625,False,True
2016-04-15,3.0,0.007258866634136465,False,True
2016-04-18,2.0,0.007108599894878203,False,True
2016-04-19,2.0,0.007075754584788036,False,True
2016-04-20,2.0,0.007014406041733741,False,True
2016-04-21,2.0,0.007077432275539183,False,True
2016-04-22,2.0,0.006993966166414576,False,True
2016-04-25,2.0,0.006297419939549824,False,True
2016-04-26,2.0,0.0057499998422401,False,True
2016-04-27,1.0,0.004388881945306674,False,True
2016-04-28,1.0,0.005281433304690437,False,True
2016-04-29,1.0,0.005442177484053089,False,True
2016-05-02,1.0,0.005231715051283162,False,True
2016-05-03,1.0,0.005056568849501918,False,True
2016-05-04,1.0,0.00524108250907398,False,True
2016-05-05,1.0,0.005246066405963733,False,True
2016-05-06,1.0,0.004942280974491505,False,True
2016-05-09,1.0,0.004822058496209695,False,True
2016-05-10,2.0,0.006074007013062089,False,True
2016-05-11,2.0,0.006433156325784826,False,True
2016-05-12,2.0,0.0064308800328437676,False,True
2016-05-13,2.0,0.006742371171649203,False,True
2016-05-16,3.0,0.007340631124390758,False,True
2016-05-17,3.0,0.007642441716117097,False,True
2016-05-18,3.0,0.007328857396563013,False,True
2016-05-19,3.0,0.007279111797322796,False,True
2016-05-20,2.0,0.007130403353638044,False,True
2016-05-23,2.0,0.0067912095966409704,False,True
2016-05-24,3.0,0.007556453022768273,False,True
2016-05-25,3.0,0.007718345838759025,False,True
2016-05-26,3.0,0.007710814065418063,False,True
2016-05-27,3.0,0.007754786577677387,False,True
2016-05-31,2.0,0.007088619082246006,False,True
2016-06-01,2.0,0.00647332934409194,False,True
2016-06-02,2.0,0.006474125779262994,False,True
2016-06-03,2.0,0.005967010936580727,False,True
2016-06-06,1.0,0.005599500155300326,False,True
2016-06-07,1.0,0.0046424592435347824,False,True
2016-06-08,1.0,0.004612272562032501,False,True
2016-06-09,1.0,0.0044345945092661284,False,True
2016-06-10,1.0,0.005313281678734897,False,True
2016-06-13,2.0,0.005848590465872855,False,True
2016-06-14,1.0,0.004635990078833522,False,True
2016-06-15,1.0,0.004192626218383352,False,True
2016-06-16,1.0,0.004312983322498467,False,True
2016-06-17,1.0,0.004149626760958546,False,True
2016-06-20,1.0,0.004523831166037706,False,True
2016-06-21,1.0,0.004585856634816308,False,True
2016-06-22,1.0,0.004502599714041984,False,True
2016-06-23,2.0,0.005780829833476613,False,True
2016-06-24,4.0,0.011319875878238954,False,True
2016-06-27,4.0,0.012004371785197875,False,True
2016-06-28,5.0,0.013211419577248234,False,True
2016-06-29,5.0,0.014231198787429771,False,True
2016-06-30,5.0,0.01457579622094876,False,True
2016-07-01,5.0,0.014385080937454702,False,True
2016-07-05,5.0,0.01451923376479286,False,True
2016-07-06,5.0,0.01455866258136914,False,True
2016-07-07,5.0,0.014552234335374014,False,True
2016-07-08,5.0,0.01499291994321954,False,True
2016-07-11,5.0,0.014959956293890755,False,True
2016-07-12,5.0,0.015022910561395288,False,True
2016-07-13,5.0,0.014995852779762689,False,True
2016-07-14,5.0,0.014692529908348979,False,True
2016-07-15,4.0,0.009837643245445596,False,True
2016-07-18,3.0,0.007468794402208396,False,True
2016-07-19,2.0,0.006841279326558781,False,True
2016-07-20,2.0,0.005815698556620718,False,True
2016-07-21,1.0,0.005320965251971333,False,True
2016-07-22,1.0,0.0053557912008543275,False,True
2016-07-25,1.0,0.004923744957145924,False,True
2016-07-26,1.0,0.004898033156468794,False,True
2016-07-27,1.0,0.004915213826132846,False,True
2016-07-28,1.0,0.003242489968752371,False,True
2016-07-29,1.0,0.0031896793529262537,False,True
2016-08-01,1.0,0.0027757235994727105,False,True
2016-08-02,1.0,0.0033499967576486956,False,True
2016-08-03,1.0,0.0031439097819846405,False,True
2016-08-04,1.0,0.0031326992975099026,False,True
2016-08-05,1.0,0.0038385274771635144,False,True
2016-08-08,1.0,0.0038203099122163537,False,True
2016-08-09,1.0,0.003669117541091274,False,True
2016-08-10,1.0,0.0036127379957230955,False,True
2016-08-11,1.0,0.0036291136138161665,False,True
2016-08-12,1.0,0.003517397911062901,False,True
2016-08-15,1.0,0.003568628331453244,False,True
2016-08-16,1.0,0.0039114142093549875,False,True
2016-08-17,1.0,0.003918342010353603,False,True
2016-08-18,1.0,0.003934945404477106,False,True
2016-08-19,1.0,0.003940912924628953,False,True
2016-08-22,1.0,0.00344289961625427,False,True
2016-08-23,1.0,0.0033967884572783744,False,True
2016-08-24,1.0,0.0037592763292907424,False,True
2016-08-25,1.0,0.0029413055531061945,False,True
2016-08-26,1.0,0.002956718699949472,False,True
2016-08-29,1.0,0.0033140645431385574,False,True
2016-08-30,1.0,0.0032627906475636613,False,True
2016-08-31,1.0,0.0030183278291565324,False,True
2016-09-01,1.0,0.0030191121626789294,False,True
2016-09-02,1.0,0.0031545501277846486,False,True
2016-09-06,1.0,0.0028896418730249705,False,True
2016-09-07,1.0,0.002854079629806607,False,True
2016-09-08,1.0,0.002852295382273709,False,True
2016-09-09,3.0,0.007191269507345916,False,True
2016-09-12,3.0,0.008431300044817467,False,True
2016-09-13,3.0,0.009185977551761787,False,True
2016-09-14,3.0,0.009142716574921628,False,True
2016-09-15,4.0,0.009664928556081665,False,True
2016-09-16,4.0,0.009695818303185687,False,True
2016-09-19,4.0,0.009537777674696825,False,True
2016-09-20,4.0,0.009546063114736629,False,True
2016-09-21,4.0,0.010062269576852561,False,True
2016-09-22,4.0,0.010222681782209855,False,True
2016-09-23,4.0,0.010269942449920947,False,True
2016-09-26,4.0,0.01043432024435224,False,True
2016-09-27,4.0,0.010637479279281834,False,True
2016-09-28,4.0,0.010752104364106885,False,True
2016-09-29,3.0,0.008625500016175817,False,True
2016-09-30,3.0,0.007966597768132161,False,True
2016-10-03,2.0,0.006768849360155938,False,True
2016-10-04,2.0,0.00695349454364305,False,True
2016-10-05,2.0,0.006521713872234603,False,True
2016-10-06,2.0,0.006409440102057449,False,True
2016-10-07,2.0,0.006495999255537154,False,True
2016-10-10,2.0,0.006587300567799731,False,True
2016-10-11,2.0,0.006800009756969902,False,True
2016-10-12,2.0,0.006498980839074423,False,True
2016-10-13,2.0,0.0063957632988902845,False,True
2016-10-14,2.0,0.006017441338585825,False,True
2016-10-17,2.0,0.005711175861023129,False,True
2016-10-18,2.0,0.005789258265826612,False,True
2016-10-19,1.0,0.00531748699944305,False,True
2016-10-20,1.0,0.0047721974165362896,False,True
2016-10-21,1.0,0.004726018068374552,False,True
2016-10-24,1.0,0.004758156927061165,False,True
2016-10-25,1.0,0.004691971433073854,False,True
2016-10-26,1.0,0.004691997032610002,False,True
2016-10-27,1.0,0.004681343729934962,False,True
2016-10-28,1.0,0.0044599921055153684,False,True
2016-10-31,1.0,0.003057417265967287,False,True
2016-11-01,1.0,0.0034687801937466883,False,True
2016-11-02,1.0,0.0037462504877405047,False,True
2016-11-03,1.0,0.003819903031966811,True,True
2016-11-04,1.0,0.00379477762477402,False,True
2016-11-07,2.0,0.007120368231310411,False,True
2016-11-08,2.0,0.007174472208738604,False,True
2016-11-09,3.0,0.007753653225457643,False,True
2016-11-10,3.0,0.00775632070601003,False,True
2016-11-11,3.0,0.007694207975736295,False,True
2016-11-14,3.0,0.007600453890141659,False,True
2016-11-15,3.0,0.007768824566870271,False,True
2016-11-16,3.0,0.007717190215996361,False,True
2016-11-17,3.0,0.007642645615061022,False,True
2016-11-18,3.0,0.00771500502834665,False,True
2016-11-21,3.0,0.007418797223685791,False,True
2016-11-22,2.0,0.0069169266515609175,False,True
2016-11-23,2.0,0.00658928701376364,False,True
2016-11-25,2.0,0.006394963526949786,False,True
2016-11-28,1.0,0.004432740051911981,False,True
2016-11-29,1.0,0.0044191421378453,False,True
2016-11-30,1.0,0.0037700376068839627,False,True
2016-12-01,1.0,0.003961127122715901,False,True
2016-12-02,1.0,0.003914163198588264,False,True
2016-12-05,1.0,0.00411064535053111,False,True
2016-12-06,1.0,0.0037751010127709517,False,True
2016-12-07,1.0,0.004867960405092184,False,True
2016-12-08,1.0,0.0048114208713056494,False,True
2016-12-09,1.0,0.0047533372269939885,False,True
2016-12-12,1.0,0.004618714457129976,False,True
2016-12-13,1.0,0.004782663154602903,False,True
2016-12-14,1.0,0.005524403498896843,False,True
2016-12-15,1.0,0.005523393766349102,False,True
2016-12-16,1.0,0.005263117419597372,False,True
2016-12-19,1.0,0.005261491382498287,False,True
2016-12-20,1.0,0.005113395672180484,False,True
2016-12-21,1.0,0.005027594763861499,False,True
2016-12-22,1.0,0.005131331656212721,False,True
2016-12-23,1.0,0.005029558153779775,False,True
2016-12-27,1.0,0.005012189013670609,False,True
2016-12-28,1.0,0.004562521890122656,False,True
2016-12-29,1.0,0.004531566331876878,False,True
2016-12-30,1.0,0.004364000096507845,False,True
2017-01-03,1.0,0.004990284822496998,False,True
2017-01-04,1.0,0.004913116181600169,False,True
2017-01-05,1.0,0.0043370578241435035,False,True
2017-01-06,1.0,0.00431623381021619,False,True
2017-01-09,1.0,0.004413441045800473,False,True
2017-01-10,1.0,0.00438877223691262,False,True
2017-01-11,1.0,0.0043454221357898445,False,True
2017-01-12,1.0,0.004331768317063799,False,True
2017-01-13,1.0,0.004311508444560334,False,True
2017-01-17,1.0,0.004396599314918053,False,True
2017-01-18,1.0,0.004380559627364219,False,True
2017-01-19,1.0,0.0038187986549820287,False,True
2017-01-20,1.0,0.0038893419747401633,False,True
2017-01-23,1.0,0.0037138889853555,False,True
2017-01-24,1.0,0.003437765383130791,False,True
2017-01-25,1.0,0.0037355458653912012,False,True
2017-01-26,1.0,0.003734369019296266,False,True
2017-01-27,1.0,0.0036787487636764102,False,True
2017-01-30,1.0,0.003941174652645393,False,True
2017-01-31,1.0,0.003954880834250328,False,True
2017-02-01,1.0,0.0038885001868417023,False,True
2017-02-02,1.0,0.0038333780785619167,False,True
2017-02-03,1.0,0.004246395478535878,False,True
2017-02-06,1.0,0.0041952170830532615,False,True
2017-02-07,1.0,0.004187424689076988,False,True
2017-02-08,1.0,0.0040030173540856724,False,True
2017-02-09,1.0,0.0041593914424439245,False,True
2017-02-10,1.0,0.0040502958841646935,False,True
2017-02-13,1.0,0.0039405706534275334,False,True
2017-02-14,1.0,0.00355990916052811,False,True
2017-02-15,1.0,0.0036465059865166283,False,True
2017-02-16,1.0,0.003646383039834122,False,True
2017-02-17,1.0,0.0029112012746582566,False,True
2017-02-21,1.0,0.0029395106697222336,False,True
2017-02-22,1.0,0.0030461550526815636,False,True
2017-02-23,1.0,0.0030540234250011826,False,True
2017-02-24,1.0,0.002746352118265739,False,True
2017-02-27,1.0,0.0024880278050180807,False,True
2017-02-28,1.0,0.0027708707571662073,False,True
2017-03-01,1.0,0.004077282520508862,False,True
2017-03-02,1.0,0.004639142615296164,False,True
2017-03-03,1.0,0.0046449647742152905,False,True
2017-03-06,1.0,0.004750744453265452,False,True
2017-03-07,1.0,0.004822053374539579,False,True
2017-03-08,1.0,0.004743660612843868,False,True
2017-03-09,1.0,0.004729929074389061,False,True
2017-03-10,1.0,0.0047781414462706555,False,True
2017-03-13,1.0,0.004520269064322898,False,True
2017-03-14,1.0,0.0046131521095629565,False,True
2017-03-15,1.0,0.005116286334670044,False,True
2017-03-16,1.0,0.005144436422942055,False,True
2017-03-17,1.0,0.005161426409937824,False,True
2017-03-20,1.0,0.005139531250420745,False,True
2017-03-21,1.0,0.004655464835745898,False,True
2017-03-22,1.0,0.004563933706513618,False,True
2017-03-23,1.0,0.00454310246290975,False,True
2017-03-24,1.0,0.00450046186928945,False,True
2017-03-27,1.0,0.00446502788441876,False,True
2017-03-28,1.0,0.004923655236160208,False,True
2017-03-29,1.0,0.0049283994245108214,False,True
2017-03-30,1.0,0.0049116482331860315,False,True
2017-03-31,1.0,0.004940945141493105,False,True
2017-04-03,1.0,0.0048795124167126435,False,True
2017-04-04,1.0,0.004232205824726311,False,True
2017-04-05,1.0,0.004272009949271678,False,True
2017-04-06,1.0,0.004332789013744021,False,True
2017-04-07,1.0,0.0043151788394344736,False,True
2017-04-10,1.0,0.0026095640770849846,False,True
2017-04-11,1.0,0.0026148495308003896,False,True
2017-04-12,1.0,0.0028052866475013695,False,True
2017-04-13,1.0,0.0033444418995879055,False,True
2017-04-17,1.0,0.004115307205634489,False,True
2017-04-18,1.0,0.0036549184242890055,False,True
2017-04-19,1.0,0.003638285751869884,False,True
2017-04-20,1.0,0.004161037980320586,False,True
2017-04-21,1.0,0.004193459374603734,False,True
2017-04-24,1.0,0.005126817025320284,False,True
2017-04-25,1.0,0.005342056393217117,False,True
2017-04-26,1.0,0.005240265050084362,False,True
2017-04-27,1.0,0.005235225181793016,False,True
2017-04-28,1.0,0.005271434826907709,False,True
2017-05-01,1.0,0.005276122470123371,False,True
2017-05-02,1.0,0.005231749832098342,False,True
2017-05-03,1.0,0.005092919987889597,False,True
2017-05-04,1.0,0.004536087531008984,False,True
2017-05-05,1.0,0.004166070824435626,False,True
2017-05-08,1.0,0.003996606347850794,False,True
2017-05-09,1.0,0.00395483432410177,False,True
2017-05-10,1.0,0.0035914727869052142,False,True
2017-05-11,1.0,0.003516722949625256,False,True
2017-05-12,1.0,0.00231668838085448,False,True
2017-05-15,1.0,0.002090217064328083,False,True
2017-05-16,1.0,0.0020975246594011356,False,True
2017-05-17,1.0,0.005426738330089445,False,True
2017-05-18,2.0,0.005555138604530566,False,True
2017-05-19,2.0,0.005866774337398566,False,True
2017-05-22,2.0,0.006031782596754247,False,True
2017-05-23,2.0,0.006035187104719207,False,True
2017-05-24,2.0,0.006063246689564488,False,True
2017-05-25,2.0,0.0060801834172040355,False,True
2017-05-26,2.0,0.006079133061144244,False,True
2017-05-30,2.0,0.006082760593371859,False,True
2017-05-31,2.0,0.006084433139119027,False,True
2017-06-01,2.0,0.006322851822748313,False,True
2017-06-02,2.0,0.00631470995042806,False,True
2017-06-05,2.0,0.006273592163084052,False,True
2017-06-06,2.0,0.006341516275107013,False,True
2017-06-07,1.0,0.0031207842108011523,False,True
2017-06-08,1.0,0.0031354310770773343,False,True
2017-06-09,1.0,0.0029035719504992507,False,True
2017-06-12,1.0,0.0027677273004687057,False,True
2017-06-13,1.0,0.002913937139456565,False,True
2017-06-14,1.0,0.002947639102355853,False,True
2017-06-15,1.0,0.0028870745871944024,False,True
2017-06-16,1.0,0.002887228315464759,False,True
2017-06-19,1.0,0.003506318673635895,False,True
2017-06-20,1.0,0.0040843461527498275,False,True
2017-06-21,1.0,0.003591414654494229,False,True
2017-06-22,1.0,0.0034452780765171225,False,True
2017-06-23,1.0,0.0034579942459762626,False,True
2017-06-26,1.0,0.0033594885506350804,False,True
2017-06-27,1.0,0.004007793216477952,False,True
2017-06-28,1.0,0.004701628070351863,False,True
2017-06-29,1.0,0.005262969483895427,False,True
2017-06-30,1.0,0.005282831075713847,False,True
2017-07-03,1.0,0.0051646550946962905,False,True
2017-07-05,1.0,0.005181883371147587,False,True
2017-07-06,2.0,0.005729250794620276,False,True
2017-07-07,2.0,0.006031267680797937,False,True
2017-07-10,2.0,0.005528207459460274,False,True
2017-07-11,1.0,0.005257142785313591,False,True
2017-07-12,2.0,0.005635263601445103,False,True
2017-07-13,2.0,0.00564801512749023,False,True
2017-07-14,2.0,0.005757270061162571,False,True
2017-07-17,2.0,0.005759570380158445,False,True
2017-07-18,1.0,0.0051909823221268775,False,True
2017-07-19,1.0,0.004879409093404315,False,True
2017-07-20,1.0,0.004052049989071446,False,True
2017-07-21,1.0,0.004085077139903452,False,True
2017-07-24,1.0,0.0041287393322879794,False,True
2017-07-25,1.0,0.00415435927921941,False,True
2017-07-26,1.0,0.002827944107042362,False,True
2017-07-27,1.0,0.0026250886627940933,False,True
2017-07-28,1.0,0.0027288309354203794,False,True
2017-07-31,1.0,0.0027256596593062,False,True
2017-08-01,1.0,0.0021579524753420477,False,True
2017-08-02,1.0,0.002144587602550764,False,True
2017-08-03,1.0,0.0019863776204056324,False,True
2017-08-04,1.0,0.002021715800264326,False,True
2017-08-07,1.0,0.0020444136884543575,False,True
2017-08-08,1.0,0.0016704594190696126,False,True
2017-08-09,1.0,0.001673190387746838,False,True
2017-08-10,1.0,0.004250627616031793,False,True
2017-08-11,1.0,0.004293603213884956,False,True
2017-08-14,1.0,0.00510806574003311,False,True
2017-08-15,1.0,0.005105169060065708,False,True
2017-08-16,1.0,0.0051238657376449104,False,True
2017-08-17,2.0,0.006569699143107174,False,True
2017-08-18,2.0,0.00656991357872925,False,True
2017-08-21,2.0,0.00652229395367395,False,True
2017-08-22,3.0,0.0071821795956180925,False,True
2017-08-23,3.0,0.007210102795341987,False,True
2017-08-24,3.0,0.007173468669878753,False,True
2017-08-25,3.0,0.0071742265465622275,False,True
2017-08-28,3.0,0.007175145507200783,False,True
2017-08-29,3.0,0.007189191455118553,False,True
2017-08-30,2.0,0.006108685746271217,False,True
2017-08-31,2.0,0.006261081383665522,False,True
2017-09-01,2.0,0.005705678546601074,False,True
2017-09-05,2.0,0.006084115710550326,False,True
2017-09-06,2.0,0.006135770921903237,False,True
2017-09-07,1.0,0.004231895245762587,False,True
2017-09-08,1.0,0.004214826364187359,False,True
2017-09-11,1.0,0.004953895926450835,False,True
2017-09-12,1.0,0.004403677203899114,False,True
2017-09-13,1.0,0.0041946089280204294,False,True
2017-09-14,1.0,0.004137083995298757,False,True
2017-09-15,1.0,0.004137446852597066,False,True
2017-09-18,1.0,0.004124538644890565,False,True
2017-09-19,1.0,0.004120774838625606,False,True
2017-09-20,1.0,0.004044440771153935,False,True
2017-09-21,1.0,0.00401392031402079,False,True
2017-09-22,1.0,0.00400036044342111,False,True
2017-09-25,1.0,0.0033466526638057047,False,True
2017-09-26,1.0,0.003305155747678748,False,True
2017-09-27,1.0,0.0033927443800213226,False,True
2017-09-28,1.0,0.0033033548086194645,False,True
2017-09-29,1.0,0.0020665450425847824,False,True
2017-10-02,1.0,0.0021170561051761703,False,True
2017-10-03,1.0,0.0021412703917880003,False,True
2017-10-04,1.0,0.002051759222460538,False,True
2017-10-05,1.0,0.002368921991503368,False,True
2017-10-06,1.0,0.0024643344994403106,False,True
2017-10-09,1.0,0.0025997963103508983,False,True
2017-10-10,1.0,0.0026166871676929944,False,True
2017-10-11,1.0,0.0023146760342305276,False,True
2017-10-12,1.0,0.002463642357027004,False,True
2017-10-13,1.0,0.0022445506327175113,False,True
2017-10-16,1.0,0.0022011452794213912,False,True
2017-10-17,1.0,0.0021065895640866037,False,True
2017-10-18,1.0,0.002114767068923636,False,True
2017-10-19,1.0,0.0020282692804030975,False,True
2017-10-20,1.0,0.002174969495289417,False,True
2017-10-23,1.0,0.002569528007128729,False,True
2017-10-24,1.0,0.002575805393379727,False,True
2017-10-25,1.0,0.0025855092970552217,False,True
2017-10-26,1.0,0.0025765801760940137,False,True
2017-10-27,1.0,0.0032186131292073813,False,True
2017-10-30,1.0,0.003380012316665327,False,True
2017-10-31,1.0,0.003364654215891309,False,True
2017-11-01,1.0,0.003309993165985097,False,True
2017-11-02,1.0,0.0033137195934235418,False,True
2017-11-03,1.0,0.003364162341054158,False,True
2017-11-06,1.0,0.0033656876700934165,False,True
2017-11-07,1.0,0.0033778279444602417,False,True
2017-11-08,1.0,0.003378609314012559,False,True
2017-11-09,1.0,0.003360381273300251,False,True
2017-11-10,1.0,0.003155901756622804,False,True
2017-11-13,1.0,0.003142877579547532,False,True
2017-11-14,1.0,0.002901662824052225,False,True
2017-11-15,1.0,0.0033219663432653614,False,True
2017-11-16,1.0,0.0033444408458488148,False,True
2017-11-17,1.0,0.003304209392571078,False,True
2017-11-20,1.0,0.0033113702235615388,False,True
2017-11-21,1.0,0.003709766480768882,False,True
2017-11-22,1.0,0.003725128033292745,False,True
2017-11-24,1.0,0.0036790724955459474,False,True
2017-11-27,1.0,0.003675581314181011,False,True
2017-11-28,1.0,0.004462283005576233,False,True
2017-11-29,1.0,0.004474611774897291,False,True
2017-11-30,1.0,0.004655708400410631,False,True
2017-12-01,1.0,0.0047139139170289815,False,True
2017-12-04,1.0,0.004766791112981846,False,True
2017-12-05,1.0,0.004869167060951617,False,True
2017-12-06,1.0,0.00447494931088899,False,True
2017-12-07,1.0,0.004103767387213965,False,True
2017-12-08,1.0,0.004063459043657194,False,True
2017-12-11,1.0,0.0040701042574696885,False,True
2017-12-12,1.0,0.0038687581673202444,False,True
2017-12-13,1.0,0.003855559442320719,False,True
2017-12-14,1.0,0.004159285730521776,False,True
2017-12-15,1.0,0.004584578032389677,False,True
2017-12-18,1.0,0.004135344454908501,False,True
2017-12-19,1.0,0.004312601771051799,False,True
2017-12-20,1.0,0.0038923234470003933,False,True
2017-12-21,1.0,0.00381111111985011,False,True
2017-12-22,1.0,0.003788095073070865,False,True
2017-12-26,1.0,0.0035818219739440177,False,True
2017-12-27,1.0,0.003561083038037315,False,True
2017-12-28,1.0,0.003537704129286871,False,True
2017-12-29,1.0,0.0037250664128248125,False,True
2018-01-02,1.0,0.004212549968196592,False,True
2018-01-03,1.0,0.004455623670842344,False,True
2018-01-04,1.0,0.004479820353796971,False,True
2018-01-05,1.0,0.004373360568840725,False,True
2018-01-08,1.0,0.003950738045783218,False,True
2018-01-09,1.0,0.0038245716719707847,False,True
2018-01-10,1.0,0.0036562926193595565,False,True
2018-01-11,1.0,0.0038261246365349426,False,True
2018-01-12,1.0,0.004000435476534319,False,True
2018-01-16,1.0,0.004260215458169116,False,True
2018-01-17,1.0,0.004506898879063275,False,True
2018-01-18,1.0,0.004648868605341898,False,True
2018-01-19,1.0,0.004649056379454516,False,True
2018-01-22,1.0,0.0041286715556041065,False,True
2018-01-23,1.0,0.003977916991940954,False,True
2018-01-24,1.0,0.0040501139034791606,False,True
2018-01-25,1.0,0.0040998447387855085,False,True
2018-01-26,1.0,0.004625524736792816,False,True
2018-01-29,2.0,0.005345733861422347,False,True
2018-01-30,2.0,0.006476863516947725,False,True
2018-01-31,2.0,0.0064350179594504795,False,True
2018-02-01,2.0,0.006294724216823507,False,True
2018-02-02,3.0,0.008553341206764651,False,True
2018-02-05,5.0,0.013969743675475047,True,True
2018-02-06,5.0,0.014667714839757403,False,True
2018-02-07,5.0,0.014674890692947827,False,True
2018-02-08,5.0,0.01722168517200042,True,True
2018-02-09,5.0,0.01773773585770263,False,True
2018-02-12,5.0,0.01839108927190362,False,True
2018-02-13,5.0,0.01846616024597988,False,True
2018-02-14,5.0,0.019041758163192275,False,True
2018-02-15,5.0,0.0190558594866738,False,True
2018-02-16,5.0,0.019060662314261713,False,True
2018-02-20,5.0,0.018947374692875944,False,True
2018-02-21,5.0,0.018936612845966667,False,True
2018-02-22,5.0,0.018958149648260886,False,True
2018-02-23,5.0,0.018798452450742003,False,True
2018-02-26,5.0,0.01471856610913254,False,True
2018-02-27,5.0,0.0147364340149228,False,True
2018-02-28,5.0,0.015027230655747124,False,True
2018-03-01,4.0,0.010973367725719305,False,True
2018-03-02,4.0,0.010435421448503573,False,True
2018-03-05,4.0,0.010211226624080312,False,True
2018-03-06,4.0,0.010211401194536536,False,True
2018-03-07,4.0,0.00965799113855864,False,True
2018-03-08,3.0,0.009180374151888786,False,True
2018-03-09,4.0,0.010247748351848383,False,True
2018-03-12,4.0,0.010069438504796567,False,True
2018-03-13,4.0,0.010120290949583782,False,True
2018-03-14,4.0,0.010313202774230465,False,True
2018-03-15,4.0,0.009406939616881538,False,True
2018-03-16,3.0,0.008812342576646877,False,True
2018-03-19,3.0,0.00898006526429628,False,True
2018-03-20,3.0,0.00848246124875217,False,True
2018-03-21,3.0,0.007582360169740225,False,True
2018-03-22,4.0,0.010228631703107413,False,True
2018-03-23,4.0,0.010859070488146296,True,True
2018-03-26,5.0,0.013515885398780096,False,True
2018-03-27,5.0,0.014129277815012357,False,True
2018-03-28,5.0,0.013964324202131242,False,True
2018-03-29,5.0,0.01358403541294108,False,True
2018-04-02,5.0,0.014442364993400642,False,True
2018-04-03,5.0,0.015204139437007732,False,True
2018-04-04,5.0,0.01574163948414171,False,True
2018-04-05,5.0,0.015946340733890653,False,True
2018-04-06,5.0,0.016749009334337088,False,True
2018-04-09,5.0,0.016571359707640548,False,True
2018-04-10,5.0,0.01733710002643397,False,True
2018-04-11,5.0,0.017369272993453727,False,True
2018-04-12,5.0,0.01613484176741915,False,True
2018-04-13,5.0,0.01493515397749455,False,True
2018-04-16,5.0,0.013276290005404166,False,True
2018-04-17,4.0,0.012450066785188174,False,True
2018-04-18,4.0,0.012364052457313316,False,True
2018-04-19,4.0,0.012135613835801608,False,True
2018-04-20,4.0,0.0104676638510475,False,True
2018-04-23,4.0,0.010061694942369743,False,True
2018-04-24,4.0,0.01036321913943132,False,True
2018-04-25,4.0,0.010183738804914834,False,True
2018-04-26,3.0,0.00845880119833163,False,True
2018-04-27,3.0,0.008446525346686991,False,True
2018-04-30,3.0,0.007605950485398897,False,True
2018-05-01,3.0,0.007478218336177949,False,True
2018-05-02,3.0,0.007365474347483364,False,True
2018-05-03,3.0,0.007353317784227619,False,True
2018-05-04,3.0,0.007868553842822524,False,True
2018-05-07,3.0,0.007312581549406433,False,True
2018-05-08,3.0,0.007298511333149353,False,True
2018-05-09,3.0,0.007673380062034798,False,True
2018-05-10,3.0,0.007603823424442188,False,True
2018-05-11,3.0,0.007594139467879371,False,True
2018-05-14,2.0,0.006267661024423639,False,True
2018-05-15,2.0,0.006755848311229262,False,True
2018-05-16,2.0,0.0063457983483337895,False,True
2018-05-17,2.0,0.006376113935949248,False,True
2018-05-18,2.0,0.005888539537579368,False,True
2018-05-21,2.0,0.006077354567842148,False,True
2018-05-22,2.0,0.005680890934292278,False,True
2018-05-23,2.0,0.005524671145511775,False,True
2018-05-24,1.0,0.004841365992905627,False,True
2018-05-25,1.0,0.004928442188388521,False,True
2018-05-29,2.0,0.006019711099951584,False,True
2018-05-30,2.0,0.006408594683033337,False,True
2018-05-31,2.0,0.006190463956821417,False,True
2018-06-01,2.0,0.006874314806469438,False,True
2018-06-04,2.0,0.00696869287020204,False,True
2018-06-05,2.0,0.006644667651404799,False,True
2018-06-06,2.0,0.0069067416634153575,False,True
2018-06-07,2.0,0.006903444217688444,False,True
2018-06-08,2.0,0.0068214836960269224,False,True
2018-06-11,2.0,0.006625690075720652,False,True
2018-06-12,2.0,0.006503088440039374,False,True
2018-06-13,2.0,0.0066523160961501045,False,True
2018-06-14,2.0,0.006598218326693439,False,True
2018-06-15,2.0,0.00654864609396114,False,True
2018-06-18,2.0,0.005487721176545522,False,True
2018-06-19,1.0,0.004818477225262765,False,True
2018-06-20,1.0,0.004247120454223014,False,True
2018-06-21,1.0,0.0038543898883701255,False,True
2018-06-22,1.0,0.0037022551275608944,False,True
2018-06-25,1.0,0.005259829262120009,False,True
2018-06-26,1.0,0.004627432543262213,False,True
2018-06-27,1.0,0.005020983969798427,False,True
2018-06-28,1.0,0.005309666831883465,False,True
2018-06-29,1.0,0.005298180071555216,False,True
2018-07-02,2.0,0.00537452467594766,False,True
2018-07-03,2.0,0.005412870865073174,False,True
2018-07-05,2.0,0.005985075248178417,False,True
2018-07-06,2.0,0.006516523261345544,False,True
2018-07-09,2.0,0.00694672284680124,False,True
2018-07-10,2.0,0.006878482922226748,False,True
2018-07-11,3.0,0.007186827273293332,False,True
2018-07-12,3.0,0.007260910323025953,False,True
2018-07-13,3.0,0.007258859065543632,False,True
2018-07-16,2.0,0.005901956363444392,False,True
2018-07-17,2.0,0.005922918559106016,False,True
2018-07-18,1.0,0.005034198890192218,False,True
2018-07-19,1.0,0.005267554053444416,False,True
2018-07-20,2.0,0.005324983314237896,False,True
2018-07-23,2.0,0.005319067391070992,False,True
2018-07-24,1.0,0.004952592980071154,False,True
2018-07-25,1.0,0.004997085856894462,False,True
2018-07-26,1.0,0.004941447020313565,False,True
2018-07-27,1.0,0.005020269361536833,False,True
2018-07-30,1.0,0.005256116091083613,False,True
2018-07-31,1.0,0.004934723716480141,False,True
2018-08-01,1.0,0.004438007650410261,False,True
2018-08-02,1.0,0.004599667343222943,False,True
2018-08-03,1.0,0.004688068095482012,False,True
2018-08-06,1.0,0.0046687916059813496,False,True
2018-08-07,1.0,0.004684411988943973,False,True
2018-08-08,1.0,0.00447811423055096,False,True
2018-08-09,1.0,0.004499445418613902,False,True
2018-08-10,1.0,0.005026814114182034,False,True
2018-08-13,1.0,0.005023411882325803,False,True
2018-08-14,1.0,0.00469216649350803,False,True
2018-08-15,1.0,0.005055901805175774,False,True
2018-08-16,1.0,0.005189979901090917,False,True
2018-08-17,1.0,0.004898483497381187,False,True
2018-08-20,1.0,0.00480004704216717,False,True
2018-08-21,1.0,0.004768843438249943,False,True
2018-08-22,1.0,0.004664923870082503,False,True
2018-08-23,1.0,0.004577794057539495,False,True
2018-08-24,1.0,0.004767159880686038,False,True
2018-08-27,1.0,0.005101771538582411,False,True
2018-08-28,1.0,0.005094021751904104,False,True
2018-08-29,1.0,0.005187693324456455,False,True
2018-08-30,1.0,0.004883242402496772,False,True
2018-08-31,1.0,0.004629753125031814,False,True
2018-09-04,1.0,0.0045413769467605985,False,True
2018-09-05,1.0,0.003946345686198442,False,True
2018-09-06,1.0,0.0037693046671443556,False,True
2018-09-07,1.0,0.003790111452505624,False,True
2018-09-10,1.0,0.0037724459257243853,False,True
2018-09-11,1.0,0.0038511348995345254,False,True
2018-09-12,1.0,0.0038410643025812916,False,True
2018-09-13,1.0,0.003959951409955041,False,True
2018-09-14,1.0,0.00369067287453081,False,True
2018-09-17,1.0,0.003477307911825494,False,True
2018-09-18,1.0,0.0037819237771725663,False,True
2018-09-19,1.0,0.0034559175610044523,False,True
2018-09-20,1.0,0.003817843808319282,False,True
2018-09-21,1.0,0.0038261936009606943,False,True
2018-09-24,1.0,0.003944854861655105,False,True
2018-09-25,1.0,0.003866016742056052,False,True
2018-09-26,1.0,0.0038357929541918165,False,True
2018-09-27,1.0,0.003775916305784302,False,True
2018-09-28,1.0,0.003777173085224359,False,True
2018-10-01,1.0,0.0037716032410031793,False,True
2018-10-02,1.0,0.003785333191709561,False,True
2018-10-03,1.0,0.0035655553052653215,False,True
2018-10-04,1.0,0.004262665068138151,False,True
2018-10-05,1.0,0.004258509768893157,False,True
2018-10-08,1.0,0.00396093644675101,False,True
2018-10-09,1.0,0.003934764414239936,False,True
2018-10-10,3.0,0.009111880824377359,True,True
2018-10-11,4.0,0.010127890004858116,False,True
2018-10-12,4.0,0.011358209669807736,False,True
2018-10-15,4.0,0.011346442252228065,False,True
2018-10-16,5.0,0.013232076288710605,False,True
2018-10-17,5.0,0.01316603953600526,False,True
2018-10-18,5.0,0.013510175944690998,False,True
2018-10-19,5.0,0.01338606448046768,False,True
2018-10-22,5.0,0.013347268252621556,False,True
2018-10-23,5.0,0.01327405928541533,False,True
2018-10-24,5.0,0.015069369800404395,True,True
2018-10-25,5.0,0.016464103779815803,False,True
2018-10-26,5.0,0.016758896235038602,False,True
2018-10-29,5.0,0.01671131351803177,True,True
2018-10-30,5.0,0.01566567171479528,False,True
2018-10-31,5.0,0.015123989276890817,False,True
2018-11-01,5.0,0.01488622770351247,False,True
2018-11-02,5.0,0.014897826371369889,False,True
2018-11-05,5.0,0.013654775735265646,False,True
2018-11-06,5.0,0.013822198667918355,False,True
2018-11-07,5.0,0.014470164250065929,False,True
2018-11-08,5.0,0.014498882528008948,False,True
2018-11-09,5.0,0.014696427195576865,False,True
2018-11-12,5.0,0.01563299397632085,False,True
2018-11-13,5.0,0.01287595186788766,False,True
2018-11-14,4.0,0.012138347600192907,False,True
2018-11-15,4.0,0.0113367385683491,False,True
2018-11-16,4.0,0.011071422421189712,False,True
2018-11-19,4.0,0.011509483390136695,False,True
2018-11-20,4.0,0.012067616847576648,False,True
2018-11-21,4.0,0.011636423613849508,False,True
2018-11-23,4.0,0.011642840621489289,False,True
2018-11-26,4.0,0.01243181961461389,False,True
2018-11-27,4.0,0.012309997780415752,False,True
2018-11-28,5.0,0.012563304934576393,False,True
2018-11-29,5.0,0.012562188187519988,False,True
2018-11-30,5.0,0.01262650763493062,False,True
2018-12-03,4.0,0.01163700018991545,False,True
2018-12-04,5.0,0.014870121703004554,False,True
2018-12-06,5.0,0.014737783582860518,False,True
2018-12-07,5.0,0.015630266592513903,False,True
2018-12-10,5.0,0.015619856921162007,False,True
2018-12-11,5.0,0.015081816602626119,False,True
2018-12-12,5.0,0.014355651644419761,False,True
2018-12-13,5.0,0.014333295586734613,False,True
2018-12-14,5.0,0.015160171152446769,False,True
2018-12-17,5.0,0.01527044379814403,False,True
2018-12-18,5.0,0.015185971716693858,False,True
2018-12-19,5.0,0.013399710697603692,True,True
2018-12-20,5.0,0.013564330540384322,False,True
2018-12-21,5.0,0.013210451210104527,False,True
2018-12-24,5.0,0.012624979630113352,False,True
2018-12-26,5.0,0.0193149175583503,False,True
2018-12-27,5.0,0.01969422383953582,False,True
2018-12-28,5.0,0.019027411557541736,False,True
2018-12-31,5.0,0.019269039629652873,False,True
2019-01-02,5.0,0.01929516657407965,False,True
2019-01-03,5.0,0.01991976812124349,False,True
2019-01-04,5.0,0.022536256031086378,False,True
2019-01-07,5.0,0.02219211310318842,False,True
2019-01-08,5.0,0.021614048540699676,False,True
2019-01-09,5.0,0.0216304374345127,False,True
2019-01-10,5.0,0.021104282247010282,False,True
2019-01-11,5.0,0.020457365042278228,False,True
2019-01-14,5.0,0.01942520273416538,False,True
2019-01-15,5.0,0.017091606996654515,False,True
2019-01-16,4.0,0.012395103899798735,False,True
2019-01-17,4.0,0.01237171678899114,False,True
2019-01-18,4.0,0.012488203052105582,False,True
2019-01-22,5.0,0.013460082053916415,False,True
2019-01-23,5.0,0.013450464837305384,False,True
2019-01-24,4.0,0.010693529521646606,False,True
2019-01-25,3.0,0.007065127887568167,False,True
2019-01-28,3.0,0.007620561346862565,False,True
2019-01-29,3.0,0.00740427362737044,False,True
2019-01-30,3.0,0.00824671482684475,False,True
2019-01-31,3.0,0.008388480615175387,False,True
2019-02-01,3.0,0.00836394490706387,False,True
2019-02-04,3.0,0.008064457238208521,False,True
2019-02-05,3.0,0.007829717437389874,False,True
2019-02-06,3.0,0.007970369478969635,False,True
2019-02-07,3.0,0.008508764332539047,False,True
2019-02-08,3.0,0.00787235248749668,False,True
2019-02-11,2.0,0.006547487041402921,False,True
2019-02-12,3.0,0.007151340192311219,False,True
2019-02-13,3.0,0.007139377400640513,False,True
2019-02-14,3.0,0.007095670832884649,False,True
2019-02-15,2.0,0.006819756369911622,False,True
2019-02-19,2.0,0.0067000849875464685,False,True
2019-02-20,2.0,0.005791040014043933,False,True
2019-02-21,2.0,0.005752924939358385,False,True
2019-02-22,2.0,0.00586944519863466,False,True
2019-02-25,2.0,0.005726463113530835,False,True
2019-02-26,2.0,0.005703871107254716,False,True
2019-02-27,2.0,0.0056377428261980235,False,True
2019-02-28,1.0,0.004875969817579088,False,True
2019-03-01,1.0,0.0050215343093268205,False,True
2019-03-04,2.0,0.005289648627753882,False,True
2019-03-05,1.0,0.004360607996655524,False,True
2019-03-06,1.0,0.004776277396571588,False,True
2019-03-07,1.0,0.005256235252153354,False,True
2019-03-08,1.0,0.004268081654179577,False,True
2019-03-11,2.0,0.005924939674105493,False,True
2019-03-12,2.0,0.005958807394248199,False,True
2019-03-13,2.0,0.006111857448976549,False,True
2019-03-14,2.0,0.005917017939502571,False,True
2019-03-15,2.0,0.006040487947942697,False,True
2019-03-18,2.0,0.006076023357267152,False,True
2019-03-19,2.0,0.006068984788883762,False,True
2019-03-20,2.0,0.006074882063073307,False,True
2019-03-21,2.0,0.0064450704625686065,False,True
2019-03-22,3.0,0.008388116502767665,False,True
2019-03-25,3.0,0.00838489912931981,False,True
2019-03-26,3.0,0.008333672630109383,False,True
2019-03-27,3.0,0.008079689099646502,False,True
2019-03-28,3.0,0.008028837511108233,False,True
2019-03-29,3.0,0.0073163229517591,False,True
2019-04-01,3.0,0.007805423798081204,False,True
2019-04-02,3.0,0.007681364794979896,False,True
2019-04-03,3.0,0.007654576967567476,False,True
2019-04-04,3.0,0.007596316219811178,False,True
2019-04-05,3.0,0.007621641014303973,False,True
2019-04-08,3.0,0.007608843540055968,False,True
2019-04-09,3.0,0.007796249757538005,False,True
2019-04-10,3.0,0.007346760070762299,False,True
2019-04-11,1.0,0.004612232535807984,False,True
2019-04-12,1.0,0.004662582762982727,False,True
2019-04-15,1.0,0.004557183324116221,False,True
2019-04-16,1.0,0.004152917679768368,False,True
2019-04-17,1.0,0.004331494550742338,False,True
2019-04-18,1.0,0.0041257254449401145,False,True
2019-04-22,1.0,0.003025914117768471,False,True
2019-04-23,1.0,0.0036508666611678063,False,True
2019-04-24,1.0,0.0037860220042026556,False,True
2019-04-25,1.0,0.00380500047745583,False,True
2019-04-26,1.0,0.0038084372397914922,False,True
2019-04-29,1.0,0.0038083903692179505,False,True
2019-04-30,1.0,0.0031937923306287015,False,True
2019-05-01,1.0,0.003972176431876723,False,True
2019-05-02,1.0,0.004048557653323914,False,True
2019-05-03,1.0,0.004443933322845598,False,True
2019-05-06,1.0,0.004661975819526047,False,True
2019-05-07,2.0,0.006569387992048236,False,True
2019-05-08,2.0,0.006558417477457057,False,True
2019-05-09,2.0,0.006560569786469835,False,True
2019-05-10,2.0,0.00665850827071844,False,True
2019-05-13,3.0,0.008651789360741222,False,True
2019-05-14,3.0,0.009141144955015466,False,True
2019-05-15,4.0,0.009388264089225499,False,True
2019-05-16,4.0,0.009674302665919138,False,True
2019-05-17,4.0,0.009706363551708135,False,True
2019-05-20,4.0,0.00974173362803406,False,True
2019-05-21,4.0,0.010052586818610671,False,True
2019-05-22,4.0,0.01005788775340071,False,True
2019-05-23,4.0,0.009876473567531647,False,True
2019-05-24,4.0,0.00993465365694829,False,True
2019-05-28,4.0,0.009262236219479794,False,True
2019-05-29,4.0,0.009351621742163719,False,True
2019-05-30,4.0,0.009426509836000562,False,True
2019-05-31,4.0,0.009714950759714512,False,True
2019-06-03,3.0,0.0075780475211935676,True,True
2019-06-04,4.0,0.009469990236122505,False,True
2019-06-05,4.0,0.009612852846394728,False,True
2019-06-06,4.0,0.009431216234929063,False,True
2019-06-07,4.0,0.009762007136124972,False,True
2019-06-10,4.0,0.009597399770658998,False,True
2019-06-11,4.0,0.00936801857260023,False,True
2019-06-12,4.0,0.0093486151886774,False,True
2019-06-13,3.0,0.008646431378676264,False,True
2019-06-14,3.0,0.00869272381379622,False,True
2019-06-17,3.0,0.008217009368563082,False,True
2019-06-18,3.0,0.007993769732344346,False,True
2019-06-19,3.0,0.007986362188666848,False,True
2019-06-20,2.0,0.006495609954035331,False,True
2019-06-21,2.0,0.006366904648681431,False,True
2019-06-24,1.0,0.004640190040372112,False,True
2019-06-25,2.0,0.005597943703345478,False,True
2019-06-26,2.0,0.005553897570425494,False,True
2019-06-27,1.0,0.005011382803208485,False,True
2019-06-28,1.0,0.00507607240741366,False,True
2019-07-01,2.0,0.005314220233903216,False,True
2019-07-02,1.0,0.0051939583125,False,True
2019-07-03,2.0,0.005373240021427767,False,True
2019-07-05,2.0,0.005385022651902376,False,True
2019-07-08,2.0,0.005726321829708712,False,True
2019-07-09,2.0,0.005296283504848158,False,True
2019-07-10,2.0,0.005344348449007125,False,True
2019-07-11,1.0,0.004859275122375192,False,True
2019-07-12,1.0,0.0048933400438965725,False,True
2019-07-15,1.0,0.004821884097386609,False,True
2019-07-16,1.0,0.00392114511535631,False,True
2019-07-17,1.0,0.004485113538104301,False,True
2019-07-18,1.0,0.0044768913257750235,False,True
2019-07-19,1.0,0.0047736821705099556,False,True
2019-07-22,1.0,0.00440503175765818,False,True
2019-07-23,1.0,0.004684771823319975,False,True
2019-07-24,1.0,0.004409290940907309,False,True
2019-07-25,1.0,0.0046440037882646895,False,True
2019-07-26,1.0,0.004744953840289009,False,True
2019-07-29,1.0,0.004803654735273687,False,True
2019-07-30,1.0,0.004777723296521077,False,True
2019-07-31,2.0,0.005626101792187342,False,True
2019-08-01,2.0,0.005856699523485596,False,True
2019-08-02,2.0,0.0060365985275693985,False,True
2019-08-05,4.0,0.009681790246787917,True,True
2019-08-06,4.0,0.010624567889319238,False,True
2019-08-07,4.0,0.010527080594781718,False,True
2019-08-08,4.0,0.011889841570725335,False,True
2019-08-09,4.0,0.011928874506475123,False,True
2019-08-12,4.0,0.01198970904537314,False,True
2019-08-13,5.0,0.012789539468796421,False,True
2019-08-14,5.0,0.014754939503601945,False,True
2019-08-15,5.0,0.014521349626000513,False,True
2019-08-16,5.0,0.015352169317886338,False,True
2019-08-19,5.0,0.015884979471636307,False,True
2019-08-20,5.0,0.01577717078525476,False,True
2019-08-21,5.0,0.015853604060820467,False,True
2019-08-22,5.0,0.01573954848868356,False,True
2019-08-23,5.0,0.015187079618733446,False,True
2019-08-26,5.0,0.015065033104704577,False,True
2019-08-27,5.0,0.015085210795718236,False,True
2019-08-28,5.0,0.014239934692339877,False,True
2019-08-29,5.0,0.014602000841808363,False,True
2019-08-30,5.0,0.014149549507371992,False,True
2019-09-03,5.0,0.013694303345020394,False,True
2019-09-04,4.0,0.011069312293953228,False,True
2019-09-05,4.0,0.01142129134516956,False,True
2019-09-06,4.0,0.010965444343649449,False,True
2019-09-09,4.0,0.010601195385108066,False,True
2019-09-10,4.0,0.0102700468260061,False,True
2019-09-11,4.0,0.010225895160173372,False,True
2019-09-12,4.0,0.010206015662614438,False,True
2019-09-13,2.0,0.0062646855943221166,False,True
2019-09-16,2.0,0.006180966810727827,False,True
2019-09-17,2.0,0.005928874193984851,False,True
2019-09-18,2.0,0.005902077752112732,False,True
2019-09-19,1.0,0.005226180602480521,False,True
2019-09-20,2.0,0.005536732295671534,False,True
2019-09-23,1.0,0.005005015121337435,False,True
2019-09-24,1.0,0.0050691805055171745,False,True
2019-09-25,1.0,0.004027281146124591,False,True
2019-09-26,1.0,0.004081436029861704,False,True
2019-09-27,1.0,0.004321047898754979,False,True
2019-09-30,1.0,0.004558684076547018,False,True
2019-10-01,1.0,0.005118961225582286,False,True
2019-10-02,2.0,0.0066001840052593574,False,True
2019-10-03,3.0,0.007204055825832977,False,True
2019-10-04,3.0,0.008428210678380755,False,True
2019-10-07,3.0,0.008402327501202221,False,True
2019-10-08,3.0,0.00917248236454389,False,True
2019-10-09,4.0,0.009686774470200735,False,True
2019-10-10,4.0,0.009903965005356497,False,True
2019-10-11,4.0,0.010427136804671493,False,True
2019-10-14,4.0,0.010181564672280801,False,True
2019-10-15,4.0,0.010403939705294723,False,True
2019-10-16,4.0,0.010396013371879176,False,True
2019-10-17,4.0,0.010283857759948334,False,True
2019-10-18,4.0,0.010283373406663278,False,True
2019-10-21,4.0,0.009744858253692269,False,True
2019-10-22,3.0,0.008131881019714293,False,True
2019-10-23,3.0,0.007988771900584316,False,True
2019-10-24,3.0,0.007225807814714608,False,True
2019-10-25,3.0,0.007049398743900021,False,True
2019-10-28,1.0,0.004910580860273171,False,True
2019-10-29,1.0,0.004762063909776011,False,True
2019-10-30,1.0,0.004653263231564556,False,True
2019-10-31,1.0,0.004211776684115885,False,True
2019-11-01,1.0,0.004618378552975229,False,True
2019-11-04,1.0,0.00411088983231313,False,True
2019-11-05,1.0,0.004056137830396349,False,True
2019-11-06,1.0,0.004063804647760548,False,True
2019-11-07,1.0,0.0037093250580084148,False,True
2019-11-08,1.0,0.0034772268439015905,False,True
2019-11-11,1.0,0.0032998981485155283,False,True
2019-11-12,1.0,0.0032965783633902347,False,True
2019-11-13,1.0,0.0033159114497735443,False,True
2019-11-14,1.0,0.0032702400225876125,False,True
2019-11-15,1.0,0.003499867153467366,False,True
2019-11-18,1.0,0.003437896162402461,False,True
2019-11-19,1.0,0.0034814605658374303,False,True
2019-11-20,1.0,0.003562929977991923,False,True
2019-11-21,1.0,0.0028151716838142947,False,True
2019-11-22,1.0,0.0027245032870784115,False,True
2019-11-25,1.0,0.0031968154277949696,False,True
2019-11-26,1.0,0.0031981183553799466,False,True
2019-11-27,1.0,0.0032642526140169406,False,True
2019-11-29,1.0,0.0035697605398741293,False,True
2019-12-02,1.0,0.004371698530237735,False,True
2019-12-03,1.0,0.0047694075274961134,False,True
2019-12-04,1.0,0.005056292321779006,False,True
2019-12-05,1.0,0.005063476614411409,False,True
2019-12-06,1.0,0.005231046817768832,False,True
2019-12-09,2.0,0.005326344698422908,False,True
2019-12-10,2.0,0.005334685886838319,False,True
2019-12-11,1.0,0.005242588450504637,False,True
2019-12-12,2.0,0.005581789016346606,False,True
2019-12-13,2.0,0.00558999151707188,False,True
2019-12-16,2.0,0.005560533887201667,False,True
2019-12-17,2.0,0.005559895608689585,False,True
2019-12-18,2.0,0.005505049791858261,False,True
2019-12-19,2.0,0.005393637119525827,False,True
2019-12-20,1.0,0.004597094084473776,False,True
2019-12-23,1.0,0.003829411644968711,False,True
2019-12-24,1.0,0.0037863950443730514,False,True
2019-12-26,1.0,0.0038362852021053924,False,True
2019-12-27,1.0,0.0034265176313172936,False,True
2019-12-30,1.0,0.0037905749166134406,False,True
2019-12-31,1.0,0.003695966483177336,False,True
2020-01-02,1.0,0.004044498939119851,False,True
2020-01-03,1.0,0.004416596302623714,False,True
2020-01-06,1.0,0.004428478891429438,False,True
2020-01-07,1.0,0.004290639749258558,False,True
2020-01-08,1.0,0.0044061889976181896,False,True
2020-01-09,1.0,0.004588251527087596,False,True
2020-01-10,1.0,0.004684076012058633,False,True
2020-01-13,1.0,0.004832481990256244,False,True
2020-01-14,1.0,0.0048968150064754995,False,True
2020-01-15,1.0,0.0048794189560684275,False,True
2020-01-16,1.0,0.0051345522723678805,False,True
2020-01-17,1.0,0.005142121259253181,False,True
2020-01-21,1.0,0.004837577995371907,False,True
2020-01-22,1.0,0.0048570604182582525,False,True
2020-01-23,1.0,0.0044998493566452595,False,True
2020-01-24,1.0,0.004812868685121889,False,True
2020-01-27,2.0,0.006590589740690855,False,True
2020-01-28,3.0,0.0070526931548362025,False,True
2020-01-29,3.0,0.006966728729956379,False,True
2020-01-30,2.0,0.006787984446672257,False,True
2020-01-31,3.0,0.008319278256870772,False,True
2020-02-03,3.0,0.008339591369821998,False,True
2020-02-04,4.0,0.00933083076133991,False,True
2020-02-05,4.0,0.009772277247675864,False,True
2020-02-06,4.0,0.009571961226964089,False,True
2020-02-07,4.0,0.00965138006240278,False,True
2020-02-10,4.0,0.009809374253449639,False,True
2020-02-11,4.0,0.009812312064139057,False,True
2020-02-12,4.0,0.00992930691250876,False,True
2020-02-13,4.0,0.009530344692030384,False,True
2020-02-14,3.0,0.008090248613420652,False,True
2020-02-18,3.0,0.007959354033870178,False,True
2020-02-19,3.0,0.007942861781724781,False,True
2020-02-20,3.0,0.008110578022178924,False,True
2020-02-21,2.0,0.006883649175009875,False,True
2020-02-24,4.0,0.011785556972051237,False,True
2020-02-25,5.0,0.013402158752525963,True,True
2020-02-26,5.0,0.01269581240947186,False,True
2020-02-27,5.0,0.016379175166715994,False,True
2020-02-28,5.0,0.01635826357547441,False,True
2020-03-02,5.0,0.021467642982791513,False,True
2020-03-03,5.0,0.022162257465790397,False,True
2020-03-04,5.0,0.025602547757868174,False,True
2020-03-05,5.0,0.02670710846698284,False,True
2020-03-06,5.0,0.02666190599967909,False,True
2020-03-09,5.0,0.032420692022767456,True,True
2020-03-10,5.0,0.03627249932773854,False,True
2020-03-11,5.0,0.03760260357576527,False,True
2020-03-12,5.0,0.04388799099366805,True,True
2020-03-13,5.0,0.052547855542661705,False,True
2020-03-16,5.0,0.060870827985010444,False,True
2020-03-17,5.0,0.06425221845973933,False,True
2020-03-18,5.0,0.06457918143070696,False,True
2020-03-19,5.0,0.06478334419117947,False,True
2020-03-20,5.0,0.062834653720264,False,True
2020-03-23,5.0,0.06284681196148102,False,True
2020-03-24,5.0,0.06767983840866994,False,True
2020-03-25,5.0,0.06791010194630034,False,True
2020-03-26,5.0,0.0707723537938148,False,True
2020-03-27,5.0,0.06832282918806326,False,True
2020-03-30,5.0,0.06751669818466091,False,True
2020-03-31,5.0,0.06643616982996793,False,True
2020-04-01,5.0,0.06181530619433533,False,True
2020-04-02,5.0,0.056802750379547975,False,True
2020-04-03,5.0,0.04481557716483731,False,True
2020-04-06,5.0,0.04580369615132674,False,True
2020-04-07,5.0,0.04285155695549155,False,True
2020-04-08,5.0,0.04339990189140417,False,True
2020-04-09,5.0,0.04054715411570516,False,True
2020-04-13,5.0,0.03925342404035746,False,True
2020-04-14,5.0,0.033319575750041776,False,True
2020-04-15,5.0,0.03446686481423312,False,True
2020-04-16,5.0,0.03102613040084364,False,True
2020-04-17,5.0,0.029396572365384403,False,True
2020-04-20,5.0,0.02933153526839452,False,True
2020-04-21,5.0,0.030424065012210136,False,True
2020-04-22,5.0,0.027212624898570025,False,True
2020-04-23,5.0,0.02702139114979992,False,True
2020-04-24,5.0,0.026263517837388853,False,True
2020-04-27,5.0,0.020296464378417648,False,True
2020-04-28,5.0,0.02041843804725058,False,True
2020-04-29,5.0,0.019727963054293023,False,True
2020-04-30,5.0,0.019852211789981054,False,True
2020-05-01,5.0,0.021337594533894975,False,True
2020-05-04,5.0,0.01975505701399192,False,True
2020-05-05,5.0,0.018797498505015796,False,True
2020-05-06,5.0,0.01891738550511187,False,True
2020-05-07,5.0,0.01776993332831633,False,True
2020-05-08,5.0,0.01745670697120458,False,True
2020-05-11,5.0,0.014558373780834534,False,True
2020-05-12,5.0,0.015088530249743319,False,True
2020-05-13,5.0,0.015956211769727346,False,True
2020-05-14,5.0,0.01581706701159963,False,True
2020-05-15,5.0,0.015328781158551043,False,True
2020-05-18,5.0,0.01736851231743582,False,True
2020-05-19,5.0,0.016198949984074784,False,True
2020-05-20,5.0,0.01657549216055809,False,True
2020-05-21,5.0,0.014498781721758261,False,True
2020-05-22,5.0,0.01449425831989367,False,True
2020-05-26,5.0,0.014625276212497283,False,True
2020-05-27,5.0,0.014633792929077087,False,True
2020-05-28,5.0,0.014591726894154465,False,True
2020-05-29,5.0,0.014105582966571906,False,True
2020-06-01,5.0,0.014087278183465415,False,True
2020-06-02,4.0,0.01235665773161719,False,True
2020-06-03,4.0,0.010646253878183336,False,True
2020-06-04,4.0,0.01093334493107381,False,True
2020-06-05,4.0,0.012090130997676717,False,True
2020-06-08,4.0,0.010200254163447236,False,True
2020-06-09,4.0,0.009873830461535633,False,True
2020-06-10,4.0,0.00991717769462155,False,True
2020-06-11,5.0,0.020086435299557504,False,True
2020-06-12,5.0,0.020329016245864834,False,True
2020-06-15,5.0,0.02020439269057221,False,True
2020-06-16,5.0,0.020432882573516685,False,True
2020-06-17,5.0,0.02046024659172573,False,True
2020-06-18,5.0,0.020446011382179285,False,True
2020-06-19,5.0,0.02052628727504105,False,True
2020-06-22,5.0,0.02048532445466973,False,True
2020-06-23,5.0,0.0201910220790471,False,True
2020-06-24,5.0,0.021386893877456428,False,True
2020-06-25,5.0,0.020260719305988776,False,True
2020-06-26,5.0,0.020599716552545708,False,True
2020-06-29,5.0,0.021233318200143528,False,True
2020-06-30,5.0,0.02180525637093182,False,True
2020-07-01,5.0,0.013797424198208428,False,True
2020-07-02,5.0,0.013492788978390376,False,True
2020-07-06,5.0,0.013900101639650553,False,True
2020-07-07,5.0,0.013496094903364253,False,True
2020-07-08,5.0,0.013575090519460781,False,True
2020-07-09,5.0,0.013701816969224638,False,True
2020-07-10,5.0,0.013788390280510487,False,True
2020-07-13,5.0,0.014041598432210646,False,True
2020-07-14,5.0,0.014413890538528727,False,True
2020-07-15,4.0,0.01209700364024405,False,True
2020-07-16,4.0,0.01207485262287101,False,True
2020-07-17,3.0,0.009135196372927033,False,True
2020-07-20,3.0,0.008775175152191554,False,True
2020-07-21,3.0,0.008224416910221851,False,True
2020-07-22,3.0,0.008236652214650537,False,True
2020-07-23,3.0,0.009264635091828422,False,True
2020-07-24,3.0,0.008663900692821977,False,True
2020-07-27,3.0,0.008127535117042402,False,True
2020-07-28,3.0,0.008254195754905687,False,True
2020-07-29,3.0,0.008521496122786668,False,True
2020-07-30,3.0,0.0083323782311685,False,True
2020-07-31,3.0,0.007870969113699484,False,True
2020-08-03,3.0,0.00738121293943817,False,True
2020-08-04,3.0,0.00712873584703228,False,True
2020-08-05,3.0,0.007064815070187004,False,True
2020-08-06,3.0,0.007143844589676141,False,True
2020-08-07,2.0,0.006968839045787365,False,True
2020-08-10,2.0,0.006969057252082299,False,True
2020-08-11,3.0,0.007391566202179081,False,True
2020-08-12,2.0,0.006988119079879887,False,True
2020-08-13,2.0,0.006640452469323592,False,True
2020-08-14,2.0,0.006601437347670392,False,True
2020-08-17,2.0,0.006029215107155171,False,True
2020-08-18,2.0,0.0054719688062569855,False,True
2020-08-19,2.0,0.005535174274558073,False,True
2020-08-20,2.0,0.005358866666335417,False,True
2020-08-21,1.0,0.005197683114060612,False,True
2020-08-24,2.0,0.005596649087187353,False,True
2020-08-25,2.0,0.005500716952547648,False,True
2020-08-26,2.0,0.005790815956875268,False,True
2020-08-27,2.0,0.005768748496734172,False,True
2020-08-28,2.0,0.005863138320304101,False,True
2020-08-31,1.0,0.005186328343533956,False,True
2020-09-01,1.0,0.004423383022282103,False,True
2020-09-02,1.0,0.005237588775278683,False,True
2020-09-03,4.0,0.011923064019489428,False,True
2020-09-04,4.0,0.012204658662773541,False,True
2020-09-08,5.0,0.014450695515225372,False,True
2020-09-09,5.0,0.015468612851818343,False,True
2020-09-10,5.0,0.01618518656417199,False,True
2020-09-11,5.0,0.0161427606910551,False,True
2020-09-14,5.0,0.01629992536742385,False,True
2020-09-15,5.0,0.016340602974799532,False,True
2020-09-16,5.0,0.016047961576508788,False,True
2020-09-17,5.0,0.016100559318157986,False,True
2020-09-18,5.0,0.016011358555108643,False,True
2020-09-21,5.0,0.016130425362884532,False,True
2020-09-22,5.0,0.01632018933834948,False,True
2020-09-23,5.0,0.016053161239155827,False,True
2020-09-24,5.0,0.013956185316881137,False,True
2020-09-25,5.0,0.01490727470484443,False,True
2020-09-28,5.0,0.013738923606213784,False,True
2020-09-29,4.0,0.012577256509724294,False,True
2020-09-30,4.0,0.011867992037256322,False,True
2020-10-01,4.0,0.011936360432235662,False,True
2020-10-02,4.0,0.011723616774264813,False,True
2020-10-05,5.0,0.012662503526489566,False,True
2020-10-06,5.0,0.013177952164240602,False,True
2020-10-07,5.0,0.013765003172501612,False,True
2020-10-08,5.0,0.013368644421085272,False,True
2020-10-09,5.0,0.01278571441492221,False,True
2020-10-12,5.0,0.013097681587672397,False,True
2020-10-13,4.0,0.010778130761002758,False,True
2020-10-14,4.0,0.011269369924093841,False,True
2020-10-15,4.0,0.010951145753019285,False,True
2020-10-16,4.0,0.010411428393537175,False,True
2020-10-19,4.0,0.011474522764540236,False,True
2020-10-20,4.0,0.011364515768732701,False,True
2020-10-21,4.0,0.011358152512266715,False,True
2020-10-22,4.0,0.010960878937090999,False,True
2020-10-23,4.0,0.010019371416953205,False,True
2020-10-26,4.0,0.010628798122325587,False,True
2020-10-27,4.0,0.009548449146656946,False,True
2020-10-28,5.0,0.013072530805067855,False,True
2020-10-29,5.0,0.013326179744936033,False,True
2020-10-30,4.0,0.012197558778380848,False,True
2020-11-02,5.0,0.013084163547183506,False,True
2020-11-03,5.0,0.014292889442658092,False,True
2020-11-04,5.0,0.01570463961596825,False,True
2020-11-05,5.0,0.016601761339353285,False,True
2020-11-06,5.0,0.015873880881841634,False,True
2020-11-09,5.0,0.016081228842544003,False,True
2020-11-10,5.0,0.016065883462110717,False,True
2020-11-11,5.0,0.016113004716355444,False,True
2020-11-12,5.0,0.016446263096388254,False,True
2020-11-13,5.0,0.01563549893820285,False,True
2020-11-16,5.0,0.015634516306470215,False,True
2020-11-17,4.0,0.010889294885170165,False,True
2020-11-18,4.0,0.011854742788325523,False,True
2020-11-19,4.0,0.01074906331719682,False,True
2020-11-20,4.0,0.011165623679821199,False,True
2020-11-23,4.0,0.010577424017121417,False,True
2020-11-24,4.0,0.00993469450336262,False,True
2020-11-25,3.0,0.008964515028268423,False,True
2020-11-27,3.0,0.008931598357095,False,True
2020-11-30,3.0,0.00871698657959721,False,True
2020-12-01,3.0,0.009048547391835577,False,True
2020-12-02,3.0,0.008918836104616192,False,True
2020-12-03,3.0,0.00828269876017382,False,True
2020-12-04,3.0,0.007889540304569743,False,True
2020-12-07,3.0,0.007474089123625677,False,True
2020-12-08,3.0,0.007272191087224496,False,True
2020-12-09,2.0,0.00680347737884651,False,True
2020-12-10,2.0,0.006836443567767308,False,True
2020-12-11,2.0,0.006454976690598376,False,True
2020-12-14,2.0,0.0065861571110473315,False,True
2020-12-15,2.0,0.006075133753352466,False,True
2020-12-16,2.0,0.0060247218414829756,False,True
2020-12-17,2.0,0.00613290833065016,False,True
2020-12-18,2.0,0.0060541002038046925,False,True
2020-12-21,2.0,0.005557920034002488,False,True
2020-12-22,2.0,0.005591797933502659,False,True
2020-12-23,2.0,0.005585335258587278,False,True
2020-12-24,1.0,0.005139576628480172,False,True
2020-12-28,2.0,0.005584274768788863,False,True
2020-12-29,2.0,0.005610387512419282,False,True
2020-12-30,1.0,0.005055094677084583,False,True
2020-12-31,1.0,0.005187987034239526,False,True
2021-01-04,2.0,0.0068054741651969895,False,True
2021-01-05,2.0,0.006833170124415716,False,True
2021-01-06,2.0,0.006157642341505652,False,True
2021-01-07,3.0,0.007170143500504798,False,True
2021-01-08,3.0,0.0071597439229138275,False,True
2021-01-11,3.0,0.007382148711233458,False,True
2021-01-12,3.0,0.007216989768514003,False,True
2021-01-13,3.0,0.007119852701290321,False,True
2021-01-14,3.0,0.00729692891399589,False,True
2021-01-15,3.0,0.007680316099306195,False,True
2021-01-19,3.0,0.007638471149432265,False,True
2021-01-20,3.0,0.008264321299169446,False,True
2021-01-21,3.0,0.008278487196738907,False,True
2021-01-22,3.0,0.008299604898783423,False,True
2021-01-25,2.0,0.006815365058015049,False,True
2021-01-26,2.0,0.0067995550060878955,False,True
2021-01-27,4.0,0.010077787112471277,False,True
2021-01-28,4.0,0.009592204907055228,False,True
2021-01-29,4.0,0.010692972622923676,False,True
2021-02-01,4.0,0.01161819401755989,False,True
2021-02-02,4.0,0.012232719682734572,False,True
2021-02-03,4.0,0.012223049686515433,False,True
2021-02-04,4.0,0.012460481100437777,False,True
2021-02-05,4.0,0.01221959590359099,False,True
2021-02-08,4.0,0.012194013774059606,False,True
2021-02-09,4.0,0.011738779200661265,False,True
2021-02-10,4.0,0.011743477414406664,False,True
2021-02-11,4.0,0.011685457427973443,False,True
2021-02-12,4.0,0.011705085783506123,False,True
2021-02-16,4.0,0.011689831793564979,False,True
2021-02-17,3.0,0.00865789819829243,False,True
2021-02-18,3.0,0.008684179419691768,False,True
2021-02-19,2.0,0.006192250197016106,False,True
2021-02-22,2.0,0.005791454209537341,False,True
2021-02-23,1.0,0.004673596633482444,False,True
2021-02-24,2.0,0.005419474263855227,False,True
2021-02-25,3.0,0.00838476114853044,False,True
2021-02-26,3.0,0.008332235472320766,False,True
2021-03-01,4.0,0.01047981348177133,False,True
2021-03-02,4.0,0.01068900451461109,False,True
2021-03-03,4.0,0.011187939379736887,False,True
2021-03-04,4.0,0.011568945226257744,False,True
2021-03-05,5.0,0.012877378534833967,False,True
2021-03-08,5.0,0.012908721966108986,False,True
2021-03-09,5.0,0.013609600099613909,False,True
2021-03-10,5.0,0.013694482495287454,False,True
2021-03-11,5.0,0.013971524574813184,False,True
2021-03-12,5.0,0.013763048037464991,False,True
2021-03-15,5.0,0.01383445006126229,False,True
2021-03-16,5.0,0.01356558396175103,False,True
2021-03-17,4.0,0.011416537853062158,False,True
2021-03-18,4.0,0.012213299321525883,False,True
2021-03-19,4.0,0.010517989533437608,False,True
2021-03-22,4.0,0.010373009028986887,False,True
2021-03-23,4.0,0.009876959683551076,False,True
2021-03-24,3.0,0.009132607308856953,False,True
2021-03-25,3.0,0.0077856146313932785,False,True
2021-03-26,3.0,0.00851497882823853,False,True
2021-03-29,3.0,0.007911297199078475,False,True
2021-03-30,3.0,0.007910330553040735,False,True
2021-03-31,3.0,0.007498485610614654,False,True
2021-04-01,3.0,0.00807117850958233,False,True
2021-04-05,3.0,0.008702246964284895,False,True
2021-04-06,3.0,0.008685195693134822,False,True
2021-04-07,3.0,0.008682124894913178,False,True
2021-04-08,3.0,0.007226459645843221,False,True
2021-04-09,3.0,0.007227100056296033,False,True
2021-04-12,3.0,0.007240368493361712,False,True
2021-04-13,2.0,0.006518635600798463,False,True
2021-04-14,2.0,0.006370724911202236,False,True
2021-04-15,2.0,0.006626593006881292,False,True
2021-04-16,2.0,0.005676341623990899,False,True
2021-04-19,2.0,0.006063133320720457,False,True
2021-04-20,2.0,0.006434609728459002,False,True
2021-04-21,2.0,0.006642150544802545,False,True
2021-04-22,2.0,0.007001230737078306,False,True
2021-04-23,2.0,0.006580834356982283,False,True
2021-04-26,2.0,0.00653351990697369,False,True
2021-04-27,2.0,0.006558844265027836,False,True
2021-04-28,2.0,0.006557755894049698,False,True
2021-04-29,2.0,0.0064931767569707845,False,True
2021-04-30,2.0,0.006886820336582385,False,True
2021-05-03,2.0,0.006873897593339645,False,True
2021-05-04,3.0,0.007051751228053695,False,True
2021-05-05,2.0,0.0063961458454875435,False,True
2021-05-06,2.0,0.006702295604148659,False,True
2021-05-07,2.0,0.006743649052602817,False,True
2021-05-10,3.0,0.007137922312693021,False,True
2021-05-11,3.0,0.00713801804703466,False,True
2021-05-12,3.0,0.008887141066459242,False,True
2021-05-13,3.0,0.009021301146272096,False,True
2021-05-14,4.0,0.009970499675289093,False,True
2021-05-17,4.0,0.009989370075509733,False,True
2021-05-18,4.0,0.010225405612347423,False,True
2021-05-19,4.0,0.00998995218495066,False,True
2021-05-20,4.0,0.01034520394128099,False,True
2021-05-21,4.0,0.010306201290053088,False,True
2021-05-24,4.0,0.010504448753374564,False,True
2021-05-25,4.0,0.010528559129908237,False,True
2021-05-26,4.0,0.010303236544686315,False,True
2021-05-27,4.0,0.010090024372573584,False,True
2021-05-28,4.0,0.009675889677621697,False,True
2021-06-01,4.0,0.009332457544134672,False,True
2021-06-02,2.0,0.006716606486103841,False,True
2021-06-03,2.0,0.00629077686544283,False,True
2021-06-04,2.0,0.005453193388569043,False,True
2021-06-07,2.0,0.0053871623146079664,False,True
2021-06-08,1.0,0.0046401683350343875,False,True
2021-06-09,1.0,0.004562747129975208,False,True
2021-06-10,1.0,0.003925797935415248,False,True
2021-06-11,1.0,0.0038785220576295076,False,True
2021-06-14,1.0,0.0030636087002942685,False,True
2021-06-15,1.0,0.0030548601278868634,False,True
2021-06-16,1.0,0.003482304902982174,False,True
2021-06-17,1.0,0.0034840221544933875,False,True
2021-06-18,1.0,0.005021016264088883,False,True
2021-06-21,2.0,0.006352164239699198,False,True
2021-06-22,2.0,0.00647360708582392,False,True
2021-06-23,2.0,0.006378985490393733,False,True
2021-06-24,2.0,0.006136546555905308,False,True
2021-06-25,2.0,0.006162399864758669,False,True
2021-06-28,2.0,0.006169265516068809,False,True
2021-06-29,2.0,0.006118935737348944,False,True
2021-06-30,2.0,0.006039676854327508,False,True
2021-07-01,2.0,0.006142028436481544,False,True
2021-07-02,2.0,0.006366941267152008,False,True
2021-07-06,2.0,0.00636738802475433,False,True
2021-07-07,2.0,0.0060471210495775,False,True
2021-07-08,2.0,0.0066845842137953386,False,True
2021-07-09,2.0,0.005606688744974449,False,True
2021-07-12,1.0,0.0047269801508198145,False,True
2021-07-13,1.0,0.004939968340624189,False,True
2021-07-14,1.0,0.0048667550471430164,False,True
2021-07-15,1.0,0.004953259501257156,False,True
2021-07-16,2.0,0.0054802733812796016,False,True
2021-07-19,3.0,0.007045320022058286,False,True
2021-07-20,3.0,0.008189747998711711,False,True
2021-07-21,3.0,0.008444526867269023,False,True
2021-07-22,3.0,0.008365160808532097,False,True
2021-07-23,3.0,0.008553717784147395,False,True
2021-07-26,3.0,0.008516072232931542,False,True
2021-07-27,3.0,0.00863778686281577,False,True
2021-07-28,3.0,0.008223402865124338,False,True
2021-07-29,3.0,0.007774687595682996,False,True
2021-07-30,3.0,0.007903217474607852,False,True
2021-08-02,3.0,0.007855423078257864,False,True
2021-08-03,3.0,0.008133423616316986,False,True
2021-08-04,3.0,0.008194334663777485,False,True
2021-08-05,3.0,0.007939828632305405,False,True
2021-08-06,2.0,0.0061102216807228105,False,True
2021-08-09,1.0,0.005076784458803753,False,True
2021-08-10,1.0,0.004728703236478936,False,True
2021-08-11,1.0,0.004723847771211755,False,True
2021-08-12,1.0,0.0040880529540140015,False,True
2021-08-13,1.0,0.004070104446009366,False,True
2021-08-16,1.0,0.0037750421049144597,False,True
2021-08-17,1.0,0.004380060143032217,False,True
2021-08-18,1.0,0.005229158011548738,False,True
2021-08-19,1.0,0.005027355432732097,False,True
2021-08-20,2.0,0.005409617693070587,False,True
2021-08-23,2.0,0.00544310508687511,False,True
2021-08-24,1.0,0.005203803527216185,False,True
2021-08-25,1.0,0.005039948369817525,False,True
2021-08-26,2.0,0.005361167503015658,False,True
2021-08-27,2.0,0.0057679353560388,False,True
2021-08-30,2.0,0.005824788529687252,False,True
2021-08-31,2.0,0.005873478074870099,False,True
2021-09-01,2.0,0.00581899371486211,False,True
2021-09-02,2.0,0.005838066576411322,False,True
2021-09-03,2.0,0.005832121290400142,False,True
2021-09-07,2.0,0.005519634017327932,False,True
2021-09-08,1.0,0.00441015708336624,False,True
2021-09-09,1.0,0.004735561330542922,False,True
2021-09-10,1.0,0.004902625421676043,False,True
2021-09-13,1.0,0.004351921679023534,False,True
2021-09-14,1.0,0.0045651296595331506,False,True
2021-09-15,1.0,0.005136917241826244,False,True
2021-09-16,1.0,0.0048999591645524565,False,True
2021-09-17,1.0,0.004789442078751935,False,True
2021-09-20,2.0,0.006126157265448312,False,True
2021-09-21,2.0,0.006137277864984218,False,True
2021-09-22,2.0,0.006922823540869356,False,True
2021-09-23,3.0,0.007806961033689191,False,True
2021-09-24,3.0,0.007840439176167613,False,True
2021-09-27,3.0,0.007829202721718002,False,True
2021-09-28,4.0,0.009383782259963468,False,True
2021-09-29,4.0,0.009427094194613355,False,True
2021-09-30,4.0,0.009684312040400133,False,True
2021-10-01,4.0,0.01031680568473094,False,True
2021-10-04,4.0,0.010709703803169544,False,True
2021-10-05,4.0,0.010879222713634042,False,True
2021-10-06,4.0,0.011008383613843618,False,True
2021-10-07,4.0,0.011095081922773274,False,True
2021-10-08,4.0,0.010040717637822253,False,True
2021-10-11,4.0,0.010233595539452654,False,True
2021-10-12,4.0,0.00988454745214204,False,True
2021-10-13,4.0,0.009259697069318213,False,True
2021-10-14,4.0,0.010467514394281648,False,True
2021-10-15,4.0,0.010634152076716783,False,True
2021-10-18,3.0,0.008750910434159723,False,True
2021-10-19,3.0,0.008857137324137511,False,True
2021-10-20,3.0,0.007803272040623494,False,True
2021-10-21,3.0,0.007479294979465474,False,True
2021-10-22,2.0,0.006032265807707001,False,True
2021-10-25,2.0,0.005743233893331973,False,True
2021-10-26,2.0,0.005758512293090986,False,True
2021-10-27,2.0,0.005985653865398264,False,True
2021-10-28,2.0,0.006147372803907229,False,True
2021-10-29,2.0,0.005437774248340985,False,True
2021-11-01,1.0,0.005171527872515515,False,True
2021-11-02,1.0,0.005163032654519558,False,True
2021-11-03,1.0,0.00374955212553769,False,True
2021-11-04,1.0,0.003583514879131495,False,True
2021-11-05,1.0,0.003585631261325985,False,True
2021-11-08,1.0,0.0034330577302540545,False,True
2021-11-09,1.0,0.0038116235490210978,False,True
2021-11-10,1.0,0.004731824693160162,False,True
2021-11-11,1.0,0.004683400223379245,False,True
2021-11-12,1.0,0.004852346207568564,False,True
2021-11-15,1.0,0.0048763055430130825,False,True
2021-11-16,1.0,0.004497213515979479,False,True
2021-11-17,1.0,0.004115232139326524,False,True
2021-11-18,1.0,0.004147027716437561,False,True
2021-11-19,1.0,0.004218079836444277,False,True
2021-11-22,1.0,0.00431869241871972,False,True
2021-11-23,1.0,0.004016944691349012,False,True
2021-11-24,1.0,0.003913285668304299,False,True
2021-11-26,3.0,0.007232619053884227,False,True
2021-11-29,3.0,0.00822396585308946,False,True
2021-11-30,4.0,0.009582762742987144,False,True
2021-12-01,4.0,0.009816168632286017,False,True
2021-12-02,4.0,0.010721548775658127,False,True
2021-12-03,4.0,0.01060462086049936,False,True
2021-12-06,4.0,0.01123345272289187,False,True
2021-12-07,5.0,0.012626593059201665,False,True
2021-12-08,5.0,0.012635250498843115,False,True
2021-12-09,5.0,0.012746044636983074,False,True
2021-12-10,5.0,0.013021287753564216,False,True
2021-12-13,5.0,0.013238015217468407,False,True
2021-12-14,5.0,0.013364078643604437,False,True
2021-12-15,5.0,0.014114376178664798,False,True
2021-12-16,5.0,0.012771632924050008,False,True
2021-12-17,5.0,0.012617841899929464,False,True
2021-12-20,4.0,0.011891881813052304,False,True
2021-12-21,4.0,0.012230310448697669,False,True
2021-12-22,4.0,0.011974971961117102,False,True
2021-12-23,4.0,0.011639559898974017,False,True
2021-12-27,4.0,0.011772771706456414,False,True
2021-12-28,4.0,0.010671212054546828,False,True
2021-12-29,4.0,0.010661537931638364,False,True
2021-12-30,4.0,0.010457979799905703,False,True
2021-12-31,4.0,0.010260903989211425,False,True
2022-01-03,4.0,0.009931545281014408,False,True
2022-01-04,4.0,0.009594080072693231,False,True
2022-01-05,4.0,0.01037232727329929,False,True
2022-01-06,4.0,0.010077586610196265,False,True
2022-01-07,4.0,0.009694243941241814,False,True
2022-01-10,3.0,0.009064345816034786,False,True
2022-01-11,3.0,0.008145123914358244,False,True
2022-01-12,3.0,0.007737099791651449,False,True
2022-01-13,3.0,0.008475875285178167,False,True
2022-01-14,3.0,0.00737719204730463,False,True
2022-01-18,3.0,0.008597197535564741,False,True
2022-01-19,3.0,0.008654534676353699,False,True
2022-01-20,3.0,0.00885172307597873,False,True
2022-01-21,4.0,0.009633871873261429,True,True
2022-01-24,4.0,0.009330387220684466,False,True
2022-01-25,4.0,0.009332655563407743,False,True
2022-01-26,3.0,0.008658842429022219,False,True
2022-01-27,3.0,0.00855921194034323,False,True
2022-01-28,4.0,0.011725459444776903,False,True
2022-01-31,5.0,0.01318888998632592,False,True
2022-02-01,5.0,0.013049036592925634,False,True
2022-02-02,5.0,0.013371323865327408,False,True
2022-02-03,5.0,0.014350393990793504,False,True
2022-02-04,5.0,0.014481148227396101,False,True
2022-02-07,5.0,0.013741785079756201,False,True
2022-02-08,5.0,0.013755784193493763,False,True
2022-02-09,5.0,0.01388682927159628,False,True
2022-02-10,5.0,0.013794687029558517,False,True
2022-02-11,5.0,0.014866833735824718,False,True
2022-02-14,5.0,0.01449342660503861,False,True
2022-02-15,5.0,0.015005075893288384,False,True
2022-02-16,5.0,0.014861290618473692,False,True
2022-02-17,5.0,0.014733534064012439,False,True
2022-02-18,5.0,0.013678787033332309,False,True
2022-02-22,5.0,0.013522976503432607,False,True
2022-02-23,5.0,0.01347530125273979,False,True
2022-02-24,5.0,0.013376691644822367,False,True
2022-02-25,5.0,0.014866475222649389,False,True
2022-02-28,5.0,0.014858245624003433,False,True
2022-03-01,5.0,0.014979985008715264,False,True
2022-03-02,5.0,0.015386692906870721,False,True
2022-03-03,5.0,0.014786520371338551,False,True
2022-03-04,5.0,0.014089651995518038,False,True
2022-03-07,5.0,0.01602498480187742,False,True
2022-03-08,5.0,0.01508006685748044,False,True
2022-03-09,5.0,0.017096636665182654,False,True
2022-03-10,5.0,0.01628948885880749,False,True
2022-03-11,5.0,0.01650681229024503,False,True
2022-03-14,5.0,0.016423356780256727,False,True
2022-03-15,5.0,0.016809540250981213,False,True
2022-03-16,5.0,0.01738712983204181,False,True
2022-03-17,5.0,0.016656454247722337,False,True
2022-03-18,5.0,0.01689046725815283,False,True
2022-03-21,5.0,0.016185503576196893,False,True
2022-03-22,5.0,0.015746948722080375,False,True
2022-03-23,5.0,0.016108165442771993,False,True
2022-03-24,5.0,0.01619728402864015,False,True
2022-03-25,5.0,0.013110399220732117,False,True
2022-03-28,4.0,0.012578755928794535,False,True
2022-03-29,4.0,0.011514717299722416,False,True
2022-03-30,4.0,0.011660476304465872,False,True
2022-03-31,4.0,0.012012562072835568,False,True
2022-04-01,4.0,0.01146162032054054,False,True
2022-04-04,4.0,0.010641468933698366,False,True
2022-04-05,4.0,0.010433104499623645,False,True
2022-04-06,4.0,0.010538073372572903,False,True
2022-04-07,4.0,0.010151874768389092,False,True
2022-04-08,4.0,0.010186406305545912,False,True
2022-04-11,4.0,0.01066874720999449,False,True
2022-04-12,4.0,0.010233962737739301,False,True
2022-04-13,4.0,0.009905555000076432,False,True
2022-04-14,4.0,0.010143267711071755,False,True
2022-04-18,4.0,0.009797156317606,False,True
2022-04-19,4.0,0.010281096138224793,False,True
2022-04-20,4.0,0.010238046646695503,False,True
2022-04-21,4.0,0.01014775393995123,False,True
2022-04-22,4.0,0.012119279011918695,False,True
2022-04-25,4.0,0.01194612321036077,False,True
2022-04-26,5.0,0.013433197367792056,False,True
2022-04-27,5.0,0.013534069688219467,False,True
2022-04-28,5.0,0.015515957830312739,False,True
2022-04-29,5.0,0.017904164734227363,False,True
2022-05-02,5.0,0.017847345645787247,False,True
2022-05-03,5.0,0.01801350478902163,False,True
2022-05-04,5.0,0.019752749287368594,False,True
2022-05-05,5.0,0.021633405998175027,False,True
2022-05-06,5.0,0.021606861468417855,False,True
2022-05-09,5.0,0.021963056435376754,False,True
2022-05-10,5.0,0.022057321675673147,False,True
2022-05-11,5.0,0.0221052670095131,False,True
2022-05-12,5.0,0.02136437312815523,False,True
2022-05-13,5.0,0.022614187983138228,False,True
2022-05-16,5.0,0.02154701220533123,False,True
2022-05-17,5.0,0.02238037049110531,False,True
2022-05-18,5.0,0.023353817925019796,False,True
2022-05-19,5.0,0.021632259880108057,False,True
2022-05-20,5.0,0.02149042176791248,False,True
2022-05-23,5.0,0.0222359290682651,False,True
2022-05-24,5.0,0.020118124993930255,False,True
2022-05-25,5.0,0.018505380487450405,False,True
2022-05-26,5.0,0.019436565078699657,False,True
2022-05-27,5.0,0.018285258490368134,False,True
2022-05-31,5.0,0.018451417996997274,False,True
2022-06-01,5.0,0.01788637957472905,False,True
2022-06-02,5.0,0.018288373926777592,False,True
2022-06-03,5.0,0.018180989360285196,False,True
2022-06-06,5.0,0.018116379820935075,False,True
2022-06-07,5.0,0.017522913570376077,False,True
2022-06-08,5.0,0.013207579515044929,False,True
2022-06-09,5.0,0.014972813257776458,False,True
2022-06-10,5.0,0.01720812407866242,False,True
2022-06-13,5.0,0.01928376645003225,False,True
2022-06-14,5.0,0.019249249295503718,False,True
2022-06-15,5.0,0.01956340625946174,False,True
2022-06-16,5.0,0.01983669540592593,False,True
2022-06-17,5.0,0.017900461631255728,False,True
2022-06-21,5.0,0.019966181495723,False,True
2022-06-22,5.0,0.02001448812099673,False,True
2022-06-23,5.0,0.0193142991672294,False,True
2022-06-24,5.0,0.021422377546497385,False,True
2022-06-27,5.0,0.021338804135590358,False,True
2022-06-28,5.0,0.021384708325624793,False,True
2022-06-29,5.0,0.02138210211929082,False,True
2022-06-30,5.0,0.02073203252299524,False,True
2022-07-01,5.0,0.01971225548284407,False,True
2022-07-05,5.0,0.01637216300334174,False,True
2022-07-06,5.0,0.016306086433369543,False,True
2022-07-07,5.0,0.016327852039796767,False,True
2022-07-08,5.0,0.012905173883930261,False,True
2022-07-11,5.0,0.013593739897904522,False,True
2022-07-12,4.0,0.012563196918764738,False,True
2022-07-13,4.0,0.012636398869946393,False,True
2022-07-14,4.0,0.012414204822498876,False,True
2022-07-15,4.0,0.010553296981495533,False,True
2022-07-18,4.0,0.010733602088604537,False,True
2022-07-19,4.0,0.011722470037808935,False,True
2022-07-20,4.0,0.011732307918696904,False,True
2022-07-21,4.0,0.01139203985659002,False,True
2022-07-22,4.0,0.011742221186443183,False,True
2022-07-25,4.0,0.01174405538464373,False,True
2022-07-26,4.0,0.012322426031200028,False,True
2022-07-27,5.0,0.013532721646014814,False,True
2022-07-28,5.0,0.013748889269488427,False,True
2022-07-29,5.0,0.013345678595511617,False,True
2022-08-01,5.0,0.01292096860342396,False,True
2022-08-02,5.0,0.013064034480593572,False,True
2022-08-03,5.0,0.013102717548998768,False,True
2022-08-04,5.0,0.01271765386503881,False,True
2022-08-05,4.0,0.012284128848556017,False,True
2022-08-08,4.0,0.01068241103601994,False,True
2022-08-09,4.0,0.010858003751547069,False,True
2022-08-10,4.0,0.011788026311804527,False,True
2022-08-11,4.0,0.011265625474747265,False,True
2022-08-12,4.0,0.011730435129797344,False,True
2022-08-15,4.0,0.010681783594251735,False,True
2022-08-16,3.0,0.009167264346244793,False,True
2022-08-17,4.0,0.009445741216299283,False,True
2022-08-18,3.0,0.008934446585455336,False,True
2022-08-19,4.0,0.009781724747989383,False,True
2022-08-22,4.0,0.011460266232316548,False,True
2022-08-23,4.0,0.010662473549870332,False,True
2022-08-24,4.0,0.010699443674906446,False,True
2022-08-25,4.0,0.011333958321412159,False,True
2022-08-26,5.0,0.014743525330618484,False,True
2022-08-29,5.0,0.014793544098826533,False,True
2022-08-30,5.0,0.013435903868288324,False,True
2022-08-31,5.0,0.013440610728316897,False,True
2022-09-01,4.0,0.012161758814981907,False,True
2022-09-02,4.0,0.011922310653613644,False,True
2022-09-06,4.0,0.011705037922438924,False,True
2022-09-07,5.0,0.013485138726221953,False,True
2022-09-08,5.0,0.013714131867603181,False,True
2022-09-09,5.0,0.014461780554510893,False,True
2022-09-12,5.0,0.01377388576130562,False,True
2022-09-13,5.0,0.018079031443899315,False,True
2022-09-14,5.0,0.018092216593959008,False,True
2022-09-15,5.0,0.01747167961999452,False,True
2022-09-16,5.0,0.015387377466076466,False,True
2022-09-19,5.0,0.01558287863384653,False,True
2022-09-20,5.0,0.015593651193095491,False,True
2022-09-21,5.0,0.016044573361639673,False,True
2022-09-22,5.0,0.016005062018530566,False,True
2022-09-23,5.0,0.01631832226672149,True,True
2022-09-26,5.0,0.016397905596457298,False,True
2022-09-27,5.0,0.015054155801899234,False,True
2022-09-28,5.0,0.01624596117987955,False,True
2022-09-29,5.0,0.015626021876604237,False,True
2022-09-30,5.0,0.014778878119613278,True,True
2022-10-03,5.0,0.014012179716762444,False,True
2022-10-04,5.0,0.01676261415530566,False,True
2022-10-05,5.0,0.01658241729459694,False,True
2022-10-06,5.0,0.016674576427076673,False,True
2022-10-07,5.0,0.017792917091716313,False,True
2022-10-10,5.0,0.017716348138577986,False,True
2022-10-11,5.0,0.0173576510237,False,True
2022-10-12,5.0,0.017307886870955864,False,True
2022-10-13,5.0,0.018439867725412,False,True
2022-10-14,5.0,0.01933592023687212,False,True
2022-10-17,5.0,0.020684843937976014,False,True
2022-10-18,5.0,0.020223395272710578,False,True
2022-10-19,5.0,0.019394311976854824,False,True
2022-10-20,5.0,0.0190223057722229,False,True
2022-10-21,5.0,0.018825359180370725,False,True
2022-10-24,5.0,0.017248155915620178,False,True
2022-10-25,5.0,0.01775006194599936,False,True
2022-10-26,5.0,0.017619944524477613,False,True
2022-10-27,5.0,0.01558736175404217,False,True
2022-10-28,5.0,0.01621138625679783,False,True
2022-10-31,5.0,0.016267013904399844,False,True
2022-11-01,5.0,0.016301973319616917,False,True
2022-11-02,5.0,0.01709739016559998,False,True
2022-11-03,5.0,0.01588754799142159,False,True
2022-11-04,5.0,0.014773775906521295,False,True
2022-11-07,5.0,0.014691751459660668,False,True
2022-11-08,5.0,0.014520905510134893,False,True
2022-11-09,5.0,0.015620246934606102,False,True
2022-11-10,5.0,0.02032274635762244,False,True
2022-11-11,5.0,0.020255122378003438,False,True
2022-11-14,5.0,0.020170134034655608,False,True
2022-11-15,5.0,0.020063179820405626,False,True
2022-11-16,5.0,0.020147273637673265,False,True
2022-11-17,5.0,0.019202811347338453,False,True
2022-11-18,5.0,0.019073406292766423,False,True
2022-11-21,5.0,0.01906837582063746,False,True
2022-11-22,5.0,0.017599839331727582,False,True
2022-11-23,5.0,0.01705257553187497,False,True
2022-11-25,5.0,0.016962368955083913,False,True
2022-11-28,5.0,0.01771884135876874,False,True
2022-11-29,5.0,0.01773871720109529,False,True
2022-11-30,5.0,0.017855700929637897,False,True
2022-12-01,4.0,0.011380384081686234,False,True
2022-12-02,4.0,0.011222276695215808,False,True
2022-12-05,4.0,0.012096171004439944,False,True
2022-12-06,4.0,0.012506824491546184,False,True
2022-12-07,4.0,0.012331974867676138,False,True
2022-12-08,4.0,0.012481108377708206,False,True
2022-12-09,4.0,0.012569552396712615,False,True
2022-12-12,5.0,0.013116963639706436,False,True
2022-12-13,4.0,0.012751634158117958,False,True
2022-12-14,4.0,0.012747706963647385,False,True
2022-12-15,5.0,0.014348778138371467,False,True
2022-12-16,5.0,0.014084593707666477,False,True
2022-12-19,5.0,0.014206824272621139,False,True
2022-12-20,4.0,0.010679253760136268,False,True
2022-12-21,4.0,0.011859207660586972,False,True
2022-12-22,4.0,0.01218749690121655,False,True
2022-12-23,4.0,0.011813069642774402,False,True
2022-12-27,4.0,0.011337667167097205,False,True
2022-12-28,4.0,0.011649448133552481,False,True
2022-12-29,4.0,0.012574776679091649,False,True
2022-12-30,4.0,0.012484459338236598,False,True
2023-01-03,4.0,0.011616293589151876,False,True
2023-01-04,4.0,0.01163335824702229,False,True
2023-01-05,4.0,0.0118428757145687,False,True
2023-01-06,4.0,0.011964437104125071,False,True
2023-01-09,4.0,0.011531053930630293,False,True
2023-01-10,4.0,0.011277229792246064,False,True
2023-01-11,4.0,0.011640056194492933,False,True
2023-01-12,4.0,0.011120292989589827,False,True
2023-01-13,4.0,0.010062995637084612,False,True
2023-01-17,4.0,0.010125305825001936,False,True
2023-01-18,4.0,0.011144670006610633,False,True
2023-01-19,4.0,0.010775874600587541,False,True
2023-01-20,4.0,0.010936334691664761,False,True
2023-01-23,4.0,0.011123381694120612,False,True
2023-01-24,4.0,0.010991368948747646,False,True
2023-01-25,4.0,0.01096842811866719,False,True
2023-01-26,4.0,0.010286654386476014,False,True
2023-01-27,3.0,0.008888611244872452,False,True
2023-01-30,4.0,0.00985846599695476,False,True
2023-01-31,4.0,0.010332460643435373,False,True
2023-02-01,4.0,0.010175040286981218,False,True
2023-02-02,4.0,0.010666951193097036,False,True
2023-02-03,4.0,0.011286133472844835,False,True
2023-02-06,4.0,0.011463664412820145,False,True
2023-02-07,4.0,0.010551854290537586,False,True
2023-02-08,4.0,0.010886821295724543,False,True
2023-02-09,4.0,0.010485598047906665,False,True
2023-02-10,4.0,0.010096345975368766,False,True
2023-02-13,4.0,0.01042812411274244,False,True
2023-02-14,4.0,0.01042982494124079,False,True
2023-02-15,4.0,0.010120684830571477,False,True
2023-02-16,4.0,0.010914634298717588,False,True
2023-02-17,4.0,0.010270445886609293,False,True
2023-02-21,4.0,0.01094976618195442,False,True
2023-02-22,4.0,0.010411549365632156,False,True
2023-02-23,3.0,0.009513079592526816,False,True
2023-02-24,3.0,0.009524395287259069,False,True
2023-02-27,4.0,0.009602949639970703,False,True
2023-02-28,3.0,0.008568975950587632,False,True
2023-03-01,3.0,0.008290537222187158,False,True
2023-03-02,3.0,0.00854614692951907,False,True
2023-03-03,4.0,0.009753433970743708,False,True
2023-03-06,3.0,0.009125453049334459,False,True
2023-03-07,4.0,0.009835485253676805,False,True
2023-03-08,4.0,0.009784739577257676,False,True
2023-03-09,4.0,0.010271157525550429,False,True
2023-03-10,4.0,0.010720103962162794,False,True
2023-03-13,4.0,0.009639570589629678,False,True
2023-03-14,4.0,0.010890864812680286,False,True
2023-03-15,4.0,0.010813053214599647,False,True
2023-03-16,4.0,0.011690622194704308,False,True
2023-03-17,4.0,0.011996183698031465,False,True
2023-03-20,4.0,0.012274219868488184,False,True
2023-03-21,4.0,0.012685784881744787,False,True
2023-03-22,5.0,0.01334046191455118,False,True
2023-03-23,4.0,0.012504892899392066,False,True
2023-03-24,4.0,0.012647160323780729,False,True
2023-03-27,4.0,0.011992900877781494,False,True
2023-03-28,4.0,0.011989359977935023,False,True
2023-03-29,4.0,0.011330937045507626,False,True
2023-03-30,4.0,0.010301665839223517,False,True
2023-03-31,4.0,0.010585025435783605,False,True
2023-04-03,4.0,0.010026032703798971,False,True
2023-04-04,4.0,0.009933293553088115,False,True
2023-04-05,3.0,0.009223975453287112,False,True
2023-04-06,3.0,0.00838059266043426,False,True
2023-04-10,3.0,0.008244660513933659,False,True
2023-04-11,3.0,0.0077340452028888534,False,True
2023-04-12,2.0,0.0059586786269588314,False,True
2023-04-13,2.0,0.006578689807525304,False,True
2023-04-14,2.0,0.0067065753273158595,False,True
2023-04-17,2.0,0.0066966508814441765,False,True
2023-04-18,2.0,0.006598190762938937,False,True
2023-04-19,2.0,0.005840824471068648,False,True
2023-04-20,2.0,0.006130459364621144,False,True
2023-04-21,1.0,0.004868252239404007,False,True
2023-04-24,1.0,0.004779760702505567,False,True
2023-04-25,2.0,0.006289547386068718,False,True
2023-04-26,2.0,0.006332712278832909,False,True
2023-04-27,3.0,0.008252152116292823,False,True
2023-04-28,3.0,0.00850572854928703,False,True
2023-05-01,3.0,0.00850960469334371,False,True
2023-05-02,3.0,0.009077735065002847,False,True
2023-05-03,3.0,0.008491048706830246,False,True
2023-05-04,3.0,0.008654054054593928,False,True
2023-05-05,4.0,0.01008313339906826,False,True
2023-05-08,4.0,0.010080282377648173,False,True
2023-05-09,4.0,0.010144977659679621,False,True
2023-05-10,4.0,0.010104442589976826,False,True
2023-05-11,4.0,0.01011315863211297,False,True
2023-05-12,4.0,0.010117410662920613,False,True
2023-05-15,3.0,0.009065631833885718,False,True
2023-05-16,3.0,0.00919787354429199,False,True
2023-05-17,3.0,0.008200560169070926,False,True
2023-05-18,3.0,0.008292734628336663,False,True
2023-05-19,3.0,0.00830616851145826,False,True
2023-05-22,3.0,0.007551977687993313,False,True
2023-05-23,3.0,0.007984922270021145,False,True
2023-05-24,3.0,0.007992906449631462,False,True
2023-05-25,2.0,0.0066965572832210765,False,True
2023-05-26,3.0,0.007509902350153056,False,True
2023-05-30,3.0,0.007337878742680086,False,True
2023-05-31,3.0,0.00754931667994006,False,True
2023-06-01,3.0,0.007884016820053623,False,True
2023-06-02,3.0,0.008530091323812038,False,True
2023-06-05,3.0,0.008620800862215889,False,True
2023-06-06,3.0,0.008248002930650868,False,True
2023-06-07,3.0,0.008011478605075383,False,True
2023-06-08,3.0,0.007821316427668862,False,True
2023-06-09,3.0,0.007773830405739861,False,True
2023-06-12,3.0,0.008004428587127878,False,True
2023-06-13,2.0,0.0070191695382985295,False,True
2023-06-14,2.0,0.0063319663902074875,False,True
2023-06-15,2.0,0.006572431629266067,False,True
2023-06-16,2.0,0.00644198849297797,False,True
2023-06-20,2.0,0.006751918471011913,False,True
2023-06-21,2.0,0.006664603231315261,False,True
2023-06-22,2.0,0.0063865473381317876,False,True
2023-06-23,2.0,0.005976717561299475,False,True
2023-06-26,2.0,0.0061116017240947385,False,True
2023-06-27,2.0,0.006722146698771975,False,True
2023-06-28,2.0,0.006570955916049867,False,True
2023-06-29,2.0,0.006499257944396771,False,True
2023-06-30,2.0,0.007074118717907246,False,True
2023-07-03,2.0,0.00680088176061564,False,True
2023-07-05,2.0,0.006710791197063878,False,True
2023-07-06,3.0,0.007150439409944761,False,True
2023-07-07,2.0,0.006381252448801021,False,True
2023-07-10,2.0,0.006350393861990578,False,True
2023-07-11,2.0,0.0064301825576649225,False,True
2023-07-12,2.0,0.00639877549869909,False,True
2023-07-13,2.0,0.006632181337699871,False,True
2023-07-14,2.0,0.006096313355005753,False,True
2023-07-17,2.0,0.005754249893825237,False,True
2023-07-18,2.0,0.005382272373995142,False,True
2023-07-19,1.0,0.005307399077822179,False,True
2023-07-20,2.0,0.005890388610302624,False,True
2023-07-21,1.0,0.005151294247697764,False,True
2023-07-24,1.0,0.0051992432778945885,False,True
2023-07-25,1.0,0.00510494579602373,False,True
2023-07-26,1.0,0.004308998642602587,False,True
2023-07-27,1.0,0.004734763584170674,False,True
2023-07-28,1.0,0.0051549674053369045,False,True
2023-07-31,1.0,0.0050330665861319105,False,True
2023-08-01,1.0,0.004979365153382984,False,True
2023-08-02,2.0,0.006098672209800073,False,True
2023-08-03,2.0,0.006132970205700689,False,True
2023-08-04,2.0,0.0061730483075671085,False,True
2023-08-07,2.0,0.006374376924129631,False,True
2023-08-08,2.0,0.006384349130027811,False,True
2023-08-09,2.0,0.006404375826287725,False,True
2023-08-10,2.0,0.006403181150365418,False,True
2023-08-11,2.0,0.006233745799442948,False,True
2023-08-14,2.0,0.006432685661110904,False,True
2023-08-15,2.0,0.0069911667395560016,False,True
2023-08-16,2.0,0.007052652462970705,False,True
2023-08-17,2.0,0.006282881992710674,False,True
2023-08-18,2.0,0.006201241594704095,False,True
2023-08-21,2.0,0.0067932656225760555,False,True
2023-08-22,2.0,0.005996139077110921,False,True
2023-08-23,2.0,0.006923411745430447,False,True
2023-08-24,3.0,0.007627350831312131,False,True
2023-08-25,3.0,0.0074033981003272095,False,True
2023-08-28,3.0,0.007664253820797607,False,True
2023-08-29,3.0,0.00847467559636772,False,True
2023-08-30,3.0,0.008521077917182747,False,True
2023-08-31,3.0,0.008530830753685452,False,True
2023-09-01,3.0,0.008416049069478957,False,True
2023-09-05,3.0,0.0078123009715956,False,True
2023-09-06,3.0,0.0077643606793235355,False,True
2023-09-07,3.0,0.0074613038360989105,False,True
2023-09-08,3.0,0.00744951121938679,False,True
2023-09-11,3.0,0.007440939993813541,False,True
2023-09-12,3.0,0.007607288225914851,False,True
2023-09-13,2.0,0.007070053219877987,False,True
2023-09-14,2.0,0.006077507507054241,False,True
2023-09-15,2.0,0.007004684751678109,False,True
2023-09-18,2.0,0.006822713542562276,False,True
2023-09-19,2.0,0.005501633384893867,False,True
2023-09-20,2.0,0.005768769694772854,False,True
2023-09-21,2.0,0.006981653283706736,False,True
2023-09-22,2.0,0.006855600417509678,False,True
2023-09-25,3.0,0.007107076936658002,False,True
2023-09-26,3.0,0.007761747890570483,False,True
2023-09-27,3.0,0.007813539283607342,False,True
2023-09-28,3.0,0.008088402306278733,False,True
2023-09-29,3.0,0.007636689042287751,False,True
2023-10-02,3.0,0.007649717918981814,False,True
2023-10-03,3.0,0.008081480296995326,True,True
2023-10-04,3.0,0.008044651031073035,False,True
2023-10-05,3.0,0.007700038886609397,False,True
2023-10-06,3.0,0.008633751174044657,False,True
2023-10-09,3.0,0.008938743532773028,False,True
2023-10-10,3.0,0.008826862594565428,False,True
2023-10-11,3.0,0.007629113082730341,False,True
2023-10-12,3.0,0.007823108934674049,False,True
2023-10-13,3.0,0.007882665293921983,False,True
2023-10-16,3.0,0.007128229510157476,False,True
2023-10-17,3.0,0.007133799864602826,False,True
2023-10-18,3.0,0.008064211799244648,False,True
2023-10-19,3.0,0.008371578812462607,False,True
2023-10-20,3.0,0.009011144343725077,False,True
2023-10-23,3.0,0.008239569459384652,False,True
2023-10-24,3.0,0.008177581350292363,False,True
2023-10-25,3.0,0.0090163928778443,False,True
2023-10-26,3.0,0.008608900652920807,False,True
2023-10-27,3.0,0.008199639409186834,True,True
2023-10-30,3.0,0.008927524467979935,False,True
2023-10-31,3.0,0.009085076981190966,False,True
2023-11-01,4.0,0.00970759879075224,False,True
2023-11-02,4.0,0.011083008687684514,False,True
2023-11-03,4.0,0.010998928642241588,False,True
2023-11-06,4.0,0.011011995472545312,False,True
2023-11-07,4.0,0.010330310910132588,False,True
2023-11-08,4.0,0.00995872955100758,False,True
2023-11-09,4.0,0.00951745623519193,False,True
2023-11-10,4.0,0.010088786387291547,False,True
2023-11-13,4.0,0.010075880873461035,False,True
2023-11-14,4.0,0.009641866583913557,False,True
2023-11-15,3.0,0.008408391161453551,False,True
2023-11-16,3.0,0.007952704204030457,False,True
2023-11-17,3.0,0.00789970279185443,False,True
2023-11-20,3.0,0.007909958111470976,False,True
2023-11-21,3.0,0.008044927789769637,False,True
2023-11-22,2.0,0.00699757621382201,False,True
2023-11-24,2.0,0.006857596703898045,False,True
2023-11-27,2.0,0.006989018696840303,False,True
2023-11-28,2.0,0.007009044293468457,False,True
2023-11-29,2.0,0.007067143561349095,False,True
2023-11-30,2.0,0.006347147978270697,False,True
2023-12-01,2.0,0.0054021411486282625,False,True
2023-12-04,2.0,0.005769194829886394,False,True
2023-12-05,1.0,0.0033615531760361507,False,True
2023-12-06,1.0,0.003615352136743946,False,True
2023-12-07,1.0,0.004098302754894615,False,True
2023-12-08,1.0,0.004169770051144366,False,True
2023-12-11,1.0,0.003883548867398706,False,True
2023-12-12,1.0,0.0038674585009326745,False,True
2023-12-13,1.0,0.004993715250051295,False,True
2023-12-14,1.0,0.004969264029944003,False,True
2023-12-15,1.0,0.004864861761291374,False,True
2023-12-18,1.0,0.004866059328571543,False,True
2023-12-19,1.0,0.004796235649977022,False,True
2023-12-20,2.0,0.006810690639921935,False,True
2023-12-21,3.0,0.007096532105643414,False,True
2023-12-22,2.0,0.006745340099394503,False,True
2023-12-26,2.0,0.0066807305106188625,False,True
2023-12-27,2.0,0.006390962684755314,False,True
2023-12-28,2.0,0.006311487155808401,False,True
2023-12-29,2.0,0.006489444766898776,False,True
2024-01-02,2.0,0.006828457738906262,False,True
2024-01-03,3.0,0.007258392026297497,False,True
2024-01-04,2.0,0.006348670272916055,False,True
2024-01-05,2.0,0.0063233683426915845,False,True
2024-01-08,3.0,0.007398542872119792,False,True
2024-01-09,3.0,0.007331798593819754,False,True
2024-01-10,3.0,0.007320254304157217,False,True
2024-01-11,2.0,0.005933076515397596,False,True
2024-01-12,1.0,0.005335991544808351,False,True
2024-01-16,2.0,0.0054440449854307425,False,True
2024-01-17,2.0,0.005516437886122427,False,True
2024-01-18,2.0,0.00604089895852715,False,True
2024-01-19,2.0,0.006873623904227536,False,True
2024-01-22,2.0,0.0067980717832654206,False,True
2024-01-23,2.0,0.006511629163509526,False,True
2024-01-24,2.0,0.005879566091503968,False,True
2024-01-25,2.0,0.005665856852316748,False,True
2024-01-26,2.0,0.005745612087131891,False,True
2024-01-29,1.0,0.00499104574433092,False,True
2024-01-30,1.0,0.004943520639139857,False,True
2024-01-31,2.0,0.0069283338024738305,False,True
2024-02-01,3.0,0.0075516064494144455,False,True
2024-02-02,3.0,0.007893861074538013,False,True
2024-02-05,3.0,0.007861565813877789,False,True
2024-02-06,3.0,0.007499865348522691,False,True
2024-02-07,3.0,0.007469196686327155,False,True
2024-02-08,2.0,0.007011576755630554,False,True
2024-02-09,2.0,0.007070904295991843,False,True
2024-02-12,3.0,0.007130655352199886,False,True
2024-02-13,3.0,0.008325092492174033,False,True
2024-02-14,3.0,0.00855974127658996,False,True
2024-02-15,3.0,0.008606524159201785,False,True
2024-02-16,3.0,0.00862864415971335,False,True
2024-02-20,3.0,0.008831000602944929,False,True
2024-02-21,3.0,0.0073609481412512156,False,True
2024-02-22,3.0,0.008541364211436937,False,True
2024-02-23,3.0,0.008233110672087214,False,True
2024-02-26,3.0,0.008263017845950888,False,True
2024-02-27,3.0,0.008261784747960332,False,True
2024-02-28,3.0,0.008088970052647752,False,True
2024-02-29,3.0,0.008162263501586222,False,True
2024-03-01,3.0,0.008275527045525576,False,True
2024-03-04,3.0,0.008281471396133984,False,True
2024-03-05,3.0,0.007821393728487606,False,True
2024-03-06,3.0,0.007570290335828019,False,True
2024-03-07,3.0,0.007854026500156985,False,True
2024-03-08,3.0,0.007978947659134778,False,True
2024-03-11,3.0,0.00771891912078306,False,True
2024-03-12,3.0,0.008087345891697021,False,True
2024-03-13,2.0,0.006226975345735463,False,True
2024-03-14,2.0,0.00631550699023344,False,True
2024-03-15,2.0,0.0065077545564528735,False,True
2024-03-18,2.0,0.006677674675537347,False,True
2024-03-19,2.0,0.006738832365559416,False,True
2024-03-20,2.0,0.006959892191874684,False,True
2024-03-21,2.0,0.006747069263727552,False,True
2024-03-22,2.0,0.006753574585651507,False,True
2024-03-25,2.0,0.006033221122760997,False,True
2024-03-26,2.0,0.006082642369732374,False,True
2024-03-27,2.0,0.005910122793766158,False,True
2024-03-28,2.0,0.005470541796800172,False,True
2024-04-01,2.0,0.00551226059806049,False,True
2024-04-02,1.0,0.0052869084149860055,False,True
2024-04-03,1.0,0.0052452214993567526,False,True
2024-04-04,2.0,0.006257656224534968,False,True
2024-04-05,2.0,0.006611207782761168,False,True
2024-04-08,2.0,0.006454661627979203,False,True
2024-04-09,2.0,0.00630529829360625,False,True
2024-04-10,2.0,0.006326428307971958,False,True
2024-04-11,2.0,0.006627439340319241,False,True
2024-04-12,3.0,0.00762546980216569,False,True
2024-04-15,3.0,0.008130626983757338,False,True
2024-04-16,3.0,0.00812862047921871,False,True
2024-04-17,3.0,0.00755960116533093,False,True
2024-04-18,3.0,0.007466988776779838,False,True
2024-04-19,3.0,0.007590233304321948,False,True
2024-04-22,3.0,0.008213802808256277,False,True
2024-04-23,3.0,0.00906379449955715,False,True
2024-04-24,3.0,0.008557736284738495,False,True
2024-04-25,3.0,0.007848551015818684,False,True
2024-04-26,3.0,0.00851094919256368,False,True
2024-04-29,3.0,0.008568069019934083,False,True
2024-04-30,3.0,0.00918234552994456,False,True
2024-05-01,3.0,0.00879897778770405,False,True
2024-05-02,3.0,0.008566109222649014,False,True
2024-05-03,3.0,0.00859801740690473,False,True
2024-05-06,3.0,0.008895387665108447,False,True
2024-05-07,3.0,0.00862656335437681,False,True
2024-05-08,3.0,0.008557423471487082,False,True
2024-05-09,3.0,0.007932387827018094,False,True
2024-05-10,3.0,0.007797468033318343,False,True
2024-05-13,3.0,0.007392065914682871,False,True
2024-05-14,3.0,0.0074045615800758914,False,True
2024-05-15,3.0,0.007492887703457136,False,True
2024-05-16,3.0,0.007380126677867711,False,True
2024-05-17,3.0,0.007389932959338557,False,True
2024-05-20,1.0,0.005212686388189032,False,True
2024-05-21,1.0,0.004807098861439688,False,True
2024-05-22,1.0,0.004914973281575274,False,True
2024-05-23,1.0,0.0049459156184186075,False,True
2024-05-24,1.0,0.004583045031849386,False,True
2024-05-28,1.0,0.004598705263757878,False,True
2024-05-29,1.0,0.00518510358274026,False,True
2024-05-30,2.0,0.005369935291831799,False,True
2024-05-31,2.0,0.005747878794242584,False,True
2024-06-03,2.0,0.0057413861268731745,False,True
2024-06-04,2.0,0.0056316680079964605,False,True
2024-06-05,2.0,0.005651377063488801,False,True
2024-06-06,2.0,0.00560441140317502,False,True
2024-06-07,2.0,0.0056245201034376205,False,True
2024-06-10,2.0,0.005649483166690932,False,True
2024-06-11,2.0,0.005654832942086746,False,True
2024-06-12,2.0,0.005916358196319224,False,True
2024-06-13,1.0,0.005329509200812845,False,True
2024-06-14,1.0,0.005185020814125163,False,True
2024-06-17,2.0,0.005398668342766804,False,True
2024-06-18,1.0,0.004637713513909735,False,True
2024-06-20,1.0,0.004196854879649167,False,True
2024-06-21,1.0,0.004128626777158831,False,True
2024-06-24,1.0,0.004379604306903667,False,True
2024-06-25,1.0,0.004398195524165481,False,True
2024-06-26,1.0,0.0034642399116599915,False,True
2024-06-27,1.0,0.003431654166938192,False,True
2024-06-28,1.0,0.003701903279537493,False,True
2024-07-01,1.0,0.0037041033232652954,False,True
2024-07-02,1.0,0.003901357235152868,False,True
2024-07-03,1.0,0.003540765086921174,False,True
2024-07-05,1.0,0.0036898015746924242,False,True
2024-07-08,1.0,0.003646263078093009,False,True
2024-07-09,1.0,0.0032460787883346796,False,True
2024-07-10,1.0,0.004010882393358885,False,True
2024-07-11,1.0,0.004812378423428764,False,True
2024-07-12,1.0,0.00484367908312019,False,True
2024-07-15,1.0,0.004625631564046135,False,True
2024-07-16,1.0,0.004733894096818186,False,True
2024-07-17,2.0,0.006488998918911643,False,True
2024-07-18,2.0,0.006948268801749409,False,True
2024-07-19,3.0,0.00716006866926647,False,True
2024-07-22,3.0,0.007648802706701041,False,True
2024-07-23,3.0,0.0075368266065638165,False,True
2024-07-24,4.0,0.009757347804619744,False,True
2024-07-25,4.0,0.0095932437380212,False,True
2024-07-26,4.0,0.010204340817936478,False,True
2024-07-29,4.0,0.010205563594871207,False,True
2024-07-30,4.0,0.009666784621140753,False,True
2024-07-31,4.0,0.010615097583358784,False,True
2024-08-01,4.0,0.010979777794848456,False,True
2024-08-02,4.0,0.011693865838644651,False,True
2024-08-05,5.0,0.013282608648994377,False,True
2024-08-06,5.0,0.013780772547233665,False,True
2024-08-07,5.0,0.013779294727246733,False,True
2024-08-08,5.0,0.015558283910998208,False,True
2024-08-09,5.0,0.015243854454672247,False,True
2024-08-12,5.0,0.015260577791866833,False,True
2024-08-13,5.0,0.014846393199354173,False,True
2024-08-14,5.0,0.014795812538668388,False,True
2024-08-15,5.0,0.01511826274387421,False,True
2024-08-16,5.0,0.015119853737301138,False,True
2024-08-19,5.0,0.015168371003079406,False,True
2024-08-20,5.0,0.014690773198139339,False,True
2024-08-21,5.0,0.014075614235523216,False,True
2024-08-22,5.0,0.013191687324194014,False,True
2024-08-23,3.0,0.009183306291074042,False,True
2024-08-26,4.0,0.009391744046214163,False,True
2024-08-27,3.0,0.00872580831947653,False,True
2024-08-28,3.0,0.007703882164899639,False,True
2024-08-29,3.0,0.007755086869020346,False,True
2024-08-30,3.0,0.007897409506175741,False,True
2024-09-03,4.0,0.009551826762700928,False,True
2024-09-04,4.0,0.009548837102271262,False,True
2024-09-05,3.0,0.008524190754881337,False,True
2024-09-06,4.0,0.009595430640321537,False,True
2024-09-09,4.0,0.00977687533666199,False,True
2024-09-10,4.0,0.009916779465418798,False,True
2024-09-11,4.0,0.010328751895666982,False,True
2024-09-12,4.0,0.010268949975777776,False,True
2024-09-13,4.0,0.009887302088695106,False,True
2024-09-16,4.0,0.009852892850606764,False,True
2024-09-17,4.0,0.009844894225664178,False,True
2024-09-18,4.0,0.009731391139279568,False,True
2024-09-19,4.0,0.01068046646444749,False,True
2024-09-20,4.0,0.010423573852704733,False,True
2024-09-23,3.0,0.008267537379508982,False,True
2024-09-24,3.0,0.008186661489947223,False,True
2024-09-25,3.0,0.008129951128833784,False,True
2024-09-26,2.0,0.0056844472708172875,False,True
2024-09-27,2.0,0.005460835642054936,False,True
2024-09-30,2.0,0.005457693441884104,False,True
2024-10-01,2.0,0.006008342791346502,False,True
2024-10-02,2.0,0.005807635677701319,False,True
2024-10-03,2.0,0.00574449280184482,False,True
2024-10-04,2.0,0.006130905312280026,False,True
2024-10-07,2.0,0.006814373099986941,False,True
2024-10-08,3.0,0.007112207035308159,False,True
2024-10-09,2.0,0.005884740649469369,False,True
2024-10-10,2.0,0.0058897712561172925,False,True
2024-10-11,2.0,0.006028949052172977,False,True
2024-10-14,2.0,0.006269133764177526,False,True
2024-10-15,2.0,0.00668803676633763,False,True
2024-10-16,2.0,0.00671128374724357,False,True
2024-10-17,2.0,0.00668705874772266,False,True
2024-10-18,2.0,0.006678459692959087,False,True
2024-10-21,2.0,0.006028064393985849,False,True
2024-10-22,2.0,0.006043235555695201,False,True
2024-10-23,2.0,0.006676972141408862,False,True
2024-10-24,2.0,0.006309707088669193,False,True
2024-10-25,2.0,0.005582176546880665,False,True
2024-10-28,1.0,0.00507719476620605,False,True
2024-10-29,1.0,0.00476456265307823,False,True
2024-10-30,1.0,0.004826829212196082,False,True
2024-10-31,2.0,0.006771513132592902,False,True
2024-11-01,2.0,0.006463691554479678,False,True
2024-11-04,2.0,0.006242746375618653,False,True
2024-11-05,2.0,0.007063151952945487,False,True
2024-11-06,4.0,0.009861749622895181,False,True
2024-11-07,4.0,0.009981715364870278,False,True
2024-11-08,4.0,0.009958277839094296,False,True
2024-11-11,4.0,0.00994140947070854,False,True
2024-11-12,4.0,0.009535896684317532,False,True
2024-11-13,4.0,0.009551400032263777,False,True
2024-11-14,4.0,0.009785637454090234,False,True
2024-11-15,4.0,0.010564831277175356,False,True
2024-11-18,4.0,0.010599967490959959,False,True
2024-11-19,4.0,0.010564402156569183,False,True
2024-11-20,3.0,0.00888040991571679,False,True
2024-11-21,3.0,0.008902535127665395,False,True
2024-11-22,3.0,0.008760810433825485,False,True
2024-11-25,3.0,0.008365849435047656,False,True
2024-11-26,2.0,0.0054598963230410415,False,True
2024-11-27,1.0,0.005284706318611005,False,True
2024-11-29,2.0,0.005398765076365334,False,True
2024-12-02,2.0,0.0054243081245153695,False,True
2024-12-03,1.0,0.005334036766677622,False,True
2024-12-04,2.0,0.005510423398779014,False,True
2024-12-05,1.0,0.005189647824828118,False,True
2024-12-06,1.0,0.002969611266363688,False,True
2024-12-09,1.0,0.0037513920485796977,False,True
2024-12-10,1.0,0.003913055744524972,False,True
2024-12-11,1.0,0.004275424793528801,False,True
2024-12-12,1.0,0.004584697699711366,False,True
2024-12-13,1.0,0.004548171109076528,False,True
2024-12-16,1.0,0.004579632507377349,False,True
2024-12-17,1.0,0.00454213711472479,False,True
2024-12-18,3.0,0.009277976490356579,False,True
2024-12-19,3.0,0.009054855246934787,False,True
2024-12-20,4.0,0.009627548149261585,False,True
2024-12-23,4.0,0.009895846224175915,False,True
2024-12-24,4.0,0.010244837608529398,False,True
2024-12-26,4.0,0.010237749932860035,False,True
2024-12-27,4.0,0.01057812484992925,False,True
2024-12-30,4.0,0.010805730434376725,False,True
2024-12-31,4.0,0.010823089397591823,False,True
2025-01-02,4.0,0.010436217575671442,False,True
2025-01-03,4.0,0.011137648215655927,False,True
2025-01-06,4.0,0.011284075864236104,False,True
2025-01-07,4.0,0.011511557942466106,False,True
2025-01-08,4.0,0.011533950279418592,False,True
2025-01-10,3.0,0.009220161526790789,False,True
2025-01-13,3.0,0.009236799965300394,False,True
2025-01-14,3.0,0.008680804006194372,False,True
2025-01-15,4.0,0.009887825735833623,False,True
2025-01-16,3.0,0.009343970785203552,False,True
2025-01-17,4.0,0.009811288660041542,False,True
2025-01-21,4.0,0.009588319470291448,False,True
2025-01-22,3.0,0.00905128654855449,False,True
2025-01-23,3.0,0.008888611164629462,False,True
2025-01-24,3.0,0.00891782482079417,False,True
2025-01-27,4.0,0.009572280081010562,False,True
2025-01-28,4.0,0.009757895688276431,False,True
2025-01-29,3.0,0.009273408768448125,False,True
2025-01-30,3.0,0.009326094994420314,False,True
2025-01-31,3.0,0.008176229466921928,False,True
2025-02-03,3.0,0.008621113714437096,False,True
2025-02-04,3.0,0.008730808709334553,False,True
2025-02-05,3.0,0.007489255827583169,False,True
2025-02-06,3.0,0.007443557477385228,False,True
2025-02-07,3.0,0.007608055261169393,False,True
2025-02-10,3.0,0.007453144533420259,False,True
2025-02-11,3.0,0.0072577325544727015,False,True
2025-02-12,3.0,0.007104454610665712,False,True
2025-02-13,3.0,0.0076650450521498666,False,True
2025-02-14,2.0,0.006373425256590503,False,True
2025-02-18,2.0,0.005966813915955236,False,True
2025-02-19,2.0,0.005769116841091511,False,True
2025-02-20,2.0,0.0058235867117780995,False,True
2025-02-21,3.0,0.007411902981239799,False,True
2025-02-24,3.0,0.007242365279922346,False,True
2025-02-25,2.0,0.007009580620567866,False,True
2025-02-26,2.0,0.006878735303737566,False,True
2025-02-27,3.0,0.007750446986778199,False,True
2025-02-28,3.0,0.00888571119951614,False,True
2025-03-03,4.0,0.009657598278670836,False,True
2025-03-04,4.0,0.009948939969612401,False,True
2025-03-05,4.0,0.010690220874719296,False,True
2025-03-06,4.0,0.01074650644066704,False,True
2025-03-07,4.0,0.01102464868961972,False,True
2025-03-10,4.0,0.012439684567944675,True,True
2025-03-11,4.0,0.012189707076618447,False,True
2025-03-12,4.0,0.012585688395897337,False,True
2025-03-13,4.0,0.01239928576596724,True,True
2025-03-14,5.0,0.01437240646768934,False,True
2025-03-17,5.0,0.0146480436290075,False,True
2025-03-18,5.0,0.014730881304870476,False,True
2025-03-19,5.0,0.014819396999837392,False,True
2025-03-20,5.0,0.01388622262588053,False,True
2025-03-21,5.0,0.01330373032162219,False,True
2025-03-24,5.0,0.013940907084588304,False,True
2025-03-25,5.0,0.01357849854993292,False,True
2025-03-26,5.0,0.013030137452704722,False,True
2025-03-27,5.0,0.012939254454400024,False,True
2025-03-28,4.0,0.011885714768487456,False,True
2025-03-31,4.0,0.011793974166372255,False,True
2025-04-01,4.0,0.011766257182357097,False,True
2025-04-02,4.0,0.0110964618452848,False,True
2025-04-03,5.0,0.01648234280345137,False,True
2025-04-04,5.0,0.02241089631141832,True,True
2025-04-07,5.0,0.022444641893866874,False,True
2025-04-08,5.0,0.02190979724617319,False,True
2025-04-09,5.0,0.03465122958684008,False,True
2025-04-10,5.0,0.035696811401184005,False,True
2025-04-11,5.0,0.035718447915489795,False,True
2025-04-14,5.0,0.03585074203611975,False,True
2025-04-15,5.0,0.03580843826141587,False,True
2025-04-16,5.0,0.03614924147483983,False,True
2025-04-17,5.0,0.03593952157401899,False,True
2025-04-21,5.0,0.03620206375985941,False,True
2025-04-22,5.0,0.03706592732922778,False,True
2025-04-23,5.0,0.03738612826306806,False,True
2025-04-24,5.0,0.035406564358276674,False,True
2025-04-25,5.0,0.030452982696517344,False,True
2025-04-28,5.0,0.030400060261615177,False,True
2025-04-29,5.0,0.029731705771630583,False,True
2025-04-30,5.0,0.017678644343081328,False,True
2025-05-01,5.0,0.014191682888563442,False,True
2025-05-02,5.0,0.013975098241370746,False,True
2025-05-05,5.0,0.014202862887278112,False,True
2025-05-06,5.0,0.014449719942045965,False,True
2025-05-07,4.0,0.012465337255374695,False,True
2025-05-08,4.0,0.01243053300424242,False,True
2025-05-09,4.0,0.009494400323848233,False,True
2025-05-12,4.0,0.010682103658115349,False,True
2025-05-13,4.0,0.010337716531691967,False,True
2025-05-14,4.0,0.009643428701711643,False,True
2025-05-15,4.0,0.009624717608640702,False,True
2025-05-16,4.0,0.009558187665340794,False,True
2025-05-19,4.0,0.009630598071837733,False,True
2025-05-20,4.0,0.009884761518217166,False,True
2025-05-21,4.0,0.011323962679016414,False,True
2025-05-22,4.0,0.010840455879102937,False,True
2025-05-23,4.0,0.010860225422448565,False,True
2025-05-27,4.0,0.011507545369455464,False,True
2025-05-28,4.0,0.011780937648893725,False,True
2025-05-29,4.0,0.01176039938389669,False,True
2025-05-30,4.0,0.011746026547291193,False,True
2025-06-02,3.0,0.00832869149149987,False,True
2025-06-03,3.0,0.008256078641611143,False,True
2025-06-04,3.0,0.00825985982465482,False,True
2025-06-05,3.0,0.008363513022794703,False,True
2025-06-06,3.0,0.008605492489758768,False,True
2025-06-09,3.0,0.008605646957401394,False,True
2025-06-10,3.0,0.008601578823939901,False,True
2025-06-11,3.0,0.00712530292626179,False,True
2025-06-12,3.0,0.007097396134353104,False,True
2025-06-13,3.0,0.007644493202171468,False,True
2025-06-16,2.0,0.006041517060031526,False,True
2025-06-17,2.0,0.0063278401283480236,False,True
2025-06-18,2.0,0.006282187513588279,False,True
2025-06-20,2.0,0.00633037546933468,False,True
2025-06-23,2.0,0.006714437651931136,False,True
2025-06-24,3.0,0.0071346021772557035,False,True
2025-06-25,3.0,0.007135767809563701,False,True
2025-06-26,2.0,0.007054708241201096,False,True
2025-06-27,2.0,0.006746164678400542,False,True
2025-06-30,2.0,0.006787403534492085,False,True
2025-07-01,2.0,0.006781390438283103,False,True
2025-07-02,2.0,0.006684568287025419,False,True
2025-07-03,2.0,0.006863318290333603,False,True
2025-07-07,2.0,0.006360515183836006,False,True
2025-07-08,2.0,0.006148288018486941,False,True
2025-07-09,2.0,0.005392322261905337,False,True
2025-07-10,1.0,0.005297203938183831,False,True
2025-07-11,2.0,0.005397160716027043,False,True
2025-07-14,1.0,0.005115087539746423,False,True
2025-07-15,1.0,0.004822949540729005,False,True
2025-07-16,1.0,0.0048088365524922684,False,True
2025-07-17,1.0,0.004603267730762653,False,True
2025-07-18,1.0,0.0045183316456867606,False,True
2025-07-21,1.0,0.004389259220183973,False,True
2025-07-22,1.0,0.0043443018298447615,False,True
2025-07-23,1.0,0.004599810758397155,False,True
2025-07-24,1.0,0.004161676490576137,False,True
2025-07-25,1.0,0.0033514711555082156,False,True
2025-07-28,1.0,0.003308194532738712,False,True
2025-07-29,1.0,0.0033078605417108903,False,True
2025-07-30,1.0,0.003338174041447961,False,True
2025-07-31,1.0,0.0033785336297671303,False,True
2025-08-01,2.0,0.005656996418492771,False,True
2025-08-04,2.0,0.0068084390850852786,False,True
2025-08-05,2.0,0.006946512059558205,False,True
2025-08-06,2.0,0.007067992745936216,False,True
2025-08-07,2.0,0.007075362588030789,False,True
2025-08-08,3.0,0.007338388624092802,False,True
2025-08-11,3.0,0.007396379285317496,False,True
2025-08-12,3.0,0.007706126851406388,False,True
2025-08-13,3.0,0.007728850488078222,False,True
2025-08-14,3.0,0.0076880478628380804,False,True
2025-08-15,3.0,0.0077536803690735874,False,True
2025-08-18,3.0,0.007688002942904796,False,True
2025-08-19,3.0,0.007883130107268078,False,True
2025-08-20,3.0,0.007837805221591936,False,True
2025-08-21,2.0,0.006379119075072956,False,True
2025-08-22,2.0,0.006449929987234599,False,True
2025-08-25,2.0,0.00640639315982351,False,True
2025-08-26,2.0,0.006245365150710267,False,True
2025-08-27,2.0,0.006219152228363138,False,True
2025-08-28,2.0,0.005983367953463195,False,True
2025-08-29,2.0,0.006257150859738827,False,True
2025-09-02,2.0,0.0058273162703315695,False,True
2025-09-03,2.0,0.005935100097929207,False,True
2025-09-04,2.0,0.006358457767093605,False,True
2025-09-05,2.0,0.006369491491638477,False,True
2025-09-08,2.0,0.006384716949847701,False,True
2025-09-09,2.0,0.00613127132356418,False,True
2025-09-10,2.0,0.006060206650600739,False,True
2025-09-11,2.0,0.006102464217622317,False,True
2025-09-12,1.0,0.00491806627466122,False,True
2025-09-15,1.0,0.004718233676744678,False,True
2025-09-16,1.0,0.004745863731549578,False,True
2025-09-17,1.0,0.004784372327425826,False,True
2025-09-18,1.0,0.00485206191785963,False,True
2025-09-19,1.0,0.004363615513703848,False,True
2025-09-22,1.0,0.003497592680474206,False,True
2025-09-23,1.0,0.00411256166612682,False,True
2025-09-24,1.0,0.003930106945249698,False,True
2025-09-25,1.0,0.004124855291708193,False,True
2025-09-26,1.0,0.004298447313943862,False,True
2025-09-29,1.0,0.004297466021777764,False,True
2025-09-30,1.0,0.004334437728208945,False,True
2025-10-01,1.0,0.003918576651351044,False,True
2025-10-02,1.0,0.003890358637535145,False,True
2025-10-03,1.0,0.0037847339804247776,False,True
2025-10-06,1.0,0.0037769599884918273,False,True
2025-10-07,1.0,0.003987017179055445,False,True
2025-10-08,1.0,0.004066578250965133,False,True
2025-10-09,1.0,0.004062219837953059,False,True
2025-10-10,3.0,0.008440363703491527,False,True
2025-10-13,4.0,0.00947762623838459,False,True
2025-10-14,4.0,0.009454333508261805,False,True
2025-10-15,4.0,0.009388432825466373,False,True
2025-10-16,4.0,0.009437588778892616,False,True
2025-10-17,4.0,0.009522954038270966,False,True
2025-10-20,4.0,0.009889824887683248,False,True
2025-10-21,4.0,0.009854811638055494,False,True
2025-10-22,4.0,0.009966492886209816,False,True
2025-10-23,4.0,0.010094378900400302,False,True
2025-10-24,4.0,0.010265885077433541,False,True
2025-10-27,4.0,0.010629816302203842,False,True
2025-10-28,4.0,0.010566205271048821,False,True
2025-10-29,4.0,0.01050802298344243,False,True
2025-10-30,3.0,0.007337645883864905,False,True
2025-10-31,2.0,0.006382254591075141,False,True
2025-11-03,2.0,0.006302412675157428,False,True
2025-11-04,3.0,0.007292218218131095,False,True
2025-11-05,2.0,0.006996483076000427,False,True
2025-11-06,3.0,0.007717919652880156,False,True
2025-11-07,3.0,0.00716966064579572,False,True
2025-11-10,3.0,0.008261475096119806,False,True
2025-11-11,3.0,0.008056598558297483,False,True
2025-11-12,3.0,0.00796443559703148,False,True
2025-11-13,3.0,0.009014468780614899,False,True
2025-11-14,3.0,0.00823371566644919,False,True
2025-11-17,3.0,0.008400403449924394,False,True
2025-11-18,3.0,0.008518236179202622,False,True
2025-11-19,3.0,0.008430862756209658,False,True
2025-11-20,3.0,0.009070004346173307,False,True
2025-11-21,4.0,0.009644742683891556,False,True
2025-11-24,4.0,0.010364094824993756,False,True
2025-11-25,4.0,0.010633655631115827,False,True
2025-11-26,4.0,0.010299852653888117,False,True
2025-11-28,4.0,0.010366082232699978,False,True
2025-12-01,4.0,0.009662170592577285,False,True
2025-12-02,4.0,0.00966962202828192,False,True
2025-12-03,4.0,0.009704991703075089,False,True
2025-12-04,3.0,0.008434057744983387,False,True
2025-12-05,3.0,0.008420096409993496,False,True
2025-12-08,3.0,0.007992163475292807,False,True
2025-12-09,3.0,0.007499724456984478,False,True
2025-12-10,3.0,0.007583647453807502,False,True
2025-12-11,2.0,0.005487705017785555,False,True
2025-12-12,2.0,0.006437554281859359,False,True
2025-12-15,1.0,0.005306858198378195,False,True
2025-12-16,1.0,0.004867404890652843,False,True
2025-12-17,2.0,0.005445073692394889,False,True
2025-12-18,2.0,0.0057098705232961336,False,True
2025-12-19,2.0,0.0060776627970748716,False,True
2025-12-22,2.0,0.00627816136667536,False,True
2025-12-23,2.0,0.006339022090622288,False,True
2025-12-24,2.0,0.006376454783562759,False,True
2025-12-26,2.0,0.0063732431597463635,False,True
2025-12-29,2.0,0.006373979035782526,False,True
2025-12-30,2.0,0.00638437142260383,False,True
2025-12-31,2.0,0.006452794840749653,False,True
2026-01-02,2.0,0.0064474764141902305,False,True
2026-01-05,2.0,0.00594769831738929,False,True
2026-01-06,2.0,0.006070674642595279,False,True
2026-01-07,2.0,0.006126919207733478,False,True
2026-01-08,1.0,0.004904729075017313,False,True
2026-01-09,1.0,0.004786647878280987,False,True
2026-01-12,1.0,0.004369852711139265,False,True
2026-01-13,1.0,0.004211162967590079,False,True
2026-01-14,1.0,0.004375993363020339,False,True
2026-01-15,1.0,0.0043450080066926985,False,True
2026-01-16,1.0,0.00434853361338411,False,True
2026-01-20,3.0,0.00707165537825309,False,True
2026-01-21,3.0,0.007836545962067813,False,True
2026-01-22,3.0,0.007683414418743592,False,True
2026-01-23,3.0,0.007676178100908858,False,True
2026-01-26,3.0,0.007607105755137772,False,True
2026-01-27,3.0,0.007506360882339172,False,True
2026-01-28,3.0,0.007429066205286144,False,True
2026-01-29,3.0,0.0074453110750825465,False,True
2026-01-30,3.0,0.0073369437166027444,False,True
2026-02-02,3.0,0.0074798226604487865,False,True
2026-02-03,3.0,0.007803605613149634,False,True
2026-02-04,3.0,0.0077913046302835074,False,True
2026-02-05,3.0,0.008343908347634309,False,True
2026-02-06,4.0,0.010066199615488445,False,True
2026-02-09,3.0,0.008144315261295262,False,True
2026-02-10,3.0,0.0077286208705655635,False,True
2026-02-11,3.0,0.007605383461198397,False,True
2026-02-12,3.0,0.00873455902051099,False,True
2026-02-13,3.0,0.008584126641497438,False,True
2026-02-17,3.0,0.008478698561481536,False,True
2026-02-18,3.0,0.008677325517957687,False,True
2026-02-19,3.0,0.008691011251982905,False,True
2026-02-20,3.0,0.008888280947614827,False,True
2026-02-23,3.0,0.00911296906919434,False,True
2026-02-24,3.0,0.009174065651104233,False,True
2026-02-25,3.0,0.009319444238513898,False,True
2026-02-26,3.0,0.008742146254642735,False,True
2026-02-27,2.0,0.007050911642566785,False,True
2026-03-02,2.0,0.006897676489293424,False,True
2026-03-03,3.0,0.0072550500416578055,False,True
2026-03-04,3.0,0.007645258329816755,False,True
2026-03-05,2.0,0.0065074157273200305,False,True
2026-03-06,3.0,0.007413981223502102,False,True
2026-03-09,3.0,0.007809294893983107,False,True
2026-03-10,3.0,0.0076194933100366255,False,True
2026-03-11,3.0,0.007602228107003044,False,True
2026-03-12,3.0,0.008149612687517347,False,True
2026-03-13,3.0,0.007901976328472065,False,True
2026-03-16,3.0,0.00815957447928209,False,True
2026-03-17,3.0,0.007752471628350201,False,True
2026-03-18,3.0,0.008297838776658784,False,True
2026-03-19,3.0,0.008288841114679537,False,True
2026-03-20,3.0,0.008848489805890447,True,True
2026-03-23,4.0,0.009581810594281098,False,True
2026-03-24,3.0,0.009118168131777293,False,True
2026-03-25,4.0,0.00937668151315907,False,True
2026-03-26,4.0,0.00980621074346357,False,True
2026-03-27,4.0,0.009915531205024414,True,True
2026-03-30,4.0,0.009892170408317436,False,True
2026-03-31,5.0,0.013345404734796295,False,True
2026-04-01,5.0,0.013050693534685864,False,True
2026-04-02,5.0,0.012978947665072774,False,True
2026-04-06,5.0,0.012708096484327927,False,True
2026-04-07,5.0,0.012680527272188298,False,True
2026-04-08,5.0,0.013846338460577047,False,True
2026-04-09,5.0,0.013831318690286183,False,True
2026-04-10,5.0,0.012937250714673372,False,True
2026-04-13,5.0,0.012880877599410175,False,True
2026-04-14,5.0,0.012898546046982776,False,True
2026-04-15,5.0,0.012932437153239768,False,True
2026-04-16,4.0,0.011304039471425454,False,True
2026-04-17,3.0,0.00926824229726273,False,True
2026-04-20,3.0,0.009119922757108708,False,True
2026-04-21,3.0,0.007747355433723848,False,True
2026-04-22,3.0,0.00784480362063653,False,True
2026-04-23,3.0,0.008207219040810053,False,True
2026-04-24,3.0,0.008225882155565576,False,True
2026-04-27,3.0,0.008204809375668875,False,True
2026-04-28,2.0,0.006594596225021723,False,True
2026-04-29,2.0,0.006636027573220476,False,True
2026-04-30,2.0,0.006757416611840141,False,True
2026-05-01,2.0,0.006525221565601147,False,True
2026-05-04,2.0,0.006354639256077493,False,True
2026-05-05,2.0,0.006364430243421564,False,True
2026-05-06,3.0,0.007143176115081786,False,True
2026-05-07,2.0,0.006895767878567825,False,True
2026-05-08,2.0,0.006960005383660406,False,True
2026-05-11,2.0,0.0064497160761409975,False,True
2026-05-12,2.0,0.0062479022659188786,False,True
2026-05-13,2.0,0.0059850088223210845,False,True
2026-05-14,2.0,0.005966734455863973,False,True
2026-05-15,3.0,0.007297362009769364,False,True
2026-05-18,2.0,0.00706197068265248,False,True
2026-05-19,3.0,0.007457328830963021,False,True
2026-05-20,3.0,0.007504070419001321,False,True
2026-05-21,3.0,0.007501875634089822,False,True
2026-05-22,3.0,0.007295144198993406,False,True
2026-05-26,3.0,0.007199641087847776,False,True
2026-05-27,2.0,0.0063332624867226284,False,True
2026-05-28,2.0,0.006231858396018868,False,True
2026-05-29,2.0,0.005970663593754299,False,True
2026-06-01,2.0,0.0059754130600839,False,True
2026-06-02,2.0,0.005898877633821413,False,True
2026-06-03,2.0,0.006282961158938127,False,True
2026-06-04,2.0,0.00606340650175926,False,True
2026-06-05,3.0,0.00898441010904987,False,True
2026-06-08,3.0,0.009023250212053318,False,True
2026-06-09,3.0,0.008852538638268091,False,True
2026-06-10,4.0,0.009345082216800298,False,True
2026-06-11,4.0,0.010622828453083252,False,True
2026-06-12,4.0,0.010667814874285267,False,True
2026-06-15,4.0,0.011475054769214538,False,True
2026-06-16,4.0,0.01158818892693626,False,True
2026-06-17,4.0,0.011884320867090245,False,True
2026-06-18,4.0,0.012297693483575985,False,True
2026-06-22,4.0,0.012280483902750416,False,True
2026-06-23,5.0,0.012747348890588421,False,True
2026-06-24,5.0,0.012666187914038713,False,True
2026-06-25,4.0,0.01256520880347136,False,True
2026-06-26,4.0,0.010374144423725432,False,True
2026-06-29,4.0,0.010835533892754014,False,True
2026-06-30,4.0,0.010979268802126107,False,True
2026-07-01,4.0,0.009844721935413492,False,True
2026-07-02,3.0,0.008812248608590733,False,True
2026-07-06,3.0,0.008911309531926535,False,True
2026-07-07,3.0,0.007818418130365235,False,True
2026-07-08,3.0,0.007707577477881746,False,True
2026-07-09,3.0,0.007180262317505581,False,True
2026-07-10,2.0,0.0067020855369784626,False,True
2026-07-13,2.0,0.007006738960787481,False,True
2026-07-14,2.0,0.0055782915310422804,False,True
2026-07-15,2.0,0.0055475284903676505,False,True
2026-07-16,2.0,0.005850601320161829,False,True
2026-07-17,2.0,0.00664382929538408,False,True
2026-07-20,2.0,0.005916695869141948,False,True
2026-07-21,2.0,0.006015954952117187,False,True
2026-07-22,2.0,0.005996962634146512,False,True
2026-07-23,2.0,0.006841912464800154,False,True
2026-07-24,2.0,0.006467982896470714,False,True
2026-07-27,2.0,0.00640616660436852,False,True
2026-07-28,2.0,0.00642581932514796,False,True
2026-07-29,2.0,0.00702292354678158,False,True
2026-07-30,3.0,0.008492751983650739,False,True
2026-07-31,3.0,0.008531589796229571,False,True
